-0.24999,-64.856
-0.24994,-64.849
-0.24989,-64.858
-0.24984,-64.858
-0.24979,-64.851
-0.24974,-64.861
-0.24969,-64.874
-0.24964,-64.872
-0.24959,-64.865
-0.24954,-64.859
-0.24949,-64.851
-0.24944,-64.859
-0.24939,-64.861
-0.24934,-64.865
-0.24929,-64.876
-0.24924,-64.888
-0.24919,-64.893
-0.24914,-64.899
-0.24909,-64.903
-0.24904,-64.907
-0.24899,-64.914
-0.24894,-64.923
-0.24889,-64.93
-0.24884,-64.932
-0.24879,-64.929
-0.24874,-64.933
-0.24869,-64.939
-0.24864,-64.941
-0.24859,-64.943
-0.24854,-64.945
-0.24849,-64.946
-0.24844,-64.941
-0.24839,-64.942
-0.24834,-64.943
-0.24829,-64.946
-0.24824,-64.942
-0.24819,-64.941
-0.24814,-64.943
-0.24809,-64.945
-0.24804,-64.947
-0.24799,-64.949
-0.24795,-64.95
-0.2479,-64.95
-0.24785,-64.952
-0.2478,-64.956
-0.24775,-64.956
-0.2477,-64.956
-0.24765,-64.958
-0.2476,-64.962
-0.24755,-64.965
-0.2475,-64.969
-0.24745,-64.971
-0.2474,-64.973
-0.24735,-64.984
-0.2473,-64.994
-0.24725,-64.999
-0.2472,-65.004
-0.24715,-65.007
-0.2471,-65.013
-0.24705,-65.021
-0.247,-65.02
-0.24695,-65.021
-0.2469,-65.026
-0.24685,-65.03
-0.2468,-65.033
-0.24675,-65.034
-0.2467,-65.036
-0.24665,-65.043
-0.2466,-65.049
-0.24655,-65.049
-0.2465,-65.058
-0.24645,-65.062
-0.2464,-65.064
-0.24635,-65.064
-0.2463,-65.068
-0.24625,-65.07
-0.2462,-65.077
-0.24615,-65.077
-0.2461,-65.078
-0.24605,-65.084
-0.246,-65.088
-0.24595,-65.092
-0.2459,-65.105
-0.24585,-65.113
-0.2458,-65.116
-0.24575,-65.116
-0.2457,-65.118
-0.24565,-65.121
-0.2456,-65.12
-0.24555,-65.116
-0.2455,-65.12
-0.24545,-65.12
-0.2454,-65.12
-0.24535,-65.12
-0.2453,-65.118
-0.24525,-65.116
-0.24521,-65.118
-0.24516,-65.119
-0.24511,-65.122
-0.24506,-65.122
-0.24501,-65.122
-0.24496,-65.122
-0.24491,-65.122
-0.24486,-65.122
-0.24481,-65.119
-0.24476,-65.122
-0.24471,-65.124
-0.24466,-65.122
-0.24461,-65.122
-0.24456,-65.122
-0.24451,-65.122
-0.24446,-65.119
-0.24441,-65.116
-0.24436,-65.107
-0.24431,-65.097
-0.24426,-65.098
-0.24421,-65.094
-0.24416,-65.087
-0.24411,-65.085
-0.24406,-65.091
-0.24401,-65.082
-0.24396,-65.076
-0.24391,-65.069
-0.24386,-65.065
-0.24381,-65.062
-0.24376,-65.049
-0.24371,-65.038
-0.24366,-65.039
-0.24361,-65.036
-0.24356,-65.036
-0.24351,-65.03
-0.24346,-65.027
-0.24341,-65.016
-0.24336,-65.004
-0.24331,-65.002
-0.24326,-65.003
-0.24321,-65.001
-0.24316,-65.003
-0.24311,-65.003
-0.24306,-65.001
-0.24301,-64.999
-0.24296,-64.992
-0.24291,-64.989
-0.24286,-64.985
-0.24281,-64.977
-0.24276,-64.972
-0.24271,-64.968
-0.24266,-64.966
-0.24261,-64.962
-0.24256,-64.959
-0.24251,-64.956
-0.24247,-64.954
-0.24242,-64.943
-0.24237,-64.943
-0.24232,-64.939
-0.24227,-64.946
-0.24222,-64.94
-0.24217,-64.94
-0.24212,-64.94
-0.24207,-64.94
-0.24202,-64.94
-0.24197,-64.94
-0.24192,-64.943
-0.24187,-64.943
-0.24182,-64.952
-0.24177,-64.956
-0.24172,-64.954
-0.24167,-64.956
-0.24162,-64.954
-0.24157,-64.954
-0.24152,-64.956
-0.24147,-64.954
-0.24142,-64.952
-0.24137,-64.948
-0.24132,-64.948
-0.24127,-64.947
-0.24122,-64.944
-0.24117,-64.944
-0.24112,-64.943
-0.24107,-64.943
-0.24102,-64.943
-0.24097,-64.939
-0.24092,-64.936
-0.24087,-64.932
-0.24082,-64.937
-0.24077,-64.947
-0.24072,-64.953
-0.24067,-64.963
-0.24062,-64.978
-0.24057,-64.984
-0.24052,-64.995
-0.24047,-64.995
-0.24042,-65.008
-0.24037,-65.024
-0.24032,-65.021
-0.24027,-65.017
-0.24022,-65.021
-0.24017,-65.033
-0.24012,-65.036
-0.24007,-65.041
-0.24002,-65.058
-0.23997,-65.067
-0.23992,-65.068
-0.23987,-65.073
-0.23982,-65.082
-0.23977,-65.091
-0.23973,-65.094
-0.23968,-65.097
-0.23963,-65.101
-0.23958,-65.104
-0.23953,-65.109
-0.23948,-65.104
-0.23943,-65.1
-0.23938,-65.094
-0.23933,-65.087
-0.23928,-65.078
-0.23923,-65.058
-0.23918,-65.051
-0.23913,-65.055
-0.23908,-65.055
-0.23903,-65.055
-0.23898,-65.06
-0.23893,-65.057
-0.23888,-65.047
-0.23883,-65.031
-0.23878,-65.031
-0.23873,-65.03
-0.23868,-65.03
-0.23863,-65.029
-0.23858,-65.029
-0.23853,-65.029
-0.23848,-65.029
-0.23843,-65.028
-0.23838,-65.026
-0.23833,-65.026
-0.23828,-65.026
-0.23823,-65.028
-0.23818,-65.029
-0.23813,-65.03
-0.23808,-65.035
-0.23803,-65.046
-0.23798,-65.052
-0.23793,-65.052
-0.23788,-65.054
-0.23783,-65.055
-0.23778,-65.06
-0.23773,-65.068
-0.23768,-65.074
-0.23763,-65.085
-0.23758,-65.095
-0.23753,-65.1
-0.23748,-65.111
-0.23743,-65.123
-0.23738,-65.129
-0.23733,-65.136
-0.23728,-65.136
-0.23723,-65.14
-0.23718,-65.142
-0.23713,-65.144
-0.23708,-65.144
-0.23703,-65.144
-0.23699,-65.146
-0.23694,-65.149
-0.23689,-65.149
-0.23684,-65.15
-0.23679,-65.15
-0.23674,-65.152
-0.23669,-65.155
-0.23664,-65.158
-0.23659,-65.156
-0.23654,-65.151
-0.23649,-65.159
-0.23644,-65.161
-0.23639,-65.163
-0.23634,-65.165
-0.23629,-65.168
-0.23624,-65.178
-0.23619,-65.188
-0.23614,-65.194
-0.23609,-65.2
-0.23604,-65.207
-0.23599,-65.217
-0.23594,-65.23
-0.23589,-65.243
-0.23584,-65.254
-0.23579,-65.254
-0.23574,-65.263
-0.23569,-65.271
-0.23564,-65.277
-0.23559,-65.285
-0.23554,-65.291
-0.23549,-65.294
-0.23544,-65.296
-0.23539,-65.301
-0.23534,-65.307
-0.23529,-65.313
-0.23524,-65.32
-0.23519,-65.331
-0.23514,-65.329
-0.23509,-65.327
-0.23504,-65.332
-0.23499,-65.335
-0.23494,-65.339
-0.23489,-65.342
-0.23484,-65.345
-0.23479,-65.342
-0.23474,-65.339
-0.23469,-65.339
-0.23464,-65.342
-0.23459,-65.348
-0.23454,-65.351
-0.23449,-65.356
-0.23444,-65.364
-0.23439,-65.371
-0.23434,-65.373
-0.23429,-65.373
-0.23425,-65.372
-0.2342,-65.372
-0.23415,-65.378
-0.2341,-65.384
-0.23405,-65.384
-0.234,-65.384
-0.23395,-65.377
-0.2339,-65.373
-0.23385,-65.367
-0.2338,-65.364
-0.23375,-65.362
-0.2337,-65.36
-0.23365,-65.36
-0.2336,-65.364
-0.23355,-65.362
-0.2335,-65.363
-0.23345,-65.351
-0.2334,-65.353
-0.23335,-65.355
-0.2333,-65.355
-0.23325,-65.355
-0.2332,-65.345
-0.23315,-65.332
-0.2331,-65.321
-0.23305,-65.312
-0.233,-65.309
-0.23295,-65.295
-0.2329,-65.276
-0.23285,-65.255
-0.2328,-65.245
-0.23275,-65.242
-0.2327,-65.238
-0.23265,-65.241
-0.2326,-65.244
-0.23255,-65.247
-0.2325,-65.249
-0.23245,-65.265
-0.2324,-65.271
-0.23235,-65.264
-0.2323,-65.268
-0.23225,-65.274
-0.2322,-65.282
-0.23215,-65.282
-0.2321,-65.283
-0.23205,-65.29
-0.232,-65.296
-0.23195,-65.3
-0.2319,-65.305
-0.23185,-65.305
-0.2318,-65.306
-0.23175,-65.309
-0.2317,-65.314
-0.23165,-65.319
-0.2316,-65.318
-0.23155,-65.323
-0.23151,-65.327
-0.23146,-65.328
-0.23141,-65.324
-0.23136,-65.322
-0.23131,-65.327
-0.23126,-65.335
-0.23121,-65.335
-0.23116,-65.329
-0.23111,-65.334
-0.23106,-65.335
-0.23101,-65.336
-0.23096,-65.332
-0.23091,-65.332
-0.23086,-65.335
-0.23081,-65.335
-0.23076,-65.332
-0.23071,-65.332
-0.23066,-65.332
-0.23061,-65.332
-0.23056,-65.332
-0.23051,-65.331
-0.23046,-65.326
-0.23041,-65.322
-0.23036,-65.317
-0.23031,-65.317
-0.23026,-65.316
-0.23021,-65.316
-0.23016,-65.313
-0.23011,-65.306
-0.23006,-65.305
-0.23001,-65.281
-0.22996,-65.268
-0.22991,-65.268
-0.22986,-65.267
-0.22981,-65.263
-0.22976,-65.261
-0.22971,-65.258
-0.22966,-65.255
-0.22961,-65.251
-0.22956,-65.245
-0.22951,-65.233
-0.22946,-65.213
-0.22941,-65.2
-0.22936,-65.199
-0.22931,-65.191
-0.22926,-65.178
-0.22921,-65.159
-0.22916,-65.146
-0.22911,-65.141
-0.22906,-65.133
-0.22901,-65.128
-0.22896,-65.126
-0.22891,-65.12
-0.22886,-65.114
-0.22881,-65.112
-0.22877,-65.11
-0.22872,-65.102
-0.22867,-65.096
-0.22862,-65.093
-0.22857,-65.09
-0.22852,-65.086
-0.22847,-65.084
-0.22842,-65.086
-0.22837,-65.094
-0.22832,-65.094
-0.22827,-65.094
-0.22822,-65.106
-0.22817,-65.111
-0.22812,-65.113
-0.22807,-65.115
-0.22802,-65.12
-0.22797,-65.123
-0.22792,-65.128
-0.22787,-65.133
-0.22782,-65.136
-0.22777,-65.139
-0.22772,-65.143
-0.22767,-65.149
-0.22762,-65.16
-0.22757,-65.161
-0.22752,-65.168
-0.22747,-65.187
-0.22742,-65.196
-0.22737,-65.204
-0.22732,-65.216
-0.22727,-65.226
-0.22722,-65.23
-0.22717,-65.238
-0.22712,-65.244
-0.22707,-65.246
-0.22702,-65.253
-0.22697,-65.261
-0.22692,-65.265
-0.22687,-65.268
-0.22682,-65.274
-0.22677,-65.284
-0.22672,-65.293
-0.22667,-65.299
-0.22662,-65.305
-0.22657,-65.309
-0.22652,-65.319
-0.22647,-65.324
-0.22642,-65.326
-0.22637,-65.327
-0.22632,-65.333
-0.22627,-65.342
-0.22622,-65.344
-0.22617,-65.355
-0.22612,-65.361
-0.22607,-65.369
-0.22603,-65.373
-0.22598,-65.382
-0.22593,-65.393
-0.22588,-65.401
-0.22583,-65.408
-0.22578,-65.416
-0.22573,-65.416
-0.22568,-65.425
-0.22563,-65.431
-0.22558,-65.432
-0.22553,-65.428
-0.22548,-65.425
-0.22543,-65.429
-0.22538,-65.436
-0.22533,-65.437
-0.22528,-65.437
-0.22523,-65.437
-0.22518,-65.442
-0.22513,-65.447
-0.22508,-65.447
-0.22503,-65.448
-0.22498,-65.449
-0.22493,-65.451
-0.22488,-65.452
-0.22483,-65.452
-0.22478,-65.454
-0.22473,-65.455
-0.22468,-65.455
-0.22463,-65.456
-0.22458,-65.456
-0.22453,-65.454
-0.22448,-65.455
-0.22443,-65.455
-0.22438,-65.454
-0.22433,-65.453
-0.22428,-65.453
-0.22423,-65.453
-0.22418,-65.453
-0.22413,-65.445
-0.22408,-65.436
-0.22403,-65.435
-0.22398,-65.427
-0.22393,-65.419
-0.22388,-65.418
-0.22383,-65.401
-0.22378,-65.357
-0.22373,-65.298
-0.22368,-65.281
-0.22363,-65.271
-0.22358,-65.232
-0.22353,-65.2
-0.22348,-65.188
-0.22343,-65.174
-0.22338,-65.174
-0.22333,-65.17
-0.22329,-65.167
-0.22324,-65.16
-0.22319,-65.148
-0.22314,-65.135
-0.22309,-65.13
-0.22304,-65.129
-0.22299,-65.125
-0.22294,-65.116
-0.22289,-65.109
-0.22284,-65.105
-0.22279,-65.103
-0.22274,-65.098
-0.22269,-65.094
-0.22264,-65.09
-0.22259,-65.084
-0.22254,-65.079
-0.22249,-65.075
-0.22244,-65.071
-0.22239,-65.068
-0.22234,-65.065
-0.22229,-65.065
-0.22224,-65.065
-0.22219,-65.063
-0.22214,-65.063
-0.22209,-65.061
-0.22204,-65.064
-0.22199,-65.071
-0.22194,-65.078
-0.22189,-65.082
-0.22184,-65.082
-0.22179,-65.082
-0.22174,-65.08
-0.22169,-65.077
-0.22164,-65.075
-0.22159,-65.078
-0.22154,-65.079
-0.22149,-65.089
-0.22144,-65.099
-0.22139,-65.109
-0.22134,-65.123
-0.22129,-65.129
-0.22124,-65.142
-0.22119,-65.154
-0.22114,-65.16
-0.22109,-65.171
-0.22104,-65.176
-0.22099,-65.169
-0.22094,-65.164
-0.22089,-65.161
-0.22084,-65.161
-0.22079,-65.163
-0.22074,-65.168
-0.22069,-65.176
-0.22064,-65.182
-0.22059,-65.183
-0.22055,-65.186
-0.2205,-65.19
-0.22045,-65.195
-0.2204,-65.204
-0.22035,-65.219
-0.2203,-65.221
-0.22025,-65.221
-0.2202,-65.229
-0.22015,-65.232
-0.2201,-65.235
-0.22005,-65.235
-0.22,-65.239
-0.21995,-65.239
-0.2199,-65.24
-0.21985,-65.24
-0.2198,-65.241
-0.21975,-65.245
-0.2197,-65.249
-0.21965,-65.247
-0.2196,-65.248
-0.21955,-65.249
-0.2195,-65.249
-0.21945,-65.235
-0.2194,-65.22
-0.21935,-65.219
-0.2193,-65.215
-0.21925,-65.215
-0.2192,-65.219
-0.21915,-65.219
-0.2191,-65.212
-0.21905,-65.216
-0.219,-65.21
-0.21895,-65.207
-0.2189,-65.206
-0.21885,-65.202
-0.2188,-65.2
-0.21875,-65.201
-0.2187,-65.198
-0.21865,-65.202
-0.2186,-65.208
-0.21855,-65.207
-0.2185,-65.2
-0.21845,-65.2
-0.2184,-65.196
-0.21835,-65.196
-0.2183,-65.2
-0.21825,-65.203
-0.2182,-65.206
-0.21815,-65.207
-0.2181,-65.203
-0.21805,-65.195
-0.218,-65.199
-0.21795,-65.2
-0.2179,-65.201
-0.21785,-65.191
-0.21781,-65.188
-0.21776,-65.188
-0.21771,-65.189
-0.21766,-65.189
-0.21761,-65.189
-0.21756,-65.192
-0.21751,-65.194
-0.21746,-65.201
-0.21741,-65.21
-0.21736,-65.212
-0.21731,-65.212
-0.21726,-65.212
-0.21721,-65.217
-0.21716,-65.223
-0.21711,-65.223
-0.21706,-65.223
-0.21701,-65.217
-0.21696,-65.216
-0.21691,-65.216
-0.21686,-65.217
-0.21681,-65.222
-0.21676,-65.216
-0.21671,-65.216
-0.21666,-65.216
-0.21661,-65.217
-0.21656,-65.217
-0.21651,-65.223
-0.21646,-65.223
-0.21641,-65.226
-0.21636,-65.229
-0.21631,-65.234
-0.21626,-65.234
-0.21621,-65.235
-0.21616,-65.232
-0.21611,-65.232
-0.21606,-65.231
-0.21601,-65.226
-0.21596,-65.22
-0.21591,-65.21
-0.21586,-65.21
-0.21581,-65.207
-0.21576,-65.202
-0.21571,-65.199
-0.21566,-65.195
-0.21561,-65.19
-0.21556,-65.19
-0.21551,-65.184
-0.21546,-65.182
-0.21541,-65.171
-0.21536,-65.171
-0.21531,-65.183
-0.21526,-65.183
-0.21521,-65.178
-0.21516,-65.171
-0.21511,-65.164
-0.21507,-65.171
-0.21502,-65.178
-0.21497,-65.167
-0.21492,-65.167
-0.21487,-65.167
-0.21482,-65.172
-0.21477,-65.166
-0.21472,-65.162
-0.21467,-65.157
-0.21462,-65.149
-0.21457,-65.148
-0.21452,-65.147
-0.21447,-65.146
-0.21442,-65.144
-0.21437,-65.137
-0.21432,-65.134
-0.21427,-65.131
-0.21422,-65.134
-0.21417,-65.131
-0.21412,-65.13
-0.21407,-65.128
-0.21402,-65.131
-0.21397,-65.131
-0.21392,-65.127
-0.21387,-65.123
-0.21382,-65.12
-0.21377,-65.117
-0.21372,-65.119
-0.21367,-65.12
-0.21362,-65.113
-0.21357,-65.113
-0.21352,-65.116
-0.21347,-65.12
-0.21342,-65.12
-0.21337,-65.116
-0.21332,-65.113
-0.21327,-65.113
-0.21322,-65.113
-0.21317,-65.116
-0.21312,-65.119
-0.21307,-65.116
-0.21302,-65.115
-0.21297,-65.113
-0.21292,-65.115
-0.21287,-65.115
-0.21282,-65.112
-0.21277,-65.107
-0.21272,-65.107
-0.21267,-65.107
-0.21262,-65.112
-0.21257,-65.109
-0.21252,-65.105
-0.21247,-65.102
-0.21242,-65.101
-0.21237,-65.1
-0.21233,-65.097
-0.21228,-65.096
-0.21223,-65.096
-0.21218,-65.092
-0.21213,-65.093
-0.21208,-65.102
-0.21203,-65.097
-0.21198,-65.087
-0.21193,-65.087
-0.21188,-65.087
-0.21183,-65.087
-0.21178,-65.079
-0.21173,-65.081
-0.21168,-65.081
-0.21163,-65.084
-0.21158,-65.086
-0.21153,-65.091
-0.21148,-65.071
-0.21143,-65.071
-0.21138,-65.063
-0.21133,-65.052
-0.21128,-65.047
-0.21123,-65.043
-0.21118,-65.042
-0.21113,-65.052
-0.21108,-65.052
-0.21103,-65.052
-0.21098,-65.046
-0.21093,-65.033
-0.21088,-65.032
-0.21083,-65.031
-0.21078,-65.037
-0.21073,-65.037
-0.21068,-65.033
-0.21063,-65.035
-0.21058,-65.04
-0.21053,-65.045
-0.21048,-65.049
-0.21043,-65.058
-0.21038,-65.063
-0.21033,-65.066
-0.21028,-65.064
-0.21023,-65.065
-0.21018,-65.065
-0.21013,-65.067
-0.21008,-65.075
-0.21003,-65.081
-0.20998,-65.083
-0.20993,-65.085
-0.20988,-65.089
-0.20983,-65.09
-0.20978,-65.094
-0.20973,-65.094
-0.20968,-65.094
-0.20963,-65.094
-0.20959,-65.094
-0.20954,-65.103
-0.20949,-65.103
-0.20944,-65.104
-0.20939,-65.109
-0.20934,-65.113
-0.20929,-65.115
-0.20924,-65.129
-0.20919,-65.127
-0.20914,-65.128
-0.20909,-65.131
-0.20904,-65.131
-0.20899,-65.131
-0.20894,-65.136
-0.20889,-65.14
-0.20884,-65.142
-0.20879,-65.142
-0.20874,-65.145
-0.20869,-65.142
-0.20864,-65.134
-0.20859,-65.13
-0.20854,-65.137
-0.20849,-65.145
-0.20844,-65.148
-0.20839,-65.155
-0.20834,-65.155
-0.20829,-65.158
-0.20824,-65.162
-0.20819,-65.171
-0.20814,-65.17
-0.20809,-65.171
-0.20804,-65.171
-0.20799,-65.174
-0.20794,-65.176
-0.20789,-65.176
-0.20784,-65.176
-0.20779,-65.181
-0.20774,-65.189
-0.20769,-65.197
-0.20764,-65.197
-0.20759,-65.197
-0.20754,-65.197
-0.20749,-65.197
-0.20744,-65.197
-0.20739,-65.197
-0.20734,-65.187
-0.20729,-65.184
-0.20724,-65.184
-0.20719,-65.184
-0.20714,-65.191
-0.20709,-65.192
-0.20704,-65.184
-0.20699,-65.175
-0.20694,-65.178
-0.20689,-65.187
-0.20685,-65.195
-0.2068,-65.196
-0.20675,-65.197
-0.2067,-65.197
-0.20665,-65.192
-0.2066,-65.18
-0.20655,-65.174
-0.2065,-65.165
-0.20645,-65.158
-0.2064,-65.124
-0.20635,-65.091
-0.2063,-65.081
-0.20625,-65.062
-0.2062,-65.021
-0.20615,-65.02
-0.2061,-65.02
-0.20605,-65.024
-0.206,-65.026
-0.20595,-65.026
-0.2059,-65.023
-0.20585,-65.026
-0.2058,-65.023
-0.20575,-65.017
-0.2057,-65.017
-0.20565,-65.02
-0.2056,-65.021
-0.20555,-65.015
-0.2055,-65.008
-0.20545,-65.017
-0.2054,-65.02
-0.20535,-65.018
-0.2053,-65.018
-0.20525,-65.019
-0.2052,-65.021
-0.20515,-65.026
-0.2051,-65.028
-0.20505,-65.025
-0.205,-65.03
-0.20495,-65.036
-0.2049,-65.036
-0.20485,-65.037
-0.2048,-65.037
-0.20475,-65.041
-0.2047,-65.044
-0.20465,-65.049
-0.2046,-65.055
-0.20455,-65.058
-0.2045,-65.058
-0.20445,-65.062
-0.2044,-65.063
-0.20435,-65.066
-0.2043,-65.067
-0.20425,-65.067
-0.2042,-65.065
-0.20415,-65.065
-0.20411,-65.068
-0.20406,-65.071
-0.20401,-65.07
-0.20396,-65.068
-0.20391,-65.069
-0.20386,-65.073
-0.20381,-65.073
-0.20376,-65.069
-0.20371,-65.073
-0.20366,-65.077
-0.20361,-65.078
-0.20356,-65.078
-0.20351,-65.078
-0.20346,-65.078
-0.20341,-65.081
-0.20336,-65.087
-0.20331,-65.089
-0.20326,-65.084
-0.20321,-65.084
-0.20316,-65.085
-0.20311,-65.085
-0.20306,-65.089
-0.20301,-65.092
-0.20296,-65.091
-0.20291,-65.093
-0.20286,-65.096
-0.20281,-65.104
-0.20276,-65.109
-0.20271,-65.104
-0.20266,-65.104
-0.20261,-65.104
-0.20256,-65.104
-0.20251,-65.102
-0.20246,-65.1
-0.20241,-65.1
-0.20236,-65.104
-0.20231,-65.109
-0.20226,-65.11
-0.20221,-65.11
-0.20216,-65.11
-0.20211,-65.112
-0.20206,-65.118
-0.20201,-65.122
-0.20196,-65.123
-0.20191,-65.125
-0.20186,-65.134
-0.20181,-65.14
-0.20176,-65.136
-0.20171,-65.138
-0.20166,-65.139
-0.20161,-65.143
-0.20156,-65.151
-0.20151,-65.155
-0.20146,-65.155
-0.20141,-65.156
-0.20137,-65.158
-0.20132,-65.161
-0.20127,-65.165
-0.20122,-65.169
-0.20117,-65.178
-0.20112,-65.186
-0.20107,-65.19
-0.20102,-65.19
-0.20097,-65.195
-0.20092,-65.194
-0.20087,-65.193
-0.20082,-65.195
-0.20077,-65.195
-0.20072,-65.195
-0.20067,-65.2
-0.20062,-65.208
-0.20057,-65.21
-0.20052,-65.214
-0.20047,-65.217
-0.20042,-65.219
-0.20037,-65.216
-0.20032,-65.219
-0.20027,-65.222
-0.20022,-65.226
-0.20017,-65.223
-0.20012,-65.221
-0.20007,-65.226
-0.20002,-65.229
-0.19997,-65.229
-0.19992,-65.227
-0.19987,-65.226
-0.19982,-65.226
-0.19977,-65.221
-0.19972,-65.214
-0.19967,-65.212
-0.19962,-65.21
-0.19957,-65.207
-0.19952,-65.205
-0.19947,-65.205
-0.19942,-65.204
-0.19937,-65.204
-0.19932,-65.208
-0.19927,-65.21
-0.19922,-65.206
-0.19917,-65.197
-0.19912,-65.19
-0.19907,-65.184
-0.19902,-65.172
-0.19897,-65.158
-0.19892,-65.159
-0.19887,-65.158
-0.19882,-65.159
-0.19877,-65.159
-0.19872,-65.158
-0.19867,-65.16
-0.19863,-65.16
-0.19858,-65.16
-0.19853,-65.16
-0.19848,-65.163
-0.19843,-65.154
-0.19838,-65.127
-0.19833,-65.121
-0.19828,-65.104
-0.19823,-65.085
-0.19818,-65.07
-0.19813,-65.051
-0.19808,-65.026
-0.19803,-64.988
-0.19798,-64.964
-0.19793,-64.956
-0.19788,-64.964
-0.19783,-64.967
-0.19778,-64.976
-0.19773,-64.976
-0.19768,-64.976
-0.19763,-64.976
-0.19758,-64.979
-0.19753,-64.983
-0.19748,-64.988
-0.19743,-65.001
-0.19738,-65.004
-0.19733,-65.004
-0.19728,-65.004
-0.19723,-65.004
-0.19718,-65.004
-0.19713,-65.002
-0.19708,-65.002
-0.19703,-65.004
-0.19698,-65.002
-0.19693,-64.994
-0.19688,-64.982
-0.19683,-64.999
-0.19678,-65.013
-0.19673,-65.03
-0.19668,-65.03
-0.19663,-65.039
-0.19658,-65.039
-0.19653,-65.04
-0.19648,-65.032
-0.19643,-65.018
-0.19638,-65.009
-0.19633,-65.008
-0.19628,-65.007
-0.19623,-65.008
-0.19618,-65.01
-0.19613,-65.008
-0.19608,-65.005
-0.19603,-65.004
-0.19598,-65.002
-0.19593,-65.002
-0.19589,-65.002
-0.19584,-65.002
-0.19579,-65.001
-0.19574,-64.999
-0.19569,-64.996
-0.19564,-64.995
-0.19559,-64.994
-0.19554,-64.991
-0.19549,-64.987
-0.19544,-64.984
-0.19539,-64.984
-0.19534,-64.98
-0.19529,-64.979
-0.19524,-64.981
-0.19519,-64.982
-0.19514,-64.982
-0.19509,-64.982
-0.19504,-64.982
-0.19499,-64.978
-0.19494,-64.975
-0.19489,-64.975
-0.19484,-64.976
-0.19479,-64.975
-0.19474,-64.972
-0.19469,-64.972
-0.19464,-64.972
-0.19459,-64.97
-0.19454,-64.968
-0.19449,-64.97
-0.19444,-64.977
-0.19439,-64.981
-0.19434,-64.981
-0.19429,-64.976
-0.19424,-64.975
-0.19419,-64.976
-0.19414,-64.977
-0.19409,-64.977
-0.19404,-64.977
-0.19399,-64.975
-0.19394,-64.976
-0.19389,-64.976
-0.19384,-64.972
-0.19379,-64.972
-0.19374,-64.972
-0.19369,-64.972
-0.19364,-64.976
-0.19359,-64.978
-0.19354,-64.981
-0.19349,-64.981
-0.19344,-64.981
-0.19339,-64.984
-0.19334,-64.987
-0.19329,-64.988
-0.19324,-64.988
-0.19319,-64.987
-0.19315,-64.989
-0.1931,-64.992
-0.19305,-64.994
-0.193,-64.994
-0.19295,-64.994
-0.1929,-64.994
-0.19285,-64.988
-0.1928,-64.988
-0.19275,-64.988
-0.1927,-64.991
-0.19265,-64.991
-0.1926,-64.985
-0.19255,-64.978
-0.1925,-64.977
-0.19245,-64.969
-0.1924,-64.962
-0.19235,-64.961
-0.1923,-64.961
-0.19225,-64.959
-0.1922,-64.959
-0.19215,-64.956
-0.1921,-64.954
-0.19205,-64.949
-0.192,-64.946
-0.19195,-64.947
-0.1919,-64.941
-0.19185,-64.936
-0.1918,-64.933
-0.19175,-64.943
-0.1917,-64.952
-0.19165,-64.956
-0.1916,-64.957
-0.19155,-64.951
-0.1915,-64.949
-0.19145,-64.946
-0.1914,-64.946
-0.19135,-64.943
-0.1913,-64.942
-0.19125,-64.939
-0.1912,-64.933
-0.19115,-64.928
-0.1911,-64.924
-0.19105,-64.914
-0.191,-64.92
-0.19095,-64.914
-0.1909,-64.92
-0.19085,-64.92
-0.1908,-64.92
-0.19075,-64.92
-0.1907,-64.914
-0.19065,-64.904
-0.1906,-64.9
-0.19055,-64.896
-0.1905,-64.891
-0.19045,-64.885
-0.19041,-64.877
-0.19036,-64.866
-0.19031,-64.861
-0.19026,-64.851
-0.19021,-64.843
-0.19016,-64.839
-0.19011,-64.835
-0.19006,-64.832
-0.19001,-64.83
-0.18996,-64.829
-0.18991,-64.829
-0.18986,-64.83
-0.18981,-64.827
-0.18976,-64.827
-0.18971,-64.824
-0.18966,-64.826
-0.18961,-64.827
-0.18956,-64.823
-0.18951,-64.819
-0.18946,-64.823
-0.18941,-64.827
-0.18936,-64.831
-0.18931,-64.837
-0.18926,-64.838
-0.18921,-64.839
-0.18916,-64.841
-0.18911,-64.839
-0.18906,-64.839
-0.18901,-64.84
-0.18896,-64.84
-0.18891,-64.841
-0.18886,-64.843
-0.18881,-64.845
-0.18876,-64.846
-0.18871,-64.846
-0.18866,-64.847
-0.18861,-64.849
-0.18856,-64.853
-0.18851,-64.853
-0.18846,-64.853
-0.18841,-64.853
-0.18836,-64.853
-0.18831,-64.856
-0.18826,-64.858
-0.18821,-64.862
-0.18816,-64.862
-0.18811,-64.864
-0.18806,-64.825
-0.18801,-64.779
-0.18796,-64.768
-0.18791,-64.77
-0.18786,-64.759
-0.18781,-64.76
-0.18776,-64.755
-0.18771,-64.755
-0.18767,-64.738
-0.18762,-64.737
-0.18757,-64.739
-0.18752,-64.739
-0.18747,-64.739
-0.18742,-64.739
-0.18737,-64.739
-0.18732,-64.737
-0.18727,-64.737
-0.18722,-64.727
-0.18717,-64.731
-0.18712,-64.739
-0.18707,-64.746
-0.18702,-64.746
-0.18697,-64.745
-0.18692,-64.744
-0.18687,-64.74
-0.18682,-64.74
-0.18677,-64.743
-0.18672,-64.749
-0.18667,-64.754
-0.18662,-64.76
-0.18657,-64.764
-0.18652,-64.773
-0.18647,-64.78
-0.18642,-64.788
-0.18637,-64.788
-0.18632,-64.78
-0.18627,-64.78
-0.18622,-64.786
-0.18617,-64.785
-0.18612,-64.787
-0.18607,-64.79
-0.18602,-64.787
-0.18597,-64.787
-0.18592,-64.787
-0.18587,-64.786
-0.18582,-64.789
-0.18577,-64.789
-0.18572,-64.789
-0.18567,-64.795
-0.18562,-64.791
-0.18557,-64.79
-0.18552,-64.792
-0.18547,-64.792
-0.18542,-64.792
-0.18537,-64.791
-0.18532,-64.788
-0.18527,-64.791
-0.18522,-64.791
-0.18517,-64.79
-0.18512,-64.792
-0.18507,-64.793
-0.18502,-64.791
-0.18497,-64.785
-0.18493,-64.781
-0.18488,-64.781
-0.18483,-64.779
-0.18478,-64.782
-0.18473,-64.782
-0.18468,-64.785
-0.18463,-64.786
-0.18458,-64.786
-0.18453,-64.787
-0.18448,-64.785
-0.18443,-64.78
-0.18438,-64.778
-0.18433,-64.78
-0.18428,-64.782
-0.18423,-64.78
-0.18418,-64.776
-0.18413,-64.773
-0.18408,-64.776
-0.18403,-64.779
-0.18398,-64.774
-0.18393,-64.773
-0.18388,-64.772
-0.18383,-64.774
-0.18378,-64.785
-0.18373,-64.79
-0.18368,-64.79
-0.18363,-64.788
-0.18358,-64.788
-0.18353,-64.785
-0.18348,-64.791
-0.18343,-64.791
-0.18338,-64.785
-0.18333,-64.788
-0.18328,-64.793
-0.18323,-64.794
-0.18318,-64.793
-0.18313,-64.793
-0.18308,-64.795
-0.18303,-64.805
-0.18298,-64.817
-0.18293,-64.814
-0.18288,-64.812
-0.18283,-64.807
-0.18278,-64.815
-0.18273,-64.821
-0.18268,-64.825
-0.18263,-64.824
-0.18258,-64.814
-0.18253,-64.817
-0.18248,-64.818
-0.18243,-64.82
-0.18238,-64.814
-0.18233,-64.813
-0.18228,-64.813
-0.18223,-64.815
-0.18219,-64.82
-0.18214,-64.827
-0.18209,-64.824
-0.18204,-64.819
-0.18199,-64.826
-0.18194,-64.833
-0.18189,-64.841
-0.18184,-64.836
-0.18179,-64.836
-0.18174,-64.843
-0.18169,-64.842
-0.18164,-64.837
-0.18159,-64.836
-0.18154,-64.83
-0.18149,-64.833
-0.18144,-64.832
-0.18139,-64.834
-0.18134,-64.831
-0.18129,-64.821
-0.18124,-64.811
-0.18119,-64.807
-0.18114,-64.807
-0.18109,-64.807
-0.18104,-64.807
-0.18099,-64.808
-0.18094,-64.808
-0.18089,-64.802
-0.18084,-64.803
-0.18079,-64.814
-0.18074,-64.81
-0.18069,-64.804
-0.18064,-64.798
-0.18059,-64.796
-0.18054,-64.795
-0.18049,-64.795
-0.18044,-64.795
-0.18039,-64.797
-0.18034,-64.804
-0.18029,-64.813
-0.18024,-64.817
-0.18019,-64.82
-0.18014,-64.827
-0.18009,-64.83
-0.18004,-64.835
-0.17999,-64.838
-0.17994,-64.842
-0.17989,-64.846
-0.17984,-64.846
-0.17979,-64.847
-0.17974,-64.851
-0.17969,-64.858
-0.17964,-64.866
-0.17959,-64.872
-0.17954,-64.875
-0.17949,-64.88
-0.17945,-64.885
-0.1794,-64.892
-0.17935,-64.9
-0.1793,-64.909
-0.17925,-64.923
-0.1792,-64.933
-0.17915,-64.936
-0.1791,-64.939
-0.17905,-64.949
-0.179,-64.959
-0.17895,-64.962
-0.1789,-64.962
-0.17885,-64.97
-0.1788,-64.974
-0.17875,-64.987
-0.1787,-64.997
-0.17865,-65.004
-0.1786,-65.017
-0.17855,-65.023
-0.1785,-65.026
-0.17845,-65.027
-0.1784,-65.028
-0.17835,-65.031
-0.1783,-65.032
-0.17825,-65.036
-0.1782,-65.037
-0.17815,-65.026
-0.1781,-65.018
-0.17805,-65.014
-0.178,-65.017
-0.17795,-65.021
-0.1779,-65.021
-0.17785,-65.016
-0.1778,-65.012
-0.17775,-64.996
-0.1777,-64.995
-0.17765,-64.993
-0.1776,-64.993
-0.17755,-64.987
-0.1775,-64.987
-0.17745,-64.987
-0.1774,-64.993
-0.17735,-64.997
-0.1773,-64.997
-0.17725,-64.997
-0.1772,-65.006
-0.17715,-65.01
-0.1771,-65.012
-0.17705,-65.003
-0.177,-64.993
-0.17695,-64.982
-0.1769,-64.979
-0.17685,-64.981
-0.1768,-64.981
-0.17675,-64.98
-0.17671,-64.975
-0.17666,-64.965
-0.17661,-64.975
-0.17656,-64.979
-0.17651,-64.981
-0.17646,-64.981
-0.17641,-64.984
-0.17636,-64.984
-0.17631,-64.995
-0.17626,-65.001
-0.17621,-65.007
-0.17616,-65.011
-0.17611,-65.013
-0.17606,-65.013
-0.17601,-65.013
-0.17596,-65.013
-0.17591,-65.013
-0.17586,-65.013
-0.17581,-65.013
-0.17576,-65.013
-0.17571,-65.013
-0.17566,-65.014
-0.17561,-65.014
-0.17556,-65.014
-0.17551,-65.01
-0.17546,-65.005
-0.17541,-65.005
-0.17536,-65.009
-0.17531,-65.012
-0.17526,-65.017
-0.17521,-65.013
-0.17516,-65.008
-0.17511,-64.998
-0.17506,-65.001
-0.17501,-65.013
-0.17496,-65.013
-0.17491,-65.014
-0.17486,-65.017
-0.17481,-65.019
-0.17476,-65.025
-0.17471,-65.025
-0.17466,-65.029
-0.17461,-65.029
-0.17456,-65.03
-0.17451,-65.03
-0.17446,-65.03
-0.17441,-65.032
-0.17436,-65.036
-0.17431,-65.041
-0.17426,-65.05
-0.17421,-65.058
-0.17416,-65.05
-0.17411,-65.048
-0.17406,-65.048
-0.17401,-65.046
-0.17397,-65.048
-0.17392,-65.058
-0.17387,-65.062
-0.17382,-65.07
-0.17377,-65.072
-0.17372,-65.072
-0.17367,-65.072
-0.17362,-65.072
-0.17357,-65.07
-0.17352,-65.071
-0.17347,-65.075
-0.17342,-65.078
-0.17337,-65.083
-0.17332,-65.087
-0.17327,-65.094
-0.17322,-65.082
-0.17317,-65.078
-0.17312,-65.078
-0.17307,-65.078
-0.17302,-65.084
-0.17297,-65.095
-0.17292,-65.101
-0.17287,-65.106
-0.17282,-65.104
-0.17277,-65.112
-0.17272,-65.112
-0.17267,-65.115
-0.17262,-65.116
-0.17257,-65.121
-0.17252,-65.127
-0.17247,-65.133
-0.17242,-65.133
-0.17237,-65.132
-0.17232,-65.126
-0.17227,-65.12
-0.17222,-65.12
-0.17217,-65.12
-0.17212,-65.117
-0.17207,-65.117
-0.17202,-65.117
-0.17197,-65.117
-0.17192,-65.113
-0.17187,-65.107
-0.17182,-65.1
-0.17177,-65.095
-0.17172,-65.088
-0.17167,-65.091
-0.17162,-65.091
-0.17157,-65.091
-0.17152,-65.091
-0.17147,-65.099
-0.17142,-65.09
-0.17137,-65.084
-0.17132,-65.082
-0.17127,-65.082
-0.17123,-65.084
-0.17118,-65.087
-0.17113,-65.084
-0.17108,-65.081
-0.17103,-65.077
-0.17098,-65.072
-0.17093,-65.068
-0.17088,-65.065
-0.17083,-65.065
-0.17078,-65.065
-0.17073,-65.065
-0.17068,-65.062
-0.17063,-65.06
-0.17058,-65.057
-0.17053,-65.046
-0.17048,-65.035
-0.17043,-65.02
-0.17038,-65.009
-0.17033,-65.009
-0.17028,-64.998
-0.17023,-64.99
-0.17018,-64.981
-0.17013,-64.973
-0.17008,-64.971
-0.17003,-64.971
-0.16998,-64.971
-0.16993,-64.968
-0.16988,-64.966
-0.16983,-64.962
-0.16978,-64.951
-0.16973,-64.94
-0.16968,-64.933
-0.16963,-64.927
-0.16958,-64.923
-0.16953,-64.924
-0.16948,-64.923
-0.16943,-64.921
-0.16938,-64.919
-0.16933,-64.916
-0.16928,-64.916
-0.16923,-64.915
-0.16918,-64.923
-0.16913,-64.923
-0.16908,-64.923
-0.16903,-64.928
-0.16898,-64.925
-0.16893,-64.927
-0.16888,-64.93
-0.16883,-64.926
-0.16878,-64.922
-0.16873,-64.92
-0.16868,-64.918
-0.16863,-64.918
-0.16858,-64.918
-0.16853,-64.923
-0.16849,-64.918
-0.16844,-64.918
-0.16839,-64.92
-0.16834,-64.92
-0.16829,-64.921
-0.16824,-64.919
-0.16819,-64.918
-0.16814,-64.93
-0.16809,-64.936
-0.16804,-64.942
-0.16799,-64.946
-0.16794,-64.951
-0.16789,-64.951
-0.16784,-64.952
-0.16779,-64.952
-0.16774,-64.953
-0.16769,-64.954
-0.16764,-64.956
-0.16759,-64.955
-0.16754,-64.953
-0.16749,-64.952
-0.16744,-64.951
-0.16739,-64.954
-0.16734,-64.954
-0.16729,-64.953
-0.16724,-64.952
-0.16719,-64.953
-0.16714,-64.952
-0.16709,-64.952
-0.16704,-64.951
-0.16699,-64.941
-0.16694,-64.942
-0.16689,-64.94
-0.16684,-64.94
-0.16679,-64.935
-0.16674,-64.93
-0.16669,-64.92
-0.16664,-64.92
-0.16659,-64.924
-0.16654,-64.902
-0.16649,-64.898
-0.16644,-64.888
-0.16639,-64.888
-0.16634,-64.889
-0.16629,-64.877
-0.16624,-64.861
-0.16619,-64.856
-0.16614,-64.839
-0.16609,-64.83
-0.16604,-64.826
-0.16599,-64.819
-0.16594,-64.813
-0.16589,-64.807
-0.16584,-64.804
-0.16579,-64.804
-0.16575,-64.801
-0.1657,-64.796
-0.16565,-64.791
-0.1656,-64.787
-0.16555,-64.782
-0.1655,-64.787
-0.16545,-64.796
-0.1654,-64.804
-0.16535,-64.814
-0.1653,-64.827
-0.16525,-64.835
-0.1652,-64.841
-0.16515,-64.841
-0.1651,-64.845
-0.16505,-64.85
-0.165,-64.856
-0.16495,-64.856
-0.1649,-64.856
-0.16485,-64.862
-0.1648,-64.866
-0.16475,-64.867
-0.1647,-64.868
-0.16465,-64.868
-0.1646,-64.875
-0.16455,-64.875
-0.1645,-64.876
-0.16445,-64.87
-0.1644,-64.872
-0.16435,-64.872
-0.1643,-64.873
-0.16425,-64.875
-0.1642,-64.876
-0.16415,-64.881
-0.1641,-64.883
-0.16405,-64.883
-0.164,-64.883
-0.16395,-64.888
-0.1639,-64.894
-0.16385,-64.887
-0.1638,-64.882
-0.16375,-64.875
-0.1637,-64.871
-0.16365,-64.874
-0.1636,-64.863
-0.16355,-64.855
-0.1635,-64.85
-0.16345,-64.839
-0.1634,-64.832
-0.16335,-64.839
-0.1633,-64.841
-0.16325,-64.834
-0.1632,-64.834
-0.16315,-64.84
-0.1631,-64.837
-0.16305,-64.824
-0.16301,-64.824
-0.16296,-64.828
-0.16291,-64.832
-0.16286,-64.837
-0.16281,-64.847
-0.16276,-64.854
-0.16271,-64.858
-0.16266,-64.866
-0.16261,-64.869
-0.16256,-64.871
-0.16251,-64.871
-0.16246,-64.871
-0.16241,-64.869
-0.16236,-64.867
-0.16231,-64.867
-0.16226,-64.867
-0.16221,-64.867
-0.16216,-64.869
-0.16211,-64.872
-0.16206,-64.875
-0.16201,-64.878
-0.16196,-64.868
-0.16191,-64.862
-0.16186,-64.854
-0.16181,-64.854
-0.16176,-64.853
-0.16171,-64.851
-0.16166,-64.847
-0.16161,-64.849
-0.16156,-64.834
-0.16151,-64.824
-0.16146,-64.82
-0.16141,-64.818
-0.16136,-64.818
-0.16131,-64.825
-0.16126,-64.828
-0.16121,-64.824
-0.16116,-64.817
-0.16111,-64.808
-0.16106,-64.804
-0.16101,-64.791
-0.16096,-64.778
-0.16091,-64.771
-0.16086,-64.772
-0.16081,-64.774
-0.16076,-64.775
-0.16071,-64.775
-0.16066,-64.772
-0.16061,-64.774
-0.16056,-64.774
-0.16051,-64.774
-0.16046,-64.772
-0.16041,-64.77
-0.16036,-64.771
-0.16031,-64.774
-0.16027,-64.782
-0.16022,-64.788
-0.16017,-64.789
-0.16012,-64.771
-0.16007,-64.755
-0.16002,-64.755
-0.15997,-64.75
-0.15992,-64.75
-0.15987,-64.752
-0.15982,-64.753
-0.15977,-64.756
-0.15972,-64.76
-0.15967,-64.766
-0.15962,-64.764
-0.15957,-64.761
-0.15952,-64.761
-0.15947,-64.761
-0.15942,-64.767
-0.15937,-64.767
-0.15932,-64.767
-0.15927,-64.78
-0.15922,-64.783
-0.15917,-64.784
-0.15912,-64.785
-0.15907,-64.784
-0.15902,-64.785
-0.15897,-64.787
-0.15892,-64.787
-0.15887,-64.787
-0.15882,-64.785
-0.15877,-64.784
-0.15872,-64.784
-0.15867,-64.784
-0.15862,-64.781
-0.15857,-64.775
-0.15852,-64.775
-0.15847,-64.77
-0.15842,-64.769
-0.15837,-64.771
-0.15832,-64.771
-0.15827,-64.771
-0.15822,-64.767
-0.15817,-64.767
-0.15812,-64.766
-0.15807,-64.761
-0.15802,-64.759
-0.15797,-64.759
-0.15792,-64.75
-0.15787,-64.745
-0.15782,-64.741
-0.15777,-64.737
-0.15772,-64.734
-0.15767,-64.727
-0.15762,-64.71
-0.15757,-64.701
-0.15753,-64.701
-0.15748,-64.698
-0.15743,-64.704
-0.15738,-64.705
-0.15733,-64.696
-0.15728,-64.693
-0.15723,-64.701
-0.15718,-64.702
-0.15713,-64.702
-0.15708,-64.704
-0.15703,-64.704
-0.15698,-64.701
-0.15693,-64.695
-0.15688,-64.691
-0.15683,-64.689
-0.15678,-64.685
-0.15673,-64.685
-0.15668,-64.689
-0.15663,-64.689
-0.15658,-64.687
-0.15653,-64.695
-0.15648,-64.703
-0.15643,-64.704
-0.15638,-64.704
-0.15633,-64.706
-0.15628,-64.706
-0.15623,-64.706
-0.15618,-64.706
-0.15613,-64.708
-0.15608,-64.71
-0.15603,-64.711
-0.15598,-64.715
-0.15593,-64.72
-0.15588,-64.719
-0.15583,-64.725
-0.15578,-64.727
-0.15573,-64.729
-0.15568,-64.727
-0.15563,-64.725
-0.15558,-64.73
-0.15553,-64.735
-0.15548,-64.735
-0.15543,-64.737
-0.15538,-64.738
-0.15533,-64.742
-0.15528,-64.743
-0.15523,-64.747
-0.15518,-64.75
-0.15513,-64.753
-0.15508,-64.75
-0.15503,-64.75
-0.15498,-64.752
-0.15493,-64.753
-0.15488,-64.755
-0.15483,-64.758
-0.15479,-64.759
-0.15474,-64.759
-0.15469,-64.762
-0.15464,-64.764
-0.15459,-64.767
-0.15454,-64.76
-0.15449,-64.759
-0.15444,-64.772
-0.15439,-64.782
-0.15434,-64.786
-0.15429,-64.786
-0.15424,-64.789
-0.15419,-64.789
-0.15414,-64.791
-0.15409,-64.791
-0.15404,-64.79
-0.15399,-64.787
-0.15394,-64.787
-0.15389,-64.787
-0.15384,-64.788
-0.15379,-64.793
-0.15374,-64.795
-0.15369,-64.796
-0.15364,-64.801
-0.15359,-64.811
-0.15354,-64.82
-0.15349,-64.823
-0.15344,-64.821
-0.15339,-64.821
-0.15334,-64.82
-0.15329,-64.819
-0.15324,-64.815
-0.15319,-64.815
-0.15314,-64.815
-0.15309,-64.814
-0.15304,-64.819
-0.15299,-64.826
-0.15294,-64.83
-0.15289,-64.831
-0.15284,-64.827
-0.15279,-64.829
-0.15274,-64.824
-0.15269,-64.825
-0.15264,-64.82
-0.15259,-64.82
-0.15254,-64.824
-0.15249,-64.824
-0.15244,-64.82
-0.15239,-64.821
-0.15234,-64.83
-0.15229,-64.83
-0.15224,-64.823
-0.15219,-64.814
-0.15214,-64.812
-0.15209,-64.811
-0.15205,-64.798
-0.152,-64.783
-0.15195,-64.782
-0.1519,-64.777
-0.15185,-64.775
-0.1518,-64.769
-0.15175,-64.769
-0.1517,-64.769
-0.15165,-64.768
-0.1516,-64.774
-0.15155,-64.769
-0.1515,-64.758
-0.15145,-64.758
-0.1514,-64.772
-0.15135,-64.782
-0.1513,-64.782
-0.15125,-64.774
-0.1512,-64.779
-0.15115,-64.781
-0.1511,-64.78
-0.15105,-64.779
-0.151,-64.774
-0.15095,-64.76
-0.1509,-64.753
-0.15085,-64.753
-0.1508,-64.753
-0.15075,-64.75
-0.1507,-64.748
-0.15065,-64.75
-0.1506,-64.75
-0.15055,-64.75
-0.1505,-64.748
-0.15045,-64.741
-0.1504,-64.743
-0.15035,-64.743
-0.1503,-64.749
-0.15025,-64.76
-0.1502,-64.766
-0.15015,-64.773
-0.1501,-64.775
-0.15005,-64.775
-0.15,-64.777
-0.14995,-64.783
-0.1499,-64.783
-0.14985,-64.783
-0.1498,-64.785
-0.14975,-64.803
-0.1497,-64.803
-0.14965,-64.803
-0.1496,-64.813
-0.14955,-64.813
-0.1495,-64.814
-0.14945,-64.815
-0.1494,-64.817
-0.14935,-64.807
-0.14931,-64.798
-0.14926,-64.796
-0.14921,-64.799
-0.14916,-64.799
-0.14911,-64.804
-0.14906,-64.807
-0.14901,-64.811
-0.14896,-64.816
-0.14891,-64.818
-0.14886,-64.826
-0.14881,-64.826
-0.14876,-64.826
-0.14871,-64.833
-0.14866,-64.833
-0.14861,-64.833
-0.14856,-64.833
-0.14851,-64.839
-0.14846,-64.843
-0.14841,-64.839
-0.14836,-64.84
-0.14831,-64.841
-0.14826,-64.843
-0.14821,-64.846
-0.14816,-64.843
-0.14811,-64.838
-0.14806,-64.831
-0.14801,-64.824
-0.14796,-64.828
-0.14791,-64.824
-0.14786,-64.82
-0.14781,-64.819
-0.14776,-64.826
-0.14771,-64.826
-0.14766,-64.831
-0.14761,-64.838
-0.14756,-64.831
-0.14751,-64.833
-0.14746,-64.832
-0.14741,-64.833
-0.14736,-64.839
-0.14731,-64.84
-0.14726,-64.846
-0.14721,-64.849
-0.14716,-64.857
-0.14711,-64.862
-0.14706,-64.862
-0.14701,-64.857
-0.14696,-64.864
-0.14691,-64.868
-0.14686,-64.876
-0.14681,-64.882
-0.14676,-64.885
-0.14671,-64.892
-0.14666,-64.891
-0.14661,-64.895
-0.14657,-64.894
-0.14652,-64.894
-0.14647,-64.895
-0.14642,-64.897
-0.14637,-64.898
-0.14632,-64.907
-0.14627,-64.911
-0.14622,-64.918
-0.14617,-64.923
-0.14612,-64.923
-0.14607,-64.923
-0.14602,-64.923
-0.14597,-64.927
-0.14592,-64.927
-0.14587,-64.931
-0.14582,-64.932
-0.14577,-64.931
-0.14572,-64.927
-0.14567,-64.932
-0.14562,-64.933
-0.14557,-64.93
-0.14552,-64.938
-0.14547,-64.936
-0.14542,-64.936
-0.14537,-64.936
-0.14532,-64.934
-0.14527,-64.936
-0.14522,-64.933
-0.14517,-64.926
-0.14512,-64.923
-0.14507,-64.929
-0.14502,-64.932
-0.14497,-64.93
-0.14492,-64.923
-0.14487,-64.919
-0.14482,-64.917
-0.14477,-64.913
-0.14472,-64.91
-0.14467,-64.922
-0.14462,-64.928
-0.14457,-64.934
-0.14452,-64.938
-0.14447,-64.934
-0.14442,-64.928
-0.14437,-64.925
-0.14432,-64.921
-0.14427,-64.918
-0.14422,-64.914
-0.14417,-64.907
-0.14412,-64.904
-0.14407,-64.909
-0.14402,-64.907
-0.14397,-64.907
-0.14392,-64.905
-0.14387,-64.904
-0.14383,-64.903
-0.14378,-64.903
-0.14373,-64.91
-0.14368,-64.921
-0.14363,-64.928
-0.14358,-64.938
-0.14353,-64.94
-0.14348,-64.942
-0.14343,-64.943
-0.14338,-64.949
-0.14333,-64.954
-0.14328,-64.958
-0.14323,-64.958
-0.14318,-64.958
-0.14313,-64.952
-0.14308,-64.952
-0.14303,-64.948
-0.14298,-64.962
-0.14293,-64.975
-0.14288,-64.988
-0.14283,-65.001
-0.14278,-65.006
-0.14273,-65.017
-0.14268,-65.026
-0.14263,-65.033
-0.14258,-65.041
-0.14253,-65.058
-0.14248,-65.07
-0.14243,-65.075
-0.14238,-65.078
-0.14233,-65.087
-0.14228,-65.09
-0.14223,-65.102
-0.14218,-65.106
-0.14213,-65.106
-0.14208,-65.101
-0.14203,-65.101
-0.14198,-65.101
-0.14193,-65.104
-0.14188,-65.107
-0.14183,-65.109
-0.14178,-65.11
-0.14173,-65.111
-0.14168,-65.117
-0.14163,-65.123
-0.14158,-65.123
-0.14153,-65.131
-0.14148,-65.134
-0.14143,-65.134
-0.14138,-65.132
-0.14133,-65.128
-0.14128,-65.122
-0.14123,-65.113
-0.14118,-65.105
-0.14113,-65.097
-0.14109,-65.089
-0.14104,-65.088
-0.14099,-65.087
-0.14094,-65.084
-0.14089,-65.081
-0.14084,-65.078
-0.14079,-65.078
-0.14074,-65.08
-0.14069,-65.082
-0.14064,-65.081
-0.14059,-65.076
-0.14054,-65.077
-0.14049,-65.078
-0.14044,-65.078
-0.14039,-65.083
-0.14034,-65.078
-0.14029,-65.076
-0.14024,-65.076
-0.14019,-65.076
-0.14014,-65.067
-0.14009,-65.066
-0.14004,-65.066
-0.13999,-65.067
-0.13994,-65.067
-0.13989,-65.067
-0.13984,-65.066
-0.13979,-65.066
-0.13974,-65.066
-0.13969,-65.066
-0.13964,-65.068
-0.13959,-65.067
-0.13954,-65.068
-0.13949,-65.068
-0.13944,-65.047
-0.13939,-65.025
-0.13934,-65.013
-0.13929,-65
-0.13924,-64.988
-0.13919,-64.986
-0.13914,-64.995
-0.13909,-64.995
-0.13904,-64.988
-0.13899,-64.992
-0.13894,-65.001
-0.13889,-65.009
-0.13884,-65.01
-0.13879,-65.021
-0.13874,-65.028
-0.13869,-65.039
-0.13864,-65.042
-0.13859,-65.042
-0.13854,-65.039
-0.13849,-65.046
-0.13844,-65.05
-0.13839,-65.058
-0.13835,-65.062
-0.1383,-65.069
-0.13825,-65.076
-0.1382,-65.072
-0.13815,-65.083
-0.1381,-65.084
-0.13805,-65.084
-0.138,-65.083
-0.13795,-65.083
-0.1379,-65.081
-0.13785,-65.081
-0.1378,-65.075
-0.13775,-65.081
-0.1377,-65.083
-0.13765,-65.088
-0.1376,-65.091
-0.13755,-65.096
-0.1375,-65.096
-0.13745,-65.046
-0.1374,-64.998
-0.13735,-64.965
-0.1373,-64.965
-0.13725,-64.965
-0.1372,-64.965
-0.13715,-64.953
-0.1371,-64.944
-0.13705,-64.944
-0.137,-64.942
-0.13695,-64.934
-0.1369,-64.927
-0.13685,-64.92
-0.1368,-64.915
-0.13675,-64.912
-0.1367,-64.912
-0.13665,-64.912
-0.1366,-64.912
-0.13655,-64.912
-0.1365,-64.909
-0.13645,-64.906
-0.1364,-64.904
-0.13635,-64.901
-0.1363,-64.896
-0.13625,-64.885
-0.1362,-64.872
-0.13615,-64.861
-0.1361,-64.853
-0.13605,-64.846
-0.136,-64.843
-0.13595,-64.836
-0.1359,-64.822
-0.13585,-64.814
-0.1358,-64.801
-0.13575,-64.79
-0.1357,-64.768
-0.13565,-64.744
-0.13561,-64.728
-0.13556,-64.711
-0.13551,-64.706
-0.13546,-64.704
-0.13541,-64.703
-0.13536,-64.702
-0.13531,-64.702
-0.13526,-64.702
-0.13521,-64.707
-0.13516,-64.711
-0.13511,-64.715
-0.13506,-64.717
-0.13501,-64.718
-0.13496,-64.718
-0.13491,-64.721
-0.13486,-64.722
-0.13481,-64.718
-0.13476,-64.719
-0.13471,-64.72
-0.13466,-64.728
-0.13461,-64.733
-0.13456,-64.73
-0.13451,-64.727
-0.13446,-64.724
-0.13441,-64.721
-0.13436,-64.724
-0.13431,-64.727
-0.13426,-64.727
-0.13421,-64.73
-0.13416,-64.73
-0.13411,-64.73
-0.13406,-64.725
-0.13401,-64.724
-0.13396,-64.721
-0.13391,-64.725
-0.13386,-64.725
-0.13381,-64.725
-0.13376,-64.725
-0.13371,-64.721
-0.13366,-64.718
-0.13361,-64.72
-0.13356,-64.725
-0.13351,-64.725
-0.13346,-64.725
-0.13341,-64.72
-0.13336,-64.72
-0.13331,-64.724
-0.13326,-64.727
-0.13321,-64.729
-0.13316,-64.726
-0.13311,-64.724
-0.13306,-64.74
-0.13301,-64.752
-0.13296,-64.759
-0.13291,-64.766
-0.13287,-64.77
-0.13282,-64.774
-0.13277,-64.785
-0.13272,-64.793
-0.13267,-64.798
-0.13262,-64.801
-0.13257,-64.804
-0.13252,-64.807
-0.13247,-64.817
-0.13242,-64.825
-0.13237,-64.828
-0.13232,-64.829
-0.13227,-64.838
-0.13222,-64.849
-0.13217,-64.858
-0.13212,-64.86
-0.13207,-64.875
-0.13202,-64.89
-0.13197,-64.888
-0.13192,-64.904
-0.13187,-64.913
-0.13182,-64.906
-0.13177,-64.898
-0.13172,-64.896
-0.13167,-64.895
-0.13162,-64.896
-0.13157,-64.896
-0.13152,-64.892
-0.13147,-64.893
-0.13142,-64.9
-0.13137,-64.907
-0.13132,-64.907
-0.13127,-64.907
-0.13122,-64.909
-0.13117,-64.916
-0.13112,-64.923
-0.13107,-64.932
-0.13102,-64.925
-0.13097,-64.92
-0.13092,-64.917
-0.13087,-64.925
-0.13082,-64.93
-0.13077,-64.928
-0.13072,-64.917
-0.13067,-64.917
-0.13062,-64.922
-0.13057,-64.924
-0.13052,-64.92
-0.13047,-64.924
-0.13042,-64.923
-0.13037,-64.933
-0.13032,-64.937
-0.13027,-64.937
-0.13022,-64.937
-0.13017,-64.933
-0.13013,-64.934
-0.13008,-64.931
-0.13003,-64.93
-0.12998,-64.927
-0.12993,-64.924
-0.12988,-64.921
-0.12983,-64.921
-0.12978,-64.923
-0.12973,-64.923
-0.12968,-64.92
-0.12963,-64.917
-0.12958,-64.917
-0.12953,-64.917
-0.12948,-64.912
-0.12943,-64.907
-0.12938,-64.906
-0.12933,-64.91
-0.12928,-64.91
-0.12923,-64.906
-0.12918,-64.902
-0.12913,-64.894
-0.12908,-64.892
-0.12903,-64.892
-0.12898,-64.888
-0.12893,-64.888
-0.12888,-64.887
-0.12883,-64.885
-0.12878,-64.886
-0.12873,-64.889
-0.12868,-64.884
-0.12863,-64.873
-0.12858,-64.839
-0.12853,-64.807
-0.12848,-64.762
-0.12843,-64.732
-0.12838,-64.722
-0.12833,-64.72
-0.12828,-64.72
-0.12823,-64.719
-0.12818,-64.717
-0.12813,-64.715
-0.12808,-64.71
-0.12803,-64.701
-0.12798,-64.704
-0.12793,-64.705
-0.12788,-64.69
-0.12783,-64.679
-0.12778,-64.679
-0.12773,-64.679
-0.12768,-64.676
-0.12763,-64.676
-0.12758,-64.676
-0.12753,-64.669
-0.12748,-64.666
-0.12743,-64.662
-0.12739,-64.662
-0.12734,-64.662
-0.12729,-64.655
-0.12724,-64.653
-0.12719,-64.653
-0.12714,-64.655
-0.12709,-64.656
-0.12704,-64.657
-0.12699,-64.657
-0.12694,-64.657
-0.12689,-64.662
-0.12684,-64.666
-0.12679,-64.668
-0.12674,-64.672
-0.12669,-64.682
-0.12664,-64.686
-0.12659,-64.688
-0.12654,-64.686
-0.12649,-64.699
-0.12644,-64.701
-0.12639,-64.709
-0.12634,-64.709
-0.12629,-64.714
-0.12624,-64.72
-0.12619,-64.727
-0.12614,-64.73
-0.12609,-64.732
-0.12604,-64.732
-0.12599,-64.732
-0.12594,-64.733
-0.12589,-64.733
-0.12584,-64.737
-0.12579,-64.738
-0.12574,-64.737
-0.12569,-64.739
-0.12564,-64.739
-0.12559,-64.739
-0.12554,-64.742
-0.12549,-64.75
-0.12544,-64.75
-0.12539,-64.755
-0.12534,-64.762
-0.12529,-64.771
-0.12524,-64.772
-0.12519,-64.772
-0.12514,-64.77
-0.12509,-64.769
-0.12504,-64.768
-0.12499,-64.765
-0.12494,-64.762
-0.12489,-64.76
-0.12484,-64.759
-0.12479,-64.747
-0.12474,-64.737
-0.12469,-64.733
-0.12465,-64.73
-0.1246,-64.727
-0.12455,-64.726
-0.1245,-64.721
-0.12445,-64.711
-0.1244,-64.704
-0.12435,-64.704
-0.1243,-64.706
-0.12425,-64.708
-0.1242,-64.71
-0.12415,-64.711
-0.1241,-64.714
-0.12405,-64.707
-0.124,-64.71
-0.12395,-64.711
-0.1239,-64.714
-0.12385,-64.696
-0.1238,-64.685
-0.12375,-64.688
-0.1237,-64.691
-0.12365,-64.693
-0.1236,-64.694
-0.12355,-64.695
-0.1235,-64.694
-0.12345,-64.698
-0.1234,-64.695
-0.12335,-64.691
-0.1233,-64.685
-0.12325,-64.691
-0.1232,-64.691
-0.12315,-64.691
-0.1231,-64.691
-0.12305,-64.685
-0.123,-64.688
-0.12295,-64.697
-0.1229,-64.701
-0.12285,-64.701
-0.1228,-64.697
-0.12275,-64.697
-0.1227,-64.697
-0.12265,-64.698
-0.1226,-64.695
-0.12255,-64.693
-0.1225,-64.693
-0.12245,-64.687
-0.1224,-64.681
-0.12235,-64.679
-0.1223,-64.677
-0.12225,-64.671
-0.1222,-64.664
-0.12215,-64.656
-0.1221,-64.65
-0.12205,-64.654
-0.122,-64.653
-0.12195,-64.65
-0.12191,-64.64
-0.12186,-64.636
-0.12181,-64.635
-0.12176,-64.647
-0.12171,-64.651
-0.12166,-64.654
-0.12161,-64.66
-0.12156,-64.669
-0.12151,-64.679
-0.12146,-64.688
-0.12141,-64.693
-0.12136,-64.696
-0.12131,-64.703
-0.12126,-64.707
-0.12121,-64.706
-0.12116,-64.705
-0.12111,-64.704
-0.12106,-64.703
-0.12101,-64.704
-0.12096,-64.704
-0.12091,-64.704
-0.12086,-64.709
-0.12081,-64.711
-0.12076,-64.716
-0.12071,-64.727
-0.12066,-64.722
-0.12061,-64.724
-0.12056,-64.728
-0.12051,-64.725
-0.12046,-64.725
-0.12041,-64.721
-0.12036,-64.724
-0.12031,-64.724
-0.12026,-64.729
-0.12021,-64.738
-0.12016,-64.731
-0.12011,-64.733
-0.12006,-64.735
-0.12001,-64.735
-0.11996,-64.735
-0.11991,-64.737
-0.11986,-64.734
-0.11981,-64.734
-0.11976,-64.734
-0.11971,-64.73
-0.11966,-64.73
-0.11961,-64.73
-0.11956,-64.73
-0.11951,-64.727
-0.11946,-64.724
-0.11941,-64.729
-0.11936,-64.727
-0.11931,-64.721
-0.11926,-64.718
-0.11921,-64.715
-0.11917,-64.718
-0.11912,-64.71
-0.11907,-64.706
-0.11902,-64.703
-0.11897,-64.7
-0.11892,-64.691
-0.11887,-64.682
-0.11882,-64.669
-0.11877,-64.647
-0.11872,-64.612
-0.11867,-64.596
-0.11862,-64.6
-0.11857,-64.595
-0.11852,-64.591
-0.11847,-64.589
-0.11842,-64.585
-0.11837,-64.582
-0.11832,-64.582
-0.11827,-64.585
-0.11822,-64.579
-0.11817,-64.576
-0.11812,-64.573
-0.11807,-64.573
-0.11802,-64.574
-0.11797,-64.574
-0.11792,-64.574
-0.11787,-64.571
-0.11782,-64.567
-0.11777,-64.567
-0.11772,-64.567
-0.11767,-64.569
-0.11762,-64.576
-0.11757,-64.582
-0.11752,-64.589
-0.11747,-64.6
-0.11742,-64.609
-0.11737,-64.612
-0.11732,-64.614
-0.11727,-64.618
-0.11722,-64.622
-0.11717,-64.625
-0.11712,-64.624
-0.11707,-64.635
-0.11702,-64.642
-0.11697,-64.643
-0.11692,-64.647
-0.11687,-64.653
-0.11682,-64.663
-0.11677,-64.673
-0.11672,-64.679
-0.11667,-64.679
-0.11662,-64.681
-0.11657,-64.7
-0.11652,-64.722
-0.11647,-64.724
-0.11643,-64.726
-0.11638,-64.717
-0.11633,-64.714
-0.11628,-64.721
-0.11623,-64.727
-0.11618,-64.727
-0.11613,-64.728
-0.11608,-64.742
-0.11603,-64.752
-0.11598,-64.754
-0.11593,-64.754
-0.11588,-64.754
-0.11583,-64.755
-0.11578,-64.757
-0.11573,-64.769
-0.11568,-64.782
-0.11563,-64.782
-0.11558,-64.782
-0.11553,-64.782
-0.11548,-64.784
-0.11543,-64.788
-0.11538,-64.791
-0.11533,-64.791
-0.11528,-64.793
-0.11523,-64.794
-0.11518,-64.795
-0.11513,-64.796
-0.11508,-64.798
-0.11503,-64.799
-0.11498,-64.801
-0.11493,-64.804
-0.11488,-64.81
-0.11483,-64.814
-0.11478,-64.819
-0.11473,-64.82
-0.11468,-64.815
-0.11463,-64.815
-0.11458,-64.82
-0.11453,-64.826
-0.11448,-64.828
-0.11443,-64.833
-0.11438,-64.835
-0.11433,-64.846
-0.11428,-64.848
-0.11423,-64.849
-0.11418,-64.851
-0.11413,-64.854
-0.11408,-64.846
-0.11403,-64.827
-0.11398,-64.821
-0.11393,-64.818
-0.11388,-64.817
-0.11383,-64.82
-0.11378,-64.812
-0.11373,-64.802
-0.11369,-64.803
-0.11364,-64.804
-0.11359,-64.804
-0.11354,-64.797
-0.11349,-64.797
-0.11344,-64.795
-0.11339,-64.792
-0.11334,-64.794
-0.11329,-64.798
-0.11324,-64.798
-0.11319,-64.797
-0.11314,-64.797
-0.11309,-64.778
-0.11304,-64.764
-0.11299,-64.764
-0.11294,-64.763
-0.11289,-64.763
-0.11284,-64.769
-0.11279,-64.772
-0.11274,-64.774
-0.11269,-64.778
-0.11264,-64.784
-0.11259,-64.79
-0.11254,-64.794
-0.11249,-64.794
-0.11244,-64.793
-0.11239,-64.791
-0.11234,-64.789
-0.11229,-64.774
-0.11224,-64.77
-0.11219,-64.766
-0.11214,-64.759
-0.11209,-64.753
-0.11204,-64.752
-0.11199,-64.75
-0.11194,-64.747
-0.11189,-64.745
-0.11184,-64.737
-0.11179,-64.73
-0.11174,-64.727
-0.11169,-64.726
-0.11164,-64.723
-0.11159,-64.717
-0.11154,-64.713
-0.11149,-64.704
-0.11144,-64.694
-0.11139,-64.677
-0.11134,-64.671
-0.11129,-64.666
-0.11124,-64.663
-0.11119,-64.655
-0.11114,-64.644
-0.11109,-64.644
-0.11104,-64.644
-0.11099,-64.624
-0.11095,-64.608
-0.1109,-64.608
-0.11085,-64.603
-0.1108,-64.599
-0.11075,-64.595
-0.1107,-64.595
-0.11065,-64.596
-0.1106,-64.599
-0.11055,-64.605
-0.1105,-64.614
-0.11045,-64.623
-0.1104,-64.63
-0.11035,-64.635
-0.1103,-64.635
-0.11025,-64.636
-0.1102,-64.638
-0.11015,-64.64
-0.1101,-64.645
-0.11005,-64.649
-0.11,-64.65
-0.10995,-64.654
-0.1099,-64.659
-0.10985,-64.663
-0.1098,-64.672
-0.10975,-64.682
-0.1097,-64.682
-0.10965,-64.682
-0.1096,-64.688
-0.10955,-64.694
-0.1095,-64.701
-0.10945,-64.71
-0.1094,-64.714
-0.10935,-64.721
-0.1093,-64.733
-0.10925,-64.743
-0.1092,-64.746
-0.10915,-64.747
-0.1091,-64.748
-0.10905,-64.748
-0.109,-64.75
-0.10895,-64.752
-0.1089,-64.753
-0.10885,-64.75
-0.1088,-64.749
-0.10875,-64.746
-0.1087,-64.75
-0.10865,-64.755
-0.1086,-64.757
-0.10855,-64.763
-0.1085,-64.769
-0.10845,-64.769
-0.1084,-64.768
-0.10835,-64.768
-0.1083,-64.77
-0.10825,-64.775
-0.10821,-64.782
-0.10816,-64.783
-0.10811,-64.776
-0.10806,-64.771
-0.10801,-64.77
-0.10796,-64.762
-0.10791,-64.753
-0.10786,-64.756
-0.10781,-64.754
-0.10776,-64.75
-0.10771,-64.744
-0.10766,-64.746
-0.10761,-64.748
-0.10756,-64.736
-0.10751,-64.727
-0.10746,-64.724
-0.10741,-64.725
-0.10736,-64.727
-0.10731,-64.726
-0.10726,-64.72
-0.10721,-64.716
-0.10716,-64.713
-0.10711,-64.71
-0.10706,-64.71
-0.10701,-64.71
-0.10696,-64.708
-0.10691,-64.707
-0.10686,-64.707
-0.10681,-64.705
-0.10676,-64.705
-0.10671,-64.698
-0.10666,-64.698
-0.10661,-64.695
-0.10656,-64.695
-0.10651,-64.695
-0.10646,-64.698
-0.10641,-64.704
-0.10636,-64.695
-0.10631,-64.679
-0.10626,-64.673
-0.10621,-64.682
-0.10616,-64.689
-0.10611,-64.69
-0.10606,-64.692
-0.10601,-64.696
-0.10596,-64.701
-0.10591,-64.705
-0.10586,-64.702
-0.10581,-64.708
-0.10576,-64.719
-0.10571,-64.724
-0.10566,-64.727
-0.10561,-64.725
-0.10556,-64.728
-0.10551,-64.736
-0.10547,-64.744
-0.10542,-64.75
-0.10537,-64.756
-0.10532,-64.762
-0.10527,-64.765
-0.10522,-64.769
-0.10517,-64.771
-0.10512,-64.772
-0.10507,-64.776
-0.10502,-64.785
-0.10497,-64.795
-0.10492,-64.801
-0.10487,-64.804
-0.10482,-64.807
-0.10477,-64.816
-0.10472,-64.824
-0.10467,-64.829
-0.10462,-64.834
-0.10457,-64.837
-0.10452,-64.837
-0.10447,-64.845
-0.10442,-64.849
-0.10437,-64.855
-0.10432,-64.868
-0.10427,-64.881
-0.10422,-64.885
-0.10417,-64.898
-0.10412,-64.911
-0.10407,-64.919
-0.10402,-64.924
-0.10397,-64.935
-0.10392,-64.947
-0.10387,-64.962
-0.10382,-64.973
-0.10377,-64.975
-0.10372,-64.975
-0.10367,-64.982
-0.10362,-64.986
-0.10357,-64.986
-0.10352,-64.981
-0.10347,-64.978
-0.10342,-64.98
-0.10337,-64.98
-0.10332,-64.98
-0.10327,-64.975
-0.10322,-64.971
-0.10317,-64.971
-0.10312,-64.971
-0.10307,-64.971
-0.10302,-64.971
-0.10297,-64.969
-0.10292,-64.965
-0.10287,-64.965
-0.10282,-64.963
-0.10277,-64.956
-0.10273,-64.949
-0.10268,-64.946
-0.10263,-64.943
-0.10258,-64.943
-0.10253,-64.933
-0.10248,-64.917
-0.10243,-64.904
-0.10238,-64.879
-0.10233,-64.853
-0.10228,-64.838
-0.10223,-64.82
-0.10218,-64.799
-0.10213,-64.797
-0.10208,-64.798
-0.10203,-64.799
-0.10198,-64.801
-0.10193,-64.804
-0.10188,-64.807
-0.10183,-64.809
-0.10178,-64.81
-0.10173,-64.813
-0.10168,-64.81
-0.10163,-64.81
-0.10158,-64.811
-0.10153,-64.81
-0.10148,-64.808
-0.10143,-64.809
-0.10138,-64.809
-0.10133,-64.811
-0.10128,-64.809
-0.10123,-64.803
-0.10118,-64.795
-0.10113,-64.795
-0.10108,-64.791
-0.10103,-64.795
-0.10098,-64.795
-0.10093,-64.802
-0.10088,-64.806
-0.10083,-64.804
-0.10078,-64.807
-0.10073,-64.809
-0.10068,-64.811
-0.10063,-64.811
-0.10058,-64.809
-0.10053,-64.809
-0.10048,-64.809
-0.10043,-64.805
-0.10038,-64.801
-0.10033,-64.798
-0.10028,-64.796
-0.10023,-64.793
-0.10018,-64.79
-0.10013,-64.791
-0.10008,-64.79
-0.10003,-64.79
-0.099985,-64.79
-0.099935,-64.79
-0.099885,-64.793
-0.099836,-64.794
-0.099786,-64.799
-0.099736,-64.799
-0.099686,-64.799
-0.099636,-64.803
-0.099587,-64.806
-0.099537,-64.81
-0.099487,-64.812
-0.099437,-64.811
-0.099387,-64.811
-0.099337,-64.812
-0.099288,-64.814
-0.099238,-64.817
-0.099188,-64.817
-0.099138,-64.82
-0.099088,-64.826
-0.099039,-64.833
-0.098989,-64.836
-0.098939,-64.83
-0.098889,-64.823
-0.098839,-64.823
-0.098789,-64.827
-0.09874,-64.83
-0.09869,-64.838
-0.09864,-64.851
-0.09859,-64.862
-0.09854,-64.868
-0.098491,-64.87
-0.098441,-64.87
-0.098391,-64.87
-0.098341,-64.874
-0.098291,-64.875
-0.098241,-64.88
-0.098192,-64.882
-0.098142,-64.895
-0.098092,-64.9
-0.098042,-64.901
-0.097992,-64.901
-0.097943,-64.905
-0.097893,-64.905
-0.097843,-64.905
-0.097793,-64.905
-0.097743,-64.91
-0.097693,-64.92
-0.097644,-64.923
-0.097594,-64.923
-0.097544,-64.925
-0.097494,-64.935
-0.097444,-64.936
-0.097395,-64.927
-0.097345,-64.927
-0.097295,-64.927
-0.097245,-64.927
-0.097195,-64.925
-0.097145,-64.923
-0.097096,-64.92
-0.097046,-64.92
-0.096996,-64.922
-0.096946,-64.923
-0.096896,-64.923
-0.096847,-64.935
-0.096797,-64.936
-0.096747,-64.939
-0.096697,-64.94
-0.096647,-64.942
-0.096597,-64.943
-0.096548,-64.943
-0.096498,-64.94
-0.096448,-64.94
-0.096398,-64.943
-0.096348,-64.943
-0.096299,-64.943
-0.096249,-64.938
-0.096199,-64.933
-0.096149,-64.933
-0.096099,-64.922
-0.096049,-64.907
-0.096,-64.907
-0.09595,-64.907
-0.0959,-64.905
-0.09585,-64.905
-0.0958,-64.905
-0.095751,-64.902
-0.095701,-64.899
-0.095651,-64.897
-0.095601,-64.894
-0.095551,-64.891
-0.095501,-64.888
-0.095452,-64.885
-0.095402,-64.885
-0.095352,-64.888
-0.095302,-64.888
-0.095252,-64.888
-0.095203,-64.88
-0.095153,-64.872
-0.095103,-64.87
-0.095053,-64.869
-0.095003,-64.855
-0.094953,-64.845
-0.094904,-64.846
-0.094854,-64.852
-0.094804,-64.852
-0.094754,-64.846
-0.094704,-64.852
-0.094655,-64.855
-0.094605,-64.843
-0.094555,-64.83
-0.094505,-64.824
-0.094455,-64.815
-0.094405,-64.813
-0.094356,-64.81
-0.094306,-64.81
-0.094256,-64.811
-0.094206,-64.804
-0.094156,-64.796
-0.094107,-64.778
-0.094057,-64.758
-0.094007,-64.746
-0.093957,-64.74
-0.093907,-64.745
-0.093857,-64.742
-0.093808,-64.735
-0.093758,-64.733
-0.093708,-64.723
-0.093658,-64.703
-0.093608,-64.696
-0.093559,-64.697
-0.093509,-64.687
-0.093459,-64.68
-0.093409,-64.675
-0.093359,-64.675
-0.093309,-64.671
-0.09326,-64.671
-0.09321,-64.669
-0.09316,-64.678
-0.09311,-64.679
-0.09306,-64.676
-0.093011,-64.663
-0.092961,-64.661
-0.092911,-64.653
-0.092861,-64.648
-0.092811,-64.637
-0.092761,-64.637
-0.092712,-64.634
-0.092662,-64.63
-0.092612,-64.636
-0.092562,-64.633
-0.092512,-64.63
-0.092463,-64.627
-0.092413,-64.621
-0.092363,-64.618
-0.092313,-64.614
-0.092263,-64.614
-0.092213,-64.614
-0.092164,-64.611
-0.092114,-64.605
-0.092064,-64.605
-0.092014,-64.601
-0.091964,-64.601
-0.091915,-64.601
-0.091865,-64.611
-0.091815,-64.618
-0.091765,-64.614
-0.091715,-64.611
-0.091665,-64.604
-0.091616,-64.603
-0.091566,-64.6
-0.091516,-64.6
-0.091466,-64.601
-0.091416,-64.598
-0.091367,-64.592
-0.091317,-64.598
-0.091267,-64.601
-0.091217,-64.601
-0.091167,-64.608
-0.091117,-64.608
-0.091068,-64.608
-0.091018,-64.608
-0.090968,-64.611
-0.090918,-64.611
-0.090868,-64.611
-0.090819,-64.611
-0.090769,-64.612
-0.090719,-64.613
-0.090669,-64.621
-0.090619,-64.627
-0.090569,-64.632
-0.09052,-64.637
-0.09047,-64.638
-0.09042,-64.639
-0.09037,-64.639
-0.09032,-64.64
-0.090271,-64.649
-0.090221,-64.649
-0.090171,-64.647
-0.090121,-64.663
-0.090071,-64.675
-0.090021,-64.682
-0.089972,-64.691
-0.089922,-64.696
-0.089872,-64.698
-0.089822,-64.704
-0.089772,-64.717
-0.089723,-64.711
-0.089673,-64.71
-0.089623,-64.716
-0.089573,-64.722
-0.089523,-64.728
-0.089473,-64.738
-0.089424,-64.738
-0.089374,-64.738
-0.089324,-64.739
-0.089274,-64.74
-0.089224,-64.743
-0.089175,-64.746
-0.089125,-64.753
-0.089075,-64.763
-0.089025,-64.769
-0.088975,-64.78
-0.088925,-64.78
-0.088876,-64.78
-0.088826,-64.782
-0.088776,-64.788
-0.088726,-64.794
-0.088676,-64.794
-0.088627,-64.797
-0.088577,-64.801
-0.088527,-64.811
-0.088477,-64.815
-0.088427,-64.819
-0.088377,-64.827
-0.088328,-64.839
-0.088278,-64.852
-0.088228,-64.858
-0.088178,-64.86
-0.088128,-64.861
-0.088079,-64.853
-0.088029,-64.852
-0.087979,-64.855
-0.087929,-64.855
-0.087879,-64.861
-0.087829,-64.863
-0.08778,-64.861
-0.08773,-64.855
-0.08768,-64.861
-0.08763,-64.863
-0.08758,-64.865
-0.087531,-64.859
-0.087481,-64.856
-0.087431,-64.856
-0.087381,-64.859
-0.087331,-64.862
-0.087281,-64.858
-0.087232,-64.858
-0.087182,-64.86
-0.087132,-64.862
-0.087082,-64.867
-0.087032,-64.862
-0.086983,-64.858
-0.086933,-64.864
-0.086883,-64.872
-0.086833,-64.879
-0.086783,-64.874
-0.086733,-64.867
-0.086684,-64.865
-0.086634,-64.86
-0.086584,-64.86
-0.086534,-64.86
-0.086484,-64.86
-0.086435,-64.86
-0.086385,-64.86
-0.086335,-64.859
-0.086285,-64.857
-0.086235,-64.85
-0.086185,-64.846
-0.086136,-64.841
-0.086086,-64.837
-0.086036,-64.838
-0.085986,-64.843
-0.085936,-64.84
-0.085887,-64.837
-0.085837,-64.83
-0.085787,-64.824
-0.085737,-64.822
-0.085687,-64.824
-0.085637,-64.824
-0.085588,-64.821
-0.085538,-64.819
-0.085488,-64.817
-0.085438,-64.809
-0.085388,-64.8
-0.085339,-64.797
-0.085289,-64.799
-0.085239,-64.793
-0.085189,-64.779
-0.085139,-64.765
-0.085089,-64.762
-0.08504,-64.765
-0.08499,-64.771
-0.08494,-64.766
-0.08489,-64.766
-0.08484,-64.771
-0.084791,-64.771
-0.084741,-64.766
-0.084691,-64.759
-0.084641,-64.762
-0.084591,-64.759
-0.084541,-64.763
-0.084492,-64.763
-0.084442,-64.759
-0.084392,-64.759
-0.084342,-64.759
-0.084292,-64.768
-0.084243,-64.779
-0.084193,-64.785
-0.084143,-64.788
-0.084093,-64.785
-0.084043,-64.791
-0.083993,-64.782
-0.083944,-64.782
-0.083894,-64.782
-0.083844,-64.773
-0.083794,-64.769
-0.083744,-64.768
-0.083695,-64.768
-0.083645,-64.769
-0.083595,-64.774
-0.083545,-64.774
-0.083495,-64.774
-0.083445,-64.788
-0.083396,-64.798
-0.083346,-64.799
-0.083296,-64.807
-0.083246,-64.815
-0.083196,-64.807
-0.083147,-64.799
-0.083097,-64.801
-0.083047,-64.813
-0.082997,-64.812
-0.082947,-64.821
-0.082897,-64.826
-0.082848,-64.826
-0.082798,-64.828
-0.082748,-64.832
-0.082698,-64.838
-0.082648,-64.848
-0.082599,-64.853
-0.082549,-64.856
-0.082499,-64.861
-0.082449,-64.866
-0.082399,-64.869
-0.082349,-64.869
-0.0823,-64.869
-0.08225,-64.869
-0.0822,-64.869
-0.08215,-64.875
-0.0821,-64.876
-0.082051,-64.879
-0.082001,-64.88
-0.081951,-64.879
-0.081901,-64.868
-0.081851,-64.87
-0.081801,-64.865
-0.081752,-64.864
-0.081702,-64.862
-0.081652,-64.866
-0.081602,-64.867
-0.081552,-64.87
-0.081503,-64.881
-0.081453,-64.888
-0.081403,-64.888
-0.081353,-64.888
-0.081303,-64.888
-0.081253,-64.888
-0.081204,-64.89
-0.081154,-64.892
-0.081104,-64.897
-0.081054,-64.901
-0.081004,-64.901
-0.080955,-64.901
-0.080905,-64.901
-0.080855,-64.901
-0.080805,-64.907
-0.080755,-64.907
-0.080705,-64.91
-0.080656,-64.916
-0.080606,-64.916
-0.080556,-64.914
-0.080506,-64.924
-0.080456,-64.923
-0.080407,-64.923
-0.080357,-64.92
-0.080307,-64.93
-0.080257,-64.935
-0.080207,-64.939
-0.080157,-64.941
-0.080108,-64.94
-0.080058,-64.946
-0.080008,-64.947
-0.079958,-64.959
-0.079908,-64.969
-0.079859,-64.975
-0.079809,-64.985
-0.079759,-65
-0.079709,-65
-0.079659,-65.003
-0.079609,-65.004
-0.07956,-65.006
-0.07951,-65.01
-0.07946,-65.014
-0.07941,-65.016
-0.07936,-65.016
-0.079311,-65.013
-0.079261,-65.012
-0.079211,-65.01
-0.079161,-65.011
-0.079111,-65.014
-0.079061,-65.017
-0.079012,-65.017
-0.078962,-65.017
-0.078912,-65.017
-0.078862,-65.013
-0.078812,-65.013
-0.078763,-65.013
-0.078713,-65.016
-0.078663,-65.017
-0.078613,-65.01
-0.078563,-65.01
-0.078513,-64.998
-0.078464,-64.999
-0.078414,-65.012
-0.078364,-65.012
-0.078314,-64.999
-0.078264,-64.999
-0.078215,-64.994
-0.078165,-64.988
-0.078115,-64.972
-0.078065,-64.956
-0.078015,-64.943
-0.077965,-64.933
-0.077916,-64.922
-0.077866,-64.917
-0.077816,-64.914
-0.077766,-64.921
-0.077716,-64.919
-0.077667,-64.92
-0.077617,-64.919
-0.077567,-64.921
-0.077517,-64.922
-0.077467,-64.919
-0.077417,-64.919
-0.077368,-64.919
-0.077318,-64.921
-0.077268,-64.93
-0.077218,-64.93
-0.077168,-64.932
-0.077119,-64.932
-0.077069,-64.934
-0.077019,-64.936
-0.076969,-64.939
-0.076919,-64.943
-0.076869,-64.945
-0.07682,-64.946
-0.07677,-64.946
-0.07672,-64.952
-0.07667,-64.959
-0.07662,-64.959
-0.076571,-64.962
-0.076521,-64.972
-0.076471,-64.984
-0.076421,-64.988
-0.076371,-64.991
-0.076321,-64.997
-0.076272,-64.999
-0.076222,-65.001
-0.076172,-65.003
-0.076122,-65.007
-0.076072,-65.01
-0.076023,-65.014
-0.075973,-65.02
-0.075923,-65.029
-0.075873,-65.038
-0.075823,-65.038
-0.075773,-65.036
-0.075724,-65.034
-0.075674,-65.033
-0.075624,-65.041
-0.075574,-65.046
-0.075524,-65.049
-0.075475,-65.049
-0.075425,-65.058
-0.075375,-65.073
-0.075325,-65.086
-0.075275,-65.09
-0.075225,-65.086
-0.075176,-65.083
-0.075126,-65.084
-0.075076,-65.084
-0.075026,-65.086
-0.074976,-65.087
-0.074927,-65.091
-0.074877,-65.091
-0.074827,-65.087
-0.074777,-65.085
-0.074727,-65.083
-0.074677,-65.081
-0.074628,-65.079
-0.074578,-65.076
-0.074528,-65.072
-0.074478,-65.069
-0.074428,-65.066
-0.074379,-65.066
-0.074329,-65.063
-0.074279,-65.062
-0.074229,-65.059
-0.074179,-65.058
-0.074129,-65.062
-0.07408,-65.062
-0.07403,-65.062
-0.07398,-65.062
-0.07393,-65.062
-0.07388,-65.062
-0.073831,-65.068
-0.073781,-65.071
-0.073731,-65.07
-0.073681,-65.07
-0.073631,-65.068
-0.073581,-65.059
-0.073532,-65.047
-0.073482,-65.036
-0.073432,-65.025
-0.073382,-65.019
-0.073332,-65.01
-0.073283,-65.007
-0.073233,-65.01
-0.073183,-65.011
-0.073133,-65.011
-0.073083,-65.011
-0.073033,-65.024
-0.072984,-65.044
-0.072934,-65.048
-0.072884,-65.055
-0.072834,-65.049
-0.072784,-65.036
-0.072735,-65.03
-0.072685,-65.034
-0.072635,-65.033
-0.072585,-65.037
-0.072535,-65.042
-0.072485,-65.047
-0.072436,-65.046
-0.072386,-65.042
-0.072336,-65.04
-0.072286,-65.04
-0.072236,-65.033
-0.072187,-65.026
-0.072137,-65.026
-0.072087,-65.03
-0.072037,-65.03
-0.071987,-65.024
-0.071937,-65.02
-0.071888,-65.011
-0.071838,-65.011
-0.071788,-65.011
-0.071738,-65.009
-0.071688,-65.009
-0.071639,-65.009
-0.071589,-65.009
-0.071539,-65.009
-0.071489,-65.004
-0.071439,-65.008
-0.071389,-65.012
-0.07134,-65.012
-0.07129,-65.012
-0.07124,-64.997
-0.07119,-64.981
-0.07114,-64.975
-0.071091,-64.972
-0.071041,-64.968
-0.070991,-64.97
-0.070941,-64.969
-0.070891,-64.946
-0.070841,-64.922
-0.070792,-64.885
-0.070742,-64.86
-0.070692,-64.862
-0.070642,-64.862
-0.070592,-64.862
-0.070543,-64.862
-0.070493,-64.862
-0.070443,-64.866
-0.070393,-64.871
-0.070343,-64.873
-0.070293,-64.875
-0.070244,-64.881
-0.070194,-64.882
-0.070144,-64.89
-0.070094,-64.891
-0.070044,-64.891
-0.069995,-64.898
-0.069945,-64.902
-0.069895,-64.906
-0.069845,-64.904
-0.069795,-64.901
-0.069745,-64.9
-0.069696,-64.9
-0.069646,-64.898
-0.069596,-64.899
-0.069546,-64.898
-0.069496,-64.897
-0.069447,-64.9
-0.069397,-64.901
-0.069347,-64.897
-0.069297,-64.894
-0.069247,-64.894
-0.069197,-64.895
-0.069148,-64.894
-0.069098,-64.894
-0.069048,-64.892
-0.068998,-64.888
-0.068948,-64.889
-0.068899,-64.89
-0.068849,-64.891
-0.068799,-64.886
-0.068749,-64.891
-0.068699,-64.891
-0.068649,-64.898
-0.0686,-64.898
-0.06855,-64.898
-0.0685,-64.901
-0.06845,-64.906
-0.0684,-64.906
-0.068351,-64.906
-0.068301,-64.906
-0.068251,-64.906
-0.068201,-64.91
-0.068151,-64.916
-0.068101,-64.92
-0.068052,-64.923
-0.068002,-64.93
-0.067952,-64.93
-0.067902,-64.931
-0.067852,-64.933
-0.067803,-64.936
-0.067753,-64.936
-0.067703,-64.938
-0.067653,-64.939
-0.067603,-64.943
-0.067553,-64.943
-0.067504,-64.939
-0.067454,-64.939
-0.067404,-64.942
-0.067354,-64.945
-0.067304,-64.943
-0.067255,-64.952
-0.067205,-64.966
-0.067155,-64.969
-0.067105,-64.971
-0.067055,-64.972
-0.067005,-64.972
-0.066956,-64.972
-0.066906,-64.972
-0.066856,-64.973
-0.066806,-64.977
-0.066756,-64.975
-0.066707,-64.975
-0.066657,-64.976
-0.066607,-64.979
-0.066557,-64.987
-0.066507,-64.994
-0.066457,-64.997
-0.066408,-64.998
-0.066358,-65.002
-0.066308,-65.006
-0.066258,-65.006
-0.066208,-65.006
-0.066159,-65.007
-0.066109,-65.014
-0.066059,-65.02
-0.066009,-65.016
-0.065959,-65.013
-0.065909,-65.008
-0.06586,-65.004
-0.06581,-65.015
-0.06576,-65.02
-0.06571,-65.016
-0.06566,-65.013
-0.065611,-65.018
-0.065561,-65.024
-0.065511,-65.031
-0.065461,-65.031
-0.065411,-65.03
-0.065361,-65.026
-0.065312,-65.026
-0.065262,-65.03
-0.065212,-65.03
-0.065162,-65.023
-0.065112,-65.023
-0.065063,-65.023
-0.065013,-65.027
-0.064963,-65.028
-0.064913,-65.03
-0.064863,-65.007
-0.064813,-64.968
-0.064764,-64.962
-0.064714,-64.959
-0.064664,-64.951
-0.064614,-64.945
-0.064564,-64.938
-0.064515,-64.925
-0.064465,-64.928
-0.064415,-64.933
-0.064365,-64.92
-0.064315,-64.92
-0.064265,-64.92
-0.064216,-64.925
-0.064166,-64.927
-0.064116,-64.93
-0.064066,-64.93
-0.064016,-64.927
-0.063967,-64.933
-0.063917,-64.937
-0.063867,-64.943
-0.063817,-64.945
-0.063767,-64.945
-0.063717,-64.948
-0.063668,-64.953
-0.063618,-64.949
-0.063568,-64.953
-0.063518,-64.956
-0.063468,-64.959
-0.063419,-64.959
-0.063369,-64.959
-0.063319,-64.959
-0.063269,-64.961
-0.063219,-64.968
-0.063169,-64.973
-0.06312,-64.973
-0.06307,-64.975
-0.06302,-64.978
-0.06297,-64.979
-0.06292,-64.979
-0.062871,-64.984
-0.062821,-64.991
-0.062771,-64.992
-0.062721,-65
-0.062671,-65.005
-0.062621,-65.008
-0.062572,-65.008
-0.062522,-65.008
-0.062472,-65.018
-0.062422,-65.03
-0.062372,-65.032
-0.062323,-65.037
-0.062273,-65.041
-0.062223,-65.042
-0.062173,-65.044
-0.062123,-65.046
-0.062073,-65.051
-0.062024,-65.057
-0.061974,-65.06
-0.061924,-65.06
-0.061874,-65.064
-0.061824,-65.068
-0.061775,-65.078
-0.061725,-65.087
-0.061675,-65.091
-0.061625,-65.094
-0.061575,-65.1
-0.061525,-65.111
-0.061476,-65.114
-0.061426,-65.118
-0.061376,-65.122
-0.061326,-65.126
-0.061276,-65.127
-0.061227,-65.126
-0.061177,-65.126
-0.061127,-65.126
-0.061077,-65.124
-0.061027,-65.126
-0.060977,-65.129
-0.060928,-65.148
-0.060878,-65.152
-0.060828,-65.152
-0.060778,-65.152
-0.060728,-65.152
-0.060679,-65.149
-0.060629,-65.143
-0.060579,-65.135
-0.060529,-65.133
-0.060479,-65.127
-0.060429,-65.123
-0.06038,-65.115
-0.06033,-65.107
-0.06028,-65.097
-0.06023,-65.093
-0.06018,-65.09
-0.060131,-65.085
-0.060081,-65.075
-0.060031,-65.075
-0.059981,-65.075
-0.059931,-65.059
-0.059881,-65.033
-0.059832,-65.026
-0.059782,-65.039
-0.059732,-65.05
-0.059682,-65.055
-0.059632,-65.058
-0.059583,-65.052
-0.059533,-65.048
-0.059483,-65.048
-0.059433,-65.049
-0.059383,-65.05
-0.059333,-65.051
-0.059284,-65.061
-0.059234,-65.066
-0.059184,-65.07
-0.059134,-65.07
-0.059084,-65.07
-0.059035,-65.074
-0.058985,-65.077
-0.058935,-65.073
-0.058885,-65.068
-0.058835,-65.068
-0.058785,-65.064
-0.058736,-65.057
-0.058686,-65.065
-0.058636,-65.073
-0.058586,-65.068
-0.058536,-65.062
-0.058487,-65.064
-0.058437,-65.061
-0.058387,-65.058
-0.058337,-65.057
-0.058287,-65.053
-0.058237,-65.055
-0.058188,-65.076
-0.058138,-65.104
-0.058088,-65.119
-0.058038,-65.122
-0.057988,-65.124
-0.057939,-65.111
-0.057889,-65.1
-0.057839,-65.094
-0.057789,-65.091
-0.057739,-65.088
-0.057689,-65.087
-0.05764,-65.078
-0.05759,-65.068
-0.05754,-65.065
-0.05749,-65.063
-0.05744,-65.058
-0.057391,-65.054
-0.057341,-65.052
-0.057291,-65.042
-0.057241,-65.03
-0.057191,-65.023
-0.057141,-65.019
-0.057092,-65.019
-0.057042,-65.019
-0.056992,-65.02
-0.056942,-65.001
-0.056892,-64.975
-0.056843,-64.981
-0.056793,-64.987
-0.056743,-64.978
-0.056693,-64.938
-0.056643,-64.92
-0.056593,-64.895
-0.056544,-64.862
-0.056494,-64.847
-0.056444,-64.833
-0.056394,-64.821
-0.056344,-64.825
-0.056295,-64.831
-0.056245,-64.839
-0.056195,-64.846
-0.056145,-64.85
-0.056095,-64.856
-0.056045,-64.856
-0.055996,-64.857
-0.055946,-64.867
-0.055896,-64.875
-0.055846,-64.878
-0.055796,-64.883
-0.055747,-64.886
-0.055697,-64.891
-0.055647,-64.896
-0.055597,-64.899
-0.055547,-64.903
-0.055497,-64.91
-0.055448,-64.91
-0.055398,-64.917
-0.055348,-64.92
-0.055298,-64.92
-0.055248,-64.92
-0.055199,-64.92
-0.055149,-64.923
-0.055099,-64.921
-0.055049,-64.921
-0.054999,-64.921
-0.054949,-64.92
-0.0549,-64.92
-0.05485,-64.921
-0.0548,-64.918
-0.05475,-64.916
-0.0547,-64.914
-0.054651,-64.917
-0.054601,-64.92
-0.054551,-64.92
-0.054501,-64.92
-0.054451,-64.921
-0.054401,-64.93
-0.054352,-64.942
-0.054302,-64.954
-0.054252,-64.96
-0.054202,-64.957
-0.054152,-64.957
-0.054103,-64.959
-0.054053,-64.964
-0.054003,-64.965
-0.053953,-64.968
-0.053903,-64.972
-0.053853,-64.969
-0.053804,-64.97
-0.053754,-64.974
-0.053704,-64.982
-0.053654,-65.001
-0.053604,-65.019
-0.053555,-65.025
-0.053505,-65.023
-0.053455,-65.026
-0.053405,-65.028
-0.053355,-65.031
-0.053305,-65.031
-0.053256,-65.027
-0.053206,-65.023
-0.053156,-65.027
-0.053106,-65.032
-0.053056,-65.036
-0.053007,-65.036
-0.052957,-65.039
-0.052907,-65.037
-0.052857,-65.037
-0.052807,-65.042
-0.052757,-65.042
-0.052708,-65.042
-0.052658,-65.042
-0.052608,-65.033
-0.052558,-65.024
-0.052508,-65.029
-0.052459,-65.034
-0.052409,-65.04
-0.052359,-65.048
-0.052309,-65.049
-0.052259,-65.056
-0.052209,-65.046
-0.05216,-65.042
-0.05211,-65.033
-0.05206,-65.027
-0.05201,-65.029
-0.05196,-65.026
-0.051911,-65.023
-0.051861,-65.02
-0.051811,-65.017
-0.051761,-65.015
-0.051711,-65.023
-0.051661,-65.017
-0.051612,-65.015
-0.051562,-65.012
-0.051512,-65.015
-0.051462,-65.01
-0.051412,-64.999
-0.051363,-64.989
-0.051313,-64.958
-0.051263,-64.935
-0.051213,-64.933
-0.051163,-64.922
-0.051113,-64.923
-0.051064,-64.925
-0.051014,-64.927
-0.050964,-64.927
-0.050914,-64.932
-0.050864,-64.936
-0.050815,-64.935
-0.050765,-64.93
-0.050715,-64.932
-0.050665,-64.933
-0.050615,-64.933
-0.050565,-64.933
-0.050516,-64.935
-0.050466,-64.938
-0.050416,-64.946
-0.050366,-64.954
-0.050316,-64.962
-0.050267,-64.962
-0.050217,-64.968
-0.050167,-64.98
-0.050117,-64.988
-0.050067,-64.991
-0.050017,-64.995
-0.049968,-65.001
-0.049918,-65.006
-0.049868,-65.009
-0.049818,-65.011
-0.049768,-65.015
-0.049719,-65.02
-0.049669,-65.024
-0.049619,-65.033
-0.049569,-65.036
-0.049519,-65.039
-0.049469,-65.046
-0.04942,-65.052
-0.04937,-65.061
-0.04932,-65.067
-0.04927,-65.071
-0.04922,-65.077
-0.049171,-65.083
-0.049121,-65.089
-0.049071,-65.092
-0.049021,-65.094
-0.048971,-65.094
-0.048921,-65.095
-0.048872,-65.099
-0.048822,-65.096
-0.048772,-65.095
-0.048722,-65.094
-0.048672,-65.089
-0.048623,-65.086
-0.048573,-65.089
-0.048523,-65.087
-0.048473,-65.081
-0.048423,-65.082
-0.048373,-65.081
-0.048324,-65.084
-0.048274,-65.087
-0.048224,-65.086
-0.048174,-65.086
-0.048124,-65.086
-0.048075,-65.087
-0.048025,-65.087
-0.047975,-65.087
-0.047925,-65.088
-0.047875,-65.093
-0.047825,-65.097
-0.047776,-65.1
-0.047726,-65.112
-0.047676,-65.12
-0.047626,-65.12
-0.047576,-65.12
-0.047527,-65.123
-0.047477,-65.132
-0.047427,-65.143
-0.047377,-65.155
-0.047327,-65.161
-0.047277,-65.161
-0.047228,-65.17
-0.047178,-65.179
-0.047128,-65.186
-0.047078,-65.197
-0.047028,-65.198
-0.046979,-65.199
-0.046929,-65.192
-0.046879,-65.173
-0.046829,-65.136
-0.046779,-65.113
-0.046729,-65.124
-0.04668,-65.134
-0.04663,-65.12
-0.04658,-65.105
-0.04653,-65.109
-0.04648,-65.113
-0.046431,-65.113
-0.046381,-65.114
-0.046331,-65.113
-0.046281,-65.111
-0.046231,-65.102
-0.046181,-65.095
-0.046132,-65.098
-0.046082,-65.098
-0.046032,-65.098
-0.045982,-65.099
-0.045932,-65.101
-0.045883,-65.101
-0.045833,-65.101
-0.045783,-65.099
-0.045733,-65.099
-0.045683,-65.097
-0.045633,-65.095
-0.045584,-65.095
-0.045534,-65.097
-0.045484,-65.105
-0.045434,-65.111
-0.045384,-65.104
-0.045335,-65.107
-0.045285,-65.108
-0.045235,-65.103
-0.045185,-65.1
-0.045135,-65.098
-0.045085,-65.098
-0.045036,-65.078
-0.044986,-65.083
-0.044936,-65.087
-0.044886,-65.087
-0.044836,-65.087
-0.044787,-65.087
-0.044737,-65.088
-0.044687,-65.087
-0.044637,-65.085
-0.044587,-65.08
-0.044537,-65.074
-0.044488,-65.074
-0.044438,-65.077
-0.044388,-65.076
-0.044338,-65.077
-0.044288,-65.077
-0.044239,-65.075
-0.044189,-65.075
-0.044139,-65.078
-0.044089,-65.076
-0.044039,-65.07
-0.043989,-65.074
-0.04394,-65.077
-0.04389,-65.079
-0.04384,-65.085
-0.04379,-65.093
-0.04374,-65.084
-0.043691,-65.084
-0.043641,-65.079
-0.043591,-65.078
-0.043541,-65.079
-0.043491,-65.076
-0.043441,-65.074
-0.043392,-65.071
-0.043342,-65.07
-0.043292,-65.08
-0.043242,-65.087
-0.043192,-65.087
-0.043143,-65.083
-0.043093,-65.083
-0.043043,-65.076
-0.042993,-65.075
-0.042943,-65.077
-0.042893,-65.077
-0.042844,-65.076
-0.042794,-65.073
-0.042744,-65.073
-0.042694,-65.071
-0.042644,-65.068
-0.042595,-65.066
-0.042545,-65.066
-0.042495,-65.066
-0.042445,-65.066
-0.042395,-65.068
-0.042345,-65.068
-0.042296,-65.068
-0.042246,-65.068
-0.042196,-65.066
-0.042146,-65.064
-0.042096,-65.063
-0.042047,-65.068
-0.041997,-65.06
-0.041947,-65.06
-0.041897,-65.06
-0.041847,-65.054
-0.041797,-65.047
-0.041748,-65.054
-0.041698,-65.054
-0.041648,-65.054
-0.041598,-65.054
-0.041548,-65.058
-0.041499,-65.051
-0.041449,-65.051
-0.041399,-65.052
-0.041349,-65.055
-0.041299,-65.055
-0.041249,-65.045
-0.0412,-65.033
-0.04115,-65.027
-0.0411,-65.017
-0.04105,-65.009
-0.041,-65.001
-0.040951,-65.004
-0.040901,-65.001
-0.040851,-65.002
-0.040801,-65.001
-0.040751,-64.999
-0.040701,-64.995
-0.040652,-64.995
-0.040602,-64.995
-0.040552,-64.993
-0.040502,-64.989
-0.040452,-64.989
-0.040403,-64.989
-0.040353,-64.987
-0.040303,-64.978
-0.040253,-64.983
-0.040203,-64.985
-0.040153,-64.979
-0.040104,-64.983
-0.040054,-64.988
-0.040004,-64.988
-0.039954,-64.984
-0.039904,-64.983
-0.039855,-64.978
-0.039805,-64.97
-0.039755,-64.967
-0.039705,-64.962
-0.039655,-64.957
-0.039605,-64.956
-0.039556,-64.943
-0.039506,-64.924
-0.039456,-64.929
-0.039406,-64.926
-0.039356,-64.922
-0.039307,-64.92
-0.039257,-64.919
-0.039207,-64.916
-0.039157,-64.916
-0.039107,-64.918
-0.039057,-64.916
-0.039008,-64.914
-0.038958,-64.907
-0.038908,-64.9
-0.038858,-64.9
-0.038808,-64.907
-0.038759,-64.914
-0.038709,-64.91
-0.038659,-64.914
-0.038609,-64.914
-0.038559,-64.914
-0.038509,-64.914
-0.03846,-64.914
-0.03841,-64.916
-0.03836,-64.908
-0.03831,-64.91
-0.03826,-64.913
-0.038211,-64.913
-0.038161,-64.91
-0.038111,-64.911
-0.038061,-64.91
-0.038011,-64.914
-0.037961,-64.914
-0.037912,-64.914
-0.037862,-64.914
-0.037812,-64.914
-0.037762,-64.913
-0.037712,-64.913
-0.037663,-64.91
-0.037613,-64.91
-0.037563,-64.91
-0.037513,-64.914
-0.037463,-64.916
-0.037413,-64.922
-0.037364,-64.935
-0.037314,-64.943
-0.037264,-64.943
-0.037214,-64.944
-0.037164,-64.938
-0.037115,-64.939
-0.037065,-64.946
-0.037015,-64.953
-0.036965,-64.959
-0.036915,-64.967
-0.036865,-64.981
-0.036816,-64.986
-0.036766,-64.994
-0.036716,-65.004
-0.036666,-65.007
-0.036616,-65.01
-0.036567,-65.014
-0.036517,-65.019
-0.036467,-65.02
-0.036417,-65.021
-0.036367,-65.022
-0.036317,-65.023
-0.036268,-65.021
-0.036218,-65.021
-0.036168,-65.017
-0.036118,-65.007
-0.036068,-65.006
-0.036019,-65.009
-0.035969,-65.006
-0.035919,-65.005
-0.035869,-65.003
-0.035819,-65.001
-0.035769,-65
-0.03572,-64.992
-0.03567,-64.981
-0.03562,-64.975
-0.03557,-64.975
-0.03552,-64.968
-0.035471,-64.963
-0.035421,-64.962
-0.035371,-64.955
-0.035321,-64.949
-0.035271,-64.943
-0.035221,-64.939
-0.035172,-64.934
-0.035122,-64.929
-0.035072,-64.929
-0.035022,-64.925
-0.034972,-64.919
-0.034923,-64.917
-0.034873,-64.912
-0.034823,-64.901
-0.034773,-64.886
-0.034723,-64.876
-0.034673,-64.869
-0.034624,-64.86
-0.034574,-64.86
-0.034524,-64.849
-0.034474,-64.84
-0.034424,-64.835
-0.034375,-64.823
-0.034325,-64.814
-0.034275,-64.814
-0.034225,-64.813
-0.034175,-64.82
-0.034125,-64.822
-0.034076,-64.826
-0.034026,-64.836
-0.033976,-64.84
-0.033926,-64.844
-0.033876,-64.846
-0.033827,-64.848
-0.033777,-64.853
-0.033727,-64.855
-0.033677,-64.855
-0.033627,-64.856
-0.033577,-64.86
-0.033528,-64.865
-0.033478,-64.869
-0.033428,-64.873
-0.033378,-64.881
-0.033328,-64.883
-0.033279,-64.886
-0.033229,-64.912
-0.033179,-64.923
-0.033129,-64.932
-0.033079,-64.938
-0.033029,-64.938
-0.03298,-64.946
-0.03293,-64.946
-0.03288,-64.951
-0.03283,-64.958
-0.03278,-64.963
-0.032731,-64.966
-0.032681,-64.967
-0.032631,-64.969
-0.032581,-64.972
-0.032531,-64.972
-0.032481,-64.975
-0.032432,-64.975
-0.032382,-64.975
-0.032332,-64.975
-0.032282,-64.98
-0.032232,-64.98
-0.032183,-64.982
-0.032133,-64.984
-0.032083,-64.983
-0.032033,-64.987
-0.031983,-64.99
-0.031933,-64.993
-0.031884,-64.981
-0.031834,-64.959
-0.031784,-64.959
-0.031734,-64.953
-0.031684,-64.953
-0.031635,-64.953
-0.031585,-64.953
-0.031535,-64.958
-0.031485,-64.962
-0.031435,-64.965
-0.031385,-64.97
-0.031336,-64.97
-0.031286,-64.969
-0.031236,-64.968
-0.031186,-64.969
-0.031136,-64.969
-0.031087,-64.968
-0.031037,-64.966
-0.030987,-64.962
-0.030937,-64.964
-0.030887,-64.962
-0.030837,-64.968
-0.030788,-64.967
-0.030738,-64.961
-0.030688,-64.961
-0.030638,-64.971
-0.030588,-64.978
-0.030539,-64.986
-0.030489,-64.982
-0.030439,-64.981
-0.030389,-64.983
-0.030339,-64.974
-0.030289,-64.964
-0.03024,-64.947
-0.03019,-64.932
-0.03014,-64.91
-0.03009,-64.861
-0.03004,-64.803
-0.029991,-64.791
-0.029941,-64.778
-0.029891,-64.776
-0.029841,-64.769
-0.029791,-64.761
-0.029741,-64.752
-0.029692,-64.741
-0.029642,-64.735
-0.029592,-64.736
-0.029542,-64.738
-0.029492,-64.741
-0.029443,-64.744
-0.029393,-64.744
-0.029343,-64.741
-0.029293,-64.74
-0.029243,-64.743
-0.029193,-64.747
-0.029144,-64.748
-0.029094,-64.75
-0.029044,-64.75
-0.028994,-64.75
-0.028944,-64.751
-0.028895,-64.75
-0.028845,-64.748
-0.028795,-64.748
-0.028745,-64.75
-0.028695,-64.75
-0.028645,-64.75
-0.028596,-64.75
-0.028546,-64.749
-0.028496,-64.746
-0.028446,-64.74
-0.028396,-64.745
-0.028347,-64.756
-0.028297,-64.762
-0.028247,-64.773
-0.028197,-64.775
-0.028147,-64.775
-0.028097,-64.767
-0.028048,-64.767
-0.027998,-64.767
-0.027948,-64.769
-0.027898,-64.773
-0.027848,-64.778
-0.027799,-64.778
-0.027749,-64.792
-0.027699,-64.81
-0.027649,-64.822
-0.027599,-64.836
-0.027549,-64.851
-0.0275,-64.856
-0.02745,-64.859
-0.0274,-64.863
-0.02735,-64.872
-0.0273,-64.879
-0.027251,-64.885
-0.027201,-64.888
-0.027151,-64.891
-0.027101,-64.897
-0.027051,-64.901
-0.027001,-64.903
-0.026952,-64.907
-0.026902,-64.911
-0.026852,-64.913
-0.026802,-64.921
-0.026752,-64.931
-0.026703,-64.941
-0.026653,-64.946
-0.026603,-64.947
-0.026553,-64.948
-0.026503,-64.948
-0.026453,-64.948
-0.026404,-64.948
-0.026354,-64.948
-0.026304,-64.948
-0.026254,-64.948
-0.026204,-64.946
-0.026155,-64.948
-0.026105,-64.948
-0.026055,-64.952
-0.026005,-64.95
-0.025955,-64.945
-0.025905,-64.945
-0.025856,-64.936
-0.025806,-64.93
-0.025756,-64.921
-0.025706,-64.921
-0.025656,-64.921
-0.025607,-64.921
-0.025557,-64.917
-0.025507,-64.91
-0.025457,-64.91
-0.025407,-64.917
-0.025357,-64.911
-0.025308,-64.909
-0.025258,-64.903
-0.025208,-64.905
-0.025158,-64.914
-0.025108,-64.921
-0.025059,-64.925
-0.025009,-64.93
-0.024959,-64.93
-0.024909,-64.925
-0.024859,-64.925
-0.024809,-64.926
-0.02476,-64.937
-0.02471,-64.942
-0.02466,-64.944
-0.02461,-64.953
-0.02456,-64.953
-0.024511,-64.963
-0.024461,-64.974
-0.024411,-64.978
-0.024361,-64.981
-0.024311,-64.981
-0.024261,-64.988
-0.024212,-64.991
-0.024162,-64.993
-0.024112,-64.993
-0.024062,-64.995
-0.024012,-64.997
-0.023963,-65
-0.023913,-65
-0.023863,-64.996
-0.023813,-64.997
-0.023763,-64.997
-0.023713,-65
-0.023664,-65.004
-0.023614,-65.005
-0.023564,-65
-0.023514,-65.005
-0.023464,-65.011
-0.023415,-65.018
-0.023365,-65.02
-0.023315,-65.024
-0.023265,-65.024
-0.023215,-65.024
-0.023165,-65.024
-0.023116,-65.02
-0.023066,-65.016
-0.023016,-65.014
-0.022966,-65.01
-0.022916,-65.005
-0.022867,-64.995
-0.022817,-64.991
-0.022767,-64.988
-0.022717,-64.981
-0.022667,-64.975
-0.022617,-64.972
-0.022568,-64.971
-0.022518,-64.965
-0.022468,-64.965
-0.022418,-64.968
-0.022368,-64.967
-0.022319,-64.965
-0.022269,-64.965
-0.022219,-64.963
-0.022169,-64.967
-0.022119,-64.972
-0.022069,-64.978
-0.02202,-64.978
-0.02197,-64.978
-0.02192,-64.984
-0.02187,-64.988
-0.02182,-64.993
-0.021771,-64.995
-0.021721,-64.995
-0.021671,-64.996
-0.021621,-64.998
-0.021571,-65.004
-0.021521,-65.002
-0.021472,-65.002
-0.021422,-65.002
-0.021372,-65.006
-0.021322,-65.01
-0.021272,-65.017
-0.021223,-65.017
-0.021173,-65.017
-0.021123,-65.022
-0.021073,-65.025
-0.021023,-65.023
-0.020973,-65.02
-0.020924,-65.02
-0.020874,-65.02
-0.020824,-65.02
-0.020774,-65.017
-0.020724,-65.012
-0.020675,-65.009
-0.020625,-65.009
-0.020575,-65.009
-0.020525,-65.008
-0.020475,-64.999
-0.020425,-65.005
-0.020376,-65.008
-0.020326,-65.012
-0.020276,-65.02
-0.020226,-65.033
-0.020176,-65.036
-0.020127,-65.036
-0.020077,-65.037
-0.020027,-65.037
-0.019977,-65.037
-0.019927,-65.037
-0.019877,-65.037
-0.019828,-65.033
-0.019778,-65.035
-0.019728,-65.037
-0.019678,-65.035
-0.019628,-65.033
-0.019579,-65.032
-0.019529,-65.036
-0.019479,-65.04
-0.019429,-65.045
-0.019379,-65.046
-0.019329,-65.046
-0.01928,-65.042
-0.01923,-65.041
-0.01918,-65.041
-0.01913,-65.037
-0.01908,-65.036
-0.019031,-65.029
-0.018981,-65.036
-0.018931,-65.04
-0.018881,-65.04
-0.018831,-65.036
-0.018781,-65.04
-0.018732,-65.041
-0.018682,-65.041
-0.018632,-65.039
-0.018582,-65.036
-0.018532,-65.026
-0.018483,-65.019
-0.018433,-65.02
-0.018383,-65.02
-0.018333,-65.01
-0.018283,-65.004
-0.018233,-65.004
-0.018184,-65.004
-0.018134,-65.004
-0.018084,-65.007
-0.018034,-65.001
-0.017984,-65.001
-0.017935,-65.004
-0.017885,-65.007
-0.017835,-65.007
-0.017785,-64.997
-0.017735,-64.98
-0.017685,-64.974
-0.017636,-64.958
-0.017586,-64.939
-0.017536,-64.933
-0.017486,-64.93
-0.017436,-64.928
-0.017387,-64.926
-0.017337,-64.923
-0.017287,-64.921
-0.017237,-64.915
-0.017187,-64.915
-0.017137,-64.915
-0.017088,-64.914
-0.017038,-64.91
-0.016988,-64.908
-0.016938,-64.904
-0.016888,-64.903
-0.016839,-64.899
-0.016789,-64.899
-0.016739,-64.899
-0.016689,-64.896
-0.016639,-64.894
-0.016589,-64.894
-0.01654,-64.894
-0.01649,-64.891
-0.01644,-64.891
-0.01639,-64.891
-0.01634,-64.888
-0.016291,-64.885
-0.016241,-64.88
-0.016191,-64.874
-0.016141,-64.871
-0.016091,-64.875
-0.016041,-64.88
-0.015992,-64.88
-0.015942,-64.88
-0.015892,-64.88
-0.015842,-64.882
-0.015792,-64.883
-0.015743,-64.885
-0.015693,-64.887
-0.015643,-64.885
-0.015593,-64.883
-0.015543,-64.887
-0.015493,-64.888
-0.015444,-64.887
-0.015394,-64.887
-0.015344,-64.884
-0.015294,-64.881
-0.015244,-64.881
-0.015195,-64.879
-0.015145,-64.879
-0.015095,-64.879
-0.015045,-64.874
-0.014995,-64.874
-0.014945,-64.874
-0.014896,-64.868
-0.014846,-64.866
-0.014796,-64.866
-0.014746,-64.865
-0.014696,-64.866
-0.014647,-64.865
-0.014597,-64.865
-0.014547,-64.86
-0.014497,-64.858
-0.014447,-64.857
-0.014397,-64.865
-0.014348,-64.869
-0.014298,-64.865
-0.014248,-64.865
-0.014198,-64.865
-0.014148,-64.865
-0.014099,-64.865
-0.014049,-64.865
-0.013999,-64.865
-0.013949,-64.865
-0.013899,-64.869
-0.013849,-64.869
-0.0138,-64.864
-0.01375,-64.838
-0.0137,-64.844
-0.01365,-64.847
-0.0136,-64.84
-0.013551,-64.845
-0.013501,-64.849
-0.013451,-64.853
-0.013401,-64.854
-0.013351,-64.856
-0.013301,-64.856
-0.013252,-64.855
-0.013202,-64.855
-0.013152,-64.857
-0.013102,-64.862
-0.013052,-64.865
-0.013003,-64.865
-0.012953,-64.867
-0.012903,-64.869
-0.012853,-64.87
-0.012803,-64.875
-0.012753,-64.881
-0.012704,-64.885
-0.012654,-64.888
-0.012604,-64.891
-0.012554,-64.896
-0.012504,-64.904
-0.012455,-64.908
-0.012405,-64.912
-0.012355,-64.917
-0.012305,-64.926
-0.012255,-64.934
-0.012205,-64.935
-0.012156,-64.936
-0.012106,-64.943
-0.012056,-64.952
-0.012006,-64.964
-0.011956,-64.973
-0.011907,-64.978
-0.011857,-64.98
-0.011807,-64.984
-0.011757,-64.992
-0.011707,-65.001
-0.011657,-65.007
-0.011608,-65.012
-0.011558,-65.014
-0.011508,-65.022
-0.011458,-65.03
-0.011408,-65.033
-0.011359,-65.036
-0.011309,-65.041
-0.011259,-65.036
-0.011209,-65.036
-0.011159,-65.033
-0.011109,-65.032
-0.01106,-65.036
-0.01101,-65.033
-0.01096,-65.032
-0.01091,-65.031
-0.01086,-65.029
-0.010811,-65.026
-0.010761,-65.026
-0.010711,-65.036
-0.010661,-65.043
-0.010611,-65.052
-0.010561,-65.062
-0.010512,-65.062
-0.010462,-65.062
-0.010412,-65.068
-0.010362,-65.068
-0.010312,-65.064
-0.010263,-65.065
-0.010213,-65.065
-0.010163,-65.064
-0.010113,-65.064
-0.010063,-65.065
-0.010013,-65.068
-0.0099636,-65.07
-0.0099138,-65.065
-0.009864,-65.063
-0.0098142,-65.062
-0.0097644,-65.058
-0.0097145,-65.062
-0.0096647,-65.058
-0.0096149,-65.058
-0.0095651,-65.055
-0.0095153,-65.047
-0.0094655,-65.046
-0.0094156,-65.046
-0.0093658,-65.046
-0.009316,-65.046
-0.0092662,-65.046
-0.0092164,-65.046
-0.0091665,-65.049
-0.0091167,-65.027
-0.0090669,-65.013
-0.0090171,-64.993
-0.0089673,-64.993
-0.0089175,-64.988
-0.0088676,-64.993
-0.0088178,-64.993
-0.008768,-64.996
-0.0087182,-64.992
-0.0086684,-64.99
-0.0086185,-64.984
-0.0085687,-64.988
-0.0085189,-64.986
-0.0084691,-64.993
-0.0084193,-65.002
-0.0083695,-64.997
-0.0083196,-64.981
-0.0082698,-64.986
-0.00822,-64.981
-0.0081702,-64.978
-0.0081204,-64.975
-0.0080705,-64.969
-0.0080207,-64.969
-0.0079709,-64.964
-0.0079211,-64.961
-0.0078713,-64.959
-0.0078215,-64.956
-0.0077716,-64.951
-0.0077218,-64.946
-0.007672,-64.942
-0.0076222,-64.937
-0.0075724,-64.934
-0.0075225,-64.934
-0.0074727,-64.934
-0.0074229,-64.936
-0.0073731,-64.933
-0.0073233,-64.935
-0.0072735,-64.933
-0.0072236,-64.927
-0.0071738,-64.925
-0.007124,-64.931
-0.0070742,-64.939
-0.0070244,-64.941
-0.0069745,-64.946
-0.0069247,-64.953
-0.0068749,-64.959
-0.0068251,-64.965
-0.0067753,-64.966
-0.0067255,-64.972
-0.0066756,-64.973
-0.0066258,-64.981
-0.006576,-64.989
-0.0065262,-64.991
-0.0064764,-64.989
-0.0064265,-64.985
-0.0063767,-64.989
-0.0063269,-64.994
-0.0062771,-64.988
-0.0062273,-64.987
-0.0061775,-64.981
-0.0061276,-64.981
-0.0060778,-64.981
-0.006028,-64.981
-0.0059782,-64.978
-0.0059284,-64.978
-0.0058785,-64.978
-0.0058287,-64.978
-0.0057789,-64.978
-0.0057291,-64.978
-0.0056793,-64.978
-0.0056295,-64.978
-0.0055796,-64.984
-0.0055298,-64.984
-0.00548,-64.984
-0.0054302,-64.971
-0.0053804,-64.961
-0.0053305,-64.956
-0.0052807,-64.945
-0.0052309,-64.941
-0.0051811,-64.939
-0.0051313,-64.946
-0.0050815,-64.952
-0.0050316,-64.94
-0.0049818,-64.93
-0.004932,-64.935
-0.0048822,-64.935
-0.0048324,-64.935
-0.0047825,-64.939
-0.0047327,-64.939
-0.0046829,-64.942
-0.0046331,-64.944
-0.0045833,-64.946
-0.0045335,-64.946
-0.0044836,-64.946
-0.0044338,-64.946
-0.004384,-64.95
-0.0043342,-64.962
-0.0042844,-64.959
-0.0042345,-64.959
-0.0041847,-64.959
-0.0041349,-64.956
-0.0040851,-64.966
-0.0040353,-64.975
-0.0039855,-64.975
-0.0039356,-64.975
-0.0038858,-64.975
-0.003836,-64.975
-0.0037862,-64.973
-0.0037364,-64.974
-0.0036865,-64.979
-0.0036367,-64.986
-0.0035869,-64.993
-0.0035371,-65.003
-0.0034873,-65.01
-0.0034375,-65.012
-0.0033876,-65.013
-0.0033378,-65.014
-0.003288,-65.01
-0.0032382,-65.013
-0.0031884,-65.02
-0.0031385,-64.979
-0.0030887,-64.952
-0.0030389,-64.921
-0.0029891,-64.906
-0.0029393,-64.901
-0.0028895,-64.902
-0.0028396,-64.912
-0.0027898,-64.917
-0.00274,-64.917
-0.0026902,-64.928
-0.0026404,-64.936
-0.0025905,-64.945
-0.0025407,-64.952
-0.0024909,-64.96
-0.0024411,-64.957
-0.0023913,-64.964
-0.0023415,-64.966
-0.0022916,-64.967
-0.0022418,-64.968
-0.002192,-64.968
-0.0021422,-64.968
-0.0020924,-64.969
-0.0020425,-64.969
-0.0019927,-64.969
-0.0019429,-64.972
-0.0018931,-64.972
-0.0018433,-64.972
-0.0017935,-64.973
-0.0017436,-64.973
-0.0016938,-64.973
-0.001644,-64.966
-0.0015942,-64.969
-0.0015444,-64.965
-0.0014945,-64.956
-0.0014447,-64.945
-0.0013949,-64.947
-0.0013451,-64.948
-0.0012953,-64.949
-0.0012455,-64.931
-0.0011956,-64.909
-0.0011458,-64.909
-0.001096,-64.923
-0.0010462,-64.942
-0.00099636,-64.947
-0.00094655,-64.949
-0.00089673,-64.951
-0.00084691,-64.956
-0.00079709,-64.962
-0.00074727,-64.968
-0.00069745,-64.972
-0.00064764,-64.973
-0.00059782,-64.975
-0.000548,-64.977
-0.00049818,-64.983
-0.00044836,-64.988
-0.00039855,-64.998
-0.00034873,-65.017
-0.00029891,-65.037
-0.00024909,-65.049
-0.00019927,-65.068
-0.00014945,-65.087
-9.9636e-05,-65.104
-4.9818e-05,-65.123
0,-65.167
4.9818e-05,-65.229
9.9636e-05,-65.288
0.00014945,-65.46
0.00019927,-65.962
0.00024909,-66.348
0.00029891,-66.574
0.00034873,-66.718
0.00039855,-66.888
0.00044836,-67.001
0.00049818,-67.076
0.000548,-67.14
0.00059782,-67.204
0.00064764,-67.292
0.00069745,-67.36
0.00074727,-67.443
0.00079709,-67.493
0.00084691,-67.529
0.00089673,-67.662
0.00094655,-67.744
0.00099636,-67.784
0.0010462,-67.833
0.001096,-67.907
0.0011458,-67.987
0.0011956,-68.045
0.0012455,-68.097
0.0012953,-68.122
0.0013451,-68.132
0.0013949,-68.157
0.0014447,-68.198
0.0014945,-68.224
0.0015444,-68.232
0.0015942,-68.252
0.001644,-68.293
0.0016938,-68.333
0.0017436,-68.363
0.0017935,-68.432
0.0018433,-68.492
0.0018931,-68.57
0.0019429,-68.641
0.0019927,-68.654
0.0020425,-68.677
0.0020924,-68.701
0.0021422,-68.73
0.002192,-68.776
0.0022418,-68.85
0.0022916,-68.904
0.0023415,-68.953
0.0023913,-69.006
0.0024411,-69.03
0.0024909,-69.049
0.0025407,-69.069
0.0025905,-69.085
0.0026404,-69.112
0.0026902,-69.141
0.00274,-69.18
0.0027898,-69.214
0.0028396,-69.247
0.0028895,-69.279
0.0029393,-69.297
0.0029891,-69.311
0.0030389,-69.329
0.0030887,-69.362
0.0031385,-69.414
0.0031884,-69.442
0.0032382,-69.503
0.003288,-69.551
0.0033378,-69.602
0.0033876,-69.647
0.0034375,-69.667
0.0034873,-69.7
0.0035371,-69.735
0.0035869,-69.748
0.0036367,-69.764
0.0036865,-69.775
0.0037364,-69.798
0.0037862,-69.831
0.003836,-69.855
0.0038858,-69.869
0.0039356,-69.88
0.0039855,-69.886
0.0040353,-69.889
0.0040851,-69.905
0.0041349,-69.928
0.0041847,-69.964
0.0042345,-70.004
0.0042844,-69.995
0.0043342,-69.973
0.004384,-69.96
0.0044338,-69.915
0.0044836,-69.862
0.0045335,-69.838
0.0045833,-69.838
0.0046331,-69.855
0.0046829,-69.86
0.0047327,-69.876
0.0047825,-69.898
0.0048324,-69.913
0.0048822,-69.922
0.004932,-69.933
0.0049818,-69.943
0.0050316,-69.952
0.0050815,-69.961
0.0051313,-69.968
0.0051811,-69.985
0.0052309,-70.001
0.0052807,-70.015
0.0053305,-70.032
0.0053804,-70.041
0.0054302,-70.053
0.00548,-70.063
0.0055298,-70.079
0.0055796,-70.097
0.0056295,-70.108
0.0056793,-70.118
0.0057291,-70.127
0.0057789,-70.148
0.0058287,-70.166
0.0058785,-70.176
0.0059284,-70.192
0.0059782,-70.221
0.006028,-70.253
0.0060778,-70.288
0.0061276,-70.32
0.0061775,-70.356
0.0062273,-70.385
0.0062771,-70.401
0.0063269,-70.403
0.0063767,-70.426
0.0064265,-70.459
0.0064764,-70.488
0.0065262,-70.5
0.006576,-70.555
0.0066258,-70.639
0.0066756,-70.686
0.0067255,-70.702
0.0067753,-70.715
0.0068251,-70.742
0.0068749,-70.786
0.0069247,-70.81
0.0069745,-70.818
0.0070244,-70.827
0.0070742,-70.845
0.007124,-70.861
0.0071738,-70.881
0.0072236,-70.9
0.0072735,-70.904
0.0073233,-70.91
0.0073731,-70.922
0.0074229,-70.942
0.0074727,-70.956
0.0075225,-70.964
0.0075724,-70.97
0.0076222,-70.98
0.007672,-70.994
0.0077218,-71.015
0.0077716,-71.043
0.0078215,-71.061
0.0078713,-71.075
0.0079211,-71.112
0.0079709,-71.144
0.0080207,-71.153
0.0080705,-71.167
0.0081204,-71.18
0.0081702,-71.195
0.00822,-71.219
0.0082698,-71.235
0.0083196,-71.246
0.0083695,-71.254
0.0084193,-71.267
0.0084691,-71.285
0.0085189,-71.296
0.0085687,-71.298
0.0086185,-71.3
0.0086684,-71.3
0.0087182,-71.306
0.008768,-71.322
0.0088178,-71.338
0.0088676,-71.347
0.0089175,-71.351
0.0089673,-71.359
0.0090171,-71.366
0.0090669,-71.375
0.0091167,-71.394
0.0091665,-71.415
0.0092164,-71.424
0.0092662,-71.429
0.009316,-71.434
0.0093658,-71.455
0.0094156,-71.48
0.0094655,-71.494
0.0095153,-71.505
0.0095651,-71.518
0.0096149,-71.529
0.0096647,-71.543
0.0097145,-71.562
0.0097644,-71.569
0.0098142,-71.576
0.009864,-71.582
0.0099138,-71.593
0.0099636,-71.593
0.010013,-71.598
0.010063,-71.605
0.010113,-71.612
0.010163,-71.616
0.010213,-71.627
0.010263,-71.637
0.010312,-71.64
0.010362,-71.649
0.010412,-71.665
0.010462,-71.686
0.010512,-71.697
0.010561,-71.706
0.010611,-71.717
0.010661,-71.73
0.010711,-71.733
0.010761,-71.739
0.010811,-71.74
0.01086,-71.743
0.01091,-71.762
0.01096,-71.783
0.01101,-71.796
0.01106,-71.804
0.011109,-71.814
0.011159,-71.823
0.011209,-71.827
0.011259,-71.834
0.011309,-71.838
0.011359,-71.846
0.011408,-71.852
0.011458,-71.856
0.011508,-71.862
0.011558,-71.867
0.011608,-71.869
0.011657,-71.874
0.011707,-71.88
0.011757,-71.885
0.011807,-71.886
0.011857,-71.887
0.011907,-71.89
0.011956,-71.901
0.012006,-71.914
0.012056,-71.914
0.012106,-71.912
0.012156,-71.908
0.012205,-71.902
0.012255,-71.898
0.012305,-71.902
0.012355,-71.904
0.012405,-71.907
0.012455,-71.92
0.012504,-71.928
0.012554,-71.933
0.012604,-71.939
0.012654,-71.944
0.012704,-71.947
0.012753,-71.949
0.012803,-71.952
0.012853,-71.959
0.012903,-71.984
0.012953,-72.009
0.013003,-72.015
0.013052,-72.019
0.013102,-72.022
0.013152,-72.026
0.013202,-72.029
0.013252,-72.036
0.013301,-72.034
0.013351,-72.051
0.013401,-72.075
0.013451,-72.09
0.013501,-72.099
0.013551,-72.122
0.0136,-72.152
0.01365,-72.172
0.0137,-72.19
0.01375,-72.201
0.0138,-72.216
0.013849,-72.234
0.013899,-72.245
0.013949,-72.276
0.013999,-72.313
0.014049,-72.323
0.014099,-72.33
0.014148,-72.34
0.014198,-72.367
0.014248,-72.376
0.014298,-72.378
0.014348,-72.385
0.014397,-72.394
0.014447,-72.403
0.014497,-72.408
0.014547,-72.424
0.014597,-72.435
0.014647,-72.441
0.014696,-72.448
0.014746,-72.458
0.014796,-72.471
0.014846,-72.48
0.014896,-72.487
0.014945,-72.49
0.014995,-72.499
0.015045,-72.507
0.015095,-72.508
0.015145,-72.509
0.015195,-72.51
0.015244,-72.516
0.015294,-72.513
0.015344,-72.517
0.015394,-72.523
0.015444,-72.525
0.015493,-72.531
0.015543,-72.535
0.015593,-72.535
0.015643,-72.538
0.015693,-72.538
0.015743,-72.538
0.015792,-72.539
0.015842,-72.54
0.015892,-72.538
0.015942,-72.538
0.015992,-72.536
0.016041,-72.534
0.016091,-72.529
0.016141,-72.525
0.016191,-72.525
0.016241,-72.528
0.016291,-72.527
0.01634,-72.526
0.01639,-72.526
0.01644,-72.525
0.01649,-72.524
0.01654,-72.527
0.016589,-72.528
0.016639,-72.531
0.016689,-72.535
0.016739,-72.535
0.016789,-72.537
0.016839,-72.541
0.016888,-72.538
0.016938,-72.538
0.016988,-72.534
0.017038,-72.532
0.017088,-72.536
0.017137,-72.541
0.017187,-72.542
0.017237,-72.542
0.017287,-72.541
0.017337,-72.541
0.017387,-72.538
0.017436,-72.53
0.017486,-72.524
0.017536,-72.53
0.017586,-72.53
0.017636,-72.53
0.017685,-72.53
0.017735,-72.53
0.017785,-72.528
0.017835,-72.529
0.017885,-72.528
0.017935,-72.528
0.017984,-72.528
0.018034,-72.531
0.018084,-72.541
0.018134,-72.532
0.018184,-72.528
0.018233,-72.532
0.018283,-72.535
0.018333,-72.537
0.018383,-72.538
0.018433,-72.54
0.018483,-72.547
0.018532,-72.555
0.018582,-72.563
0.018632,-72.567
0.018682,-72.574
0.018732,-72.574
0.018781,-72.574
0.018831,-72.595
0.018881,-72.612
0.018931,-72.612
0.018981,-72.612
0.019031,-72.613
0.01908,-72.613
0.01913,-72.613
0.01918,-72.618
0.01923,-72.623
0.01928,-72.625
0.019329,-72.628
0.019379,-72.636
0.019429,-72.645
0.019479,-72.646
0.019529,-72.646
0.019579,-72.642
0.019628,-72.641
0.019678,-72.645
0.019728,-72.647
0.019778,-72.651
0.019828,-72.657
0.019877,-72.662
0.019927,-72.67
0.019977,-72.685
0.020027,-72.695
0.020077,-72.685
0.020127,-72.678
0.020176,-72.687
0.020226,-72.695
0.020276,-72.687
0.020326,-72.644
0.020376,-72.609
0.020425,-72.574
0.020475,-72.542
0.020525,-72.536
0.020575,-72.519
0.020625,-72.474
0.020675,-72.429
0.020724,-72.426
0.020774,-72.425
0.020824,-72.425
0.020874,-72.427
0.020924,-72.429
0.020973,-72.434
0.021023,-72.438
0.021073,-72.438
0.021123,-72.441
0.021173,-72.453
0.021223,-72.471
0.021272,-72.483
0.021322,-72.49
0.021372,-72.503
0.021422,-72.521
0.021472,-72.528
0.021521,-72.533
0.021571,-72.544
0.021621,-72.56
0.021671,-72.574
0.021721,-72.585
0.021771,-72.596
0.02182,-72.607
0.02187,-72.613
0.02192,-72.618
0.02197,-72.623
0.02202,-72.626
0.022069,-72.627
0.022119,-72.628
0.022169,-72.63
0.022219,-72.63
0.022269,-72.63
0.022319,-72.635
0.022368,-72.642
0.022418,-72.647
0.022468,-72.647
0.022518,-72.648
0.022568,-72.652
0.022617,-72.657
0.022667,-72.657
0.022717,-72.66
0.022767,-72.663
0.022817,-72.665
0.022867,-72.665
0.022916,-72.669
0.022966,-72.673
0.023016,-72.673
0.023066,-72.672
0.023116,-72.669
0.023165,-72.669
0.023215,-72.67
0.023265,-72.677
0.023315,-72.683
0.023365,-72.686
0.023415,-72.695
0.023464,-72.71
0.023514,-72.722
0.023564,-72.728
0.023614,-72.727
0.023664,-72.733
0.023713,-72.739
0.023763,-72.743
0.023813,-72.745
0.023863,-72.748
0.023913,-72.751
0.023963,-72.755
0.024012,-72.762
0.024062,-72.773
0.024112,-72.779
0.024162,-72.782
0.024212,-72.786
0.024261,-72.781
0.024311,-72.773
0.024361,-72.769
0.024411,-72.766
0.024461,-72.764
0.024511,-72.774
0.02456,-72.787
0.02461,-72.792
0.02466,-72.786
0.02471,-72.783
0.02476,-72.789
0.024809,-72.796
0.024859,-72.793
0.024909,-72.789
0.024959,-72.789
0.025009,-72.787
0.025059,-72.78
0.025108,-72.77
0.025158,-72.76
0.025208,-72.757
0.025258,-72.756
0.025308,-72.756
0.025357,-72.756
0.025407,-72.756
0.025457,-72.757
0.025507,-72.76
0.025557,-72.765
0.025607,-72.767
0.025656,-72.768
0.025706,-72.772
0.025756,-72.779
0.025806,-72.779
0.025856,-72.776
0.025905,-72.784
0.025955,-72.791
0.026005,-72.803
0.026055,-72.808
0.026105,-72.809
0.026155,-72.807
0.026204,-72.806
0.026254,-72.815
0.026304,-72.829
0.026354,-72.826
0.026404,-72.831
0.026453,-72.833
0.026503,-72.835
0.026553,-72.837
0.026603,-72.84
0.026653,-72.834
0.026703,-72.837
0.026752,-72.84
0.026802,-72.845
0.026852,-72.851
0.026902,-72.86
0.026952,-72.869
0.027001,-72.876
0.027051,-72.882
0.027101,-72.883
0.027151,-72.889
0.027201,-72.895
0.027251,-72.895
0.0273,-72.898
0.02735,-72.898
0.0274,-72.869
0.02745,-72.822
0.0275,-72.789
0.027549,-72.731
0.027599,-72.689
0.027649,-72.696
0.027699,-72.699
0.027749,-72.699
0.027799,-72.7
0.027848,-72.699
0.027898,-72.704
0.027948,-72.711
0.027998,-72.717
0.028048,-72.718
0.028097,-72.724
0.028147,-72.744
0.028197,-72.766
0.028247,-72.773
0.028297,-72.777
0.028347,-72.782
0.028396,-72.789
0.028446,-72.796
0.028496,-72.801
0.028546,-72.802
0.028596,-72.812
0.028645,-72.821
0.028695,-72.825
0.028745,-72.83
0.028795,-72.832
0.028845,-72.832
0.028895,-72.832
0.028944,-72.835
0.028994,-72.844
0.029044,-72.851
0.029094,-72.86
0.029144,-72.873
0.029193,-72.88
0.029243,-72.881
0.029293,-72.888
0.029343,-72.906
0.029393,-72.91
0.029443,-72.929
0.029492,-72.93
0.029542,-72.933
0.029592,-72.937
0.029642,-72.94
0.029692,-72.944
0.029741,-72.946
0.029791,-72.95
0.029841,-72.946
0.029891,-72.946
0.029941,-72.947
0.029991,-72.948
0.03004,-72.949
0.03009,-72.953
0.03014,-72.963
0.03019,-72.973
0.03024,-72.978
0.030289,-72.984
0.030339,-72.991
0.030389,-72.998
0.030439,-73.004
0.030489,-73.016
0.030539,-73.03
0.030588,-73.035
0.030638,-73.037
0.030688,-73.044
0.030738,-73.055
0.030788,-73.058
0.030837,-73.067
0.030887,-73.066
0.030937,-73.067
0.030987,-73.075
0.031037,-73.08
0.031087,-73.082
0.031136,-73.087
0.031186,-73.089
0.031236,-73.09
0.031286,-73.092
0.031336,-73.098
0.031385,-73.108
0.031435,-73.111
0.031485,-73.117
0.031535,-73.119
0.031585,-73.114
0.031635,-73.113
0.031684,-73.116
0.031734,-73.122
0.031784,-73.126
0.031834,-73.117
0.031884,-73.114
0.031933,-73.113
0.031983,-73.12
0.032033,-73.124
0.032083,-73.123
0.032133,-73.12
0.032183,-73.119
0.032232,-73.115
0.032282,-73.111
0.032332,-73.11
0.032382,-73.11
0.032432,-73.107
0.032481,-73.104
0.032531,-73.104
0.032581,-73.097
0.032631,-73.089
0.032681,-73.054
0.032731,-73.016
0.03278,-73.007
0.03283,-72.993
0.03288,-72.967
0.03293,-72.947
0.03298,-72.943
0.033029,-72.931
0.033079,-72.912
0.033129,-72.915
0.033179,-72.909
0.033229,-72.908
0.033279,-72.909
0.033328,-72.911
0.033378,-72.911
0.033428,-72.916
0.033478,-72.921
0.033528,-72.922
0.033577,-72.924
0.033627,-72.93
0.033677,-72.934
0.033727,-72.937
0.033777,-72.937
0.033827,-72.947
0.033876,-72.956
0.033926,-72.965
0.033976,-72.965
0.034026,-72.963
0.034076,-72.97
0.034125,-72.978
0.034175,-72.977
0.034225,-72.974
0.034275,-72.977
0.034325,-72.974
0.034375,-72.974
0.034424,-72.978
0.034474,-72.984
0.034524,-72.991
0.034574,-72.997
0.034624,-73.007
0.034673,-73.013
0.034723,-73.021
0.034773,-73.036
0.034823,-73.059
0.034873,-73.072
0.034923,-73.073
0.034972,-73.072
0.035022,-73.074
0.035072,-73.078
0.035122,-73.074
0.035172,-73.071
0.035221,-73.072
0.035271,-73.059
0.035321,-73.049
0.035371,-73.046
0.035421,-73.042
0.035471,-73.039
0.03552,-73.032
0.03557,-73.031
0.03562,-73.034
0.03567,-73.027
0.03572,-73.024
0.035769,-73.019
0.035819,-73.011
0.035869,-73.005
0.035919,-73.003
0.035969,-73.003
0.036019,-72.996
0.036068,-72.996
0.036118,-72.996
0.036168,-72.999
0.036218,-73
0.036268,-73.001
0.036317,-73.005
0.036367,-73.012
0.036417,-73.017
0.036467,-73.019
0.036517,-73.023
0.036567,-73.023
0.036616,-73.023
0.036666,-73.027
0.036716,-73.027
0.036766,-73.027
0.036816,-73.031
0.036865,-73.034
0.036915,-73.037
0.036965,-73.043
0.037015,-73.044
0.037065,-73.044
0.037115,-73.046
0.037164,-73.047
0.037214,-73.05
0.037264,-73.055
0.037314,-73.056
0.037364,-73.061
0.037413,-73.065
0.037463,-73.068
0.037513,-73.072
0.037563,-73.074
0.037613,-73.077
0.037663,-73.079
0.037712,-73.085
0.037762,-73.091
0.037812,-73.095
0.037862,-73.097
0.037912,-73.098
0.037961,-73.099
0.038011,-73.108
0.038061,-73.12
0.038111,-73.127
0.038161,-73.131
0.038211,-73.138
0.03826,-73.154
0.03831,-73.166
0.03836,-73.172
0.03841,-73.178
0.03846,-73.191
0.038509,-73.204
0.038559,-73.211
0.038609,-73.221
0.038659,-73.232
0.038709,-73.232
0.038759,-73.234
0.038808,-73.24
0.038858,-73.248
0.038908,-73.249
0.038958,-73.262
0.039008,-73.272
0.039057,-73.276
0.039107,-73.283
0.039157,-73.294
0.039207,-73.302
0.039257,-73.309
0.039307,-73.314
0.039356,-73.314
0.039406,-73.314
0.039456,-73.314
0.039506,-73.314
0.039556,-73.317
0.039605,-73.322
0.039655,-73.332
0.039705,-73.34
0.039755,-73.341
0.039805,-73.346
0.039855,-73.349
0.039904,-73.349
0.039954,-73.339
0.040004,-73.326
0.040054,-73.328
0.040104,-73.333
0.040153,-73.335
0.040203,-73.342
0.040253,-73.342
0.040303,-73.342
0.040353,-73.341
0.040403,-73.341
0.040452,-73.341
0.040502,-73.335
0.040552,-73.335
0.040602,-73.335
0.040652,-73.333
0.040701,-73.324
0.040751,-73.315
0.040801,-73.315
0.040851,-73.317
0.040901,-73.324
0.040951,-73.317
0.041,-73.319
0.04105,-73.326
0.0411,-73.329
0.04115,-73.337
0.0412,-73.339
0.041249,-73.333
0.041299,-73.333
0.041349,-73.333
0.041399,-73.331
0.041449,-73.331
0.041499,-73.336
0.041548,-73.336
0.041598,-73.336
0.041648,-73.331
0.041698,-73.328
0.041748,-73.328
0.041797,-73.328
0.041847,-73.333
0.041897,-73.321
0.041947,-73.194
0.041997,-73.119
0.042047,-73.087
0.042096,-73.062
0.042146,-73.057
0.042196,-73.051
0.042246,-73.045
0.042296,-73.042
0.042345,-73.04
0.042395,-73.035
0.042445,-73.036
0.042495,-73.036
0.042545,-73.036
0.042595,-73.033
0.042644,-73.033
0.042694,-73.033
0.042744,-73.033
0.042794,-73.033
0.042844,-73.033
0.042893,-73.027
0.042943,-73.033
0.042993,-73.036
0.043043,-73.036
0.043093,-73.036
0.043143,-73.036
0.043192,-73.036
0.043242,-73.037
0.043292,-73.039
0.043342,-73.039
0.043392,-73.037
0.043441,-73.041
0.043491,-73.043
0.043541,-73.045
0.043591,-73.047
0.043641,-73.049
0.043691,-73.054
0.04374,-73.062
0.04379,-73.065
0.04384,-73.072
0.04389,-73.087
0.04394,-73.104
0.043989,-73.11
0.044039,-73.115
0.044089,-73.122
0.044139,-73.126
0.044189,-73.126
0.044239,-73.128
0.044288,-73.141
0.044338,-73.156
0.044388,-73.166
0.044438,-73.173
0.044488,-73.17
0.044537,-73.171
0.044587,-73.178
0.044637,-73.175
0.044687,-73.176
0.044737,-73.177
0.044787,-73.175
0.044836,-73.172
0.044886,-73.169
0.044936,-73.137
0.044986,-73.101
0.045036,-73.097
0.045085,-73.1
0.045135,-73.105
0.045185,-73.101
0.045235,-73.098
0.045285,-73.092
0.045335,-73.083
0.045384,-73.077
0.045434,-73.075
0.045484,-73.07
0.045534,-73.07
0.045584,-73.07
0.045633,-73.065
0.045683,-73.065
0.045733,-73.064
0.045783,-73.069
0.045833,-73.072
0.045883,-73.074
0.045932,-73.066
0.045982,-73.066
0.046032,-73.066
0.046082,-73.066
0.046132,-73.059
0.046181,-73.057
0.046231,-73.054
0.046281,-73.054
0.046331,-73.055
0.046381,-73.056
0.046431,-73.061
0.04648,-73.066
0.04653,-73.062
0.04658,-73.059
0.04663,-73.06
0.04668,-73.058
0.046729,-73.054
0.046779,-73.05
0.046829,-73.052
0.046879,-73.052
0.046929,-73.051
0.046979,-73.05
0.047028,-73.048
0.047078,-73.048
0.047128,-73.048
0.047178,-73.054
0.047228,-73.053
0.047277,-73.046
0.047327,-73.04
0.047377,-73.034
0.047427,-73.034
0.047477,-73.034
0.047527,-73.03
0.047576,-73.026
0.047626,-73.028
0.047676,-73.028
0.047726,-73.027
0.047776,-73.018
0.047825,-73.024
0.047875,-73.031
0.047925,-73.035
0.047975,-73.042
0.048025,-73.051
0.048075,-73.056
0.048124,-73.059
0.048174,-73.06
0.048224,-73.066
0.048274,-73.074
0.048324,-73.081
0.048373,-73.086
0.048423,-73.089
0.048473,-73.095
0.048523,-73.111
0.048573,-73.111
0.048623,-73.12
0.048672,-73.12
0.048722,-73.156
0.048772,-73.193
0.048822,-73.203
0.048872,-73.217
0.048921,-73.224
0.048971,-73.221
0.049021,-73.225
0.049071,-73.225
0.049121,-73.221
0.049171,-73.227
0.04922,-73.23
0.04927,-73.223
0.04932,-73.214
0.04937,-73.205
0.04942,-73.205
0.049469,-73.194
0.049519,-73.18
0.049569,-73.182
0.049619,-73.173
0.049669,-73.165
0.049719,-73.162
0.049768,-73.156
0.049818,-73.146
0.049868,-73.138
0.049918,-73.134
0.049968,-73.12
0.050017,-73.108
0.050067,-73.072
0.050117,-73.075
0.050167,-73.077
0.050217,-73.085
0.050267,-73.09
0.050316,-73.093
0.050366,-73.098
0.050416,-73.106
0.050466,-73.114
0.050516,-73.126
0.050565,-73.127
0.050615,-73.137
0.050665,-73.137
0.050715,-73.134
0.050765,-73.133
0.050815,-73.13
0.050864,-73.13
0.050914,-73.129
0.050964,-73.123
0.051014,-73.12
0.051064,-73.12
0.051113,-73.118
0.051163,-73.118
0.051213,-73.118
0.051263,-73.103
0.051313,-73.083
0.051363,-73.064
0.051412,-73.043
0.051462,-73.037
0.051512,-72.988
0.051562,-72.932
0.051612,-72.905
0.051661,-72.876
0.051711,-72.85
0.051761,-72.795
0.051811,-72.728
0.051861,-72.712
0.051911,-72.713
0.05196,-72.715
0.05201,-72.716
0.05206,-72.718
0.05211,-72.716
0.05216,-72.716
0.052209,-72.721
0.052259,-72.723
0.052309,-72.721
0.052359,-72.718
0.052409,-72.721
0.052459,-72.727
0.052508,-72.726
0.052558,-72.72
0.052608,-72.712
0.052658,-72.715
0.052708,-72.725
0.052757,-72.731
0.052807,-72.73
0.052857,-72.733
0.052907,-72.734
0.052957,-72.733
0.053007,-72.741
0.053056,-72.754
0.053106,-72.757
0.053156,-72.756
0.053206,-72.76
0.053256,-72.765
0.053305,-72.772
0.053355,-72.778
0.053405,-72.78
0.053455,-72.781
0.053505,-72.785
0.053555,-72.792
0.053604,-72.793
0.053654,-72.792
0.053704,-72.793
0.053754,-72.795
0.053804,-72.796
0.053853,-72.8
0.053903,-72.803
0.053953,-72.808
0.054003,-72.81
0.054053,-72.816
0.054103,-72.816
0.054152,-72.815
0.054202,-72.816
0.054252,-72.817
0.054302,-72.819
0.054352,-72.821
0.054401,-72.823
0.054451,-72.823
0.054501,-72.824
0.054551,-72.828
0.054601,-72.826
0.054651,-72.824
0.0547,-72.822
0.05475,-72.822
0.0548,-72.824
0.05485,-72.828
0.0549,-72.828
0.054949,-72.828
0.054999,-72.828
0.055049,-72.838
0.055099,-72.849
0.055149,-72.854
0.055199,-72.855
0.055248,-72.858
0.055298,-72.858
0.055348,-72.86
0.055398,-72.86
0.055448,-72.86
0.055497,-72.862
0.055547,-72.863
0.055597,-72.863
0.055647,-72.863
0.055697,-72.866
0.055747,-72.87
0.055796,-72.874
0.055846,-72.879
0.055896,-72.881
0.055946,-72.882
0.055996,-72.889
0.056045,-72.89
0.056095,-72.897
0.056145,-72.899
0.056195,-72.901
0.056245,-72.902
0.056295,-72.903
0.056344,-72.905
0.056394,-72.907
0.056444,-72.907
0.056494,-72.905
0.056544,-72.904
0.056593,-72.906
0.056643,-72.907
0.056693,-72.908
0.056743,-72.911
0.056793,-72.911
0.056843,-72.914
0.056892,-72.924
0.056942,-72.931
0.056992,-72.932
0.057042,-72.932
0.057092,-72.932
0.057141,-72.943
0.057191,-72.959
0.057241,-72.982
0.057291,-72.978
0.057341,-72.98
0.057391,-72.994
0.05744,-72.995
0.05749,-72.995
0.05754,-73.007
0.05759,-73.011
0.05764,-73.018
0.057689,-73.021
0.057739,-73.027
0.057789,-73.03
0.057839,-73.03
0.057889,-73.033
0.057939,-73.039
0.057988,-73.048
0.058038,-73.056
0.058088,-73.07
0.058138,-73.07
0.058188,-73.07
0.058237,-73.062
0.058287,-73.062
0.058337,-73.07
0.058387,-73.065
0.058437,-73.062
0.058487,-73.069
0.058536,-73.075
0.058586,-73.079
0.058636,-73.077
0.058686,-73.077
0.058736,-73.074
0.058785,-73.07
0.058835,-73.066
0.058885,-73.066
0.058935,-73.066
0.058985,-73.066
0.059035,-73.066
0.059084,-73.069
0.059134,-73.072
0.059184,-73.072
0.059234,-73.068
0.059284,-73.062
0.059333,-73.062
0.059383,-73.065
0.059433,-73.069
0.059483,-73.069
0.059533,-73.069
0.059583,-73.069
0.059632,-73.066
0.059682,-73.069
0.059732,-73.069
0.059782,-73.061
0.059832,-73.053
0.059881,-73.039
0.059931,-73.039
0.059981,-73.039
0.060031,-73.034
0.060081,-73.03
0.060131,-73.028
0.06018,-73.024
0.06023,-73.02
0.06028,-73.019
0.06033,-73.014
0.06038,-73.001
0.060429,-72.993
0.060479,-72.98
0.060529,-72.968
0.060579,-72.966
0.060629,-72.963
0.060679,-72.959
0.060728,-72.958
0.060778,-72.954
0.060828,-72.945
0.060878,-72.943
0.060928,-72.943
0.060977,-72.934
0.061027,-72.932
0.061077,-72.931
0.061127,-72.93
0.061177,-72.914
0.061227,-72.895
0.061276,-72.879
0.061326,-72.87
0.061376,-72.86
0.061426,-72.847
0.061476,-72.842
0.061525,-72.832
0.061575,-72.799
0.061625,-72.766
0.061675,-72.762
0.061725,-72.761
0.061775,-72.768
0.061824,-72.76
0.061874,-72.758
0.061924,-72.757
0.061974,-72.749
0.062024,-72.749
0.062073,-72.749
0.062123,-72.749
0.062173,-72.747
0.062223,-72.751
0.062273,-72.756
0.062323,-72.755
0.062372,-72.754
0.062422,-72.749
0.062472,-72.742
0.062522,-72.741
0.062572,-72.743
0.062621,-72.757
0.062671,-72.768
0.062721,-72.776
0.062771,-72.792
0.062821,-72.816
0.062871,-72.831
0.06292,-72.834
0.06297,-72.837
0.06302,-72.843
0.06307,-72.846
0.06312,-72.848
0.063169,-72.853
0.063219,-72.857
0.063269,-72.858
0.063319,-72.86
0.063369,-72.86
0.063419,-72.863
0.063468,-72.868
0.063518,-72.869
0.063568,-72.872
0.063618,-72.874
0.063668,-72.876
0.063717,-72.885
0.063767,-72.892
0.063817,-72.898
0.063867,-72.902
0.063917,-72.905
0.063967,-72.908
0.064016,-72.911
0.064066,-72.915
0.064116,-72.918
0.064166,-72.916
0.064216,-72.914
0.064265,-72.914
0.064315,-72.907
0.064365,-72.902
0.064415,-72.91
0.064465,-72.915
0.064515,-72.905
0.064564,-72.887
0.064614,-72.875
0.064664,-72.87
0.064714,-72.868
0.064764,-72.869
0.064813,-72.865
0.064863,-72.86
0.064913,-72.856
0.064963,-72.852
0.065013,-72.85
0.065063,-72.849
0.065112,-72.854
0.065162,-72.858
0.065212,-72.857
0.065262,-72.854
0.065312,-72.852
0.065361,-72.85
0.065411,-72.852
0.065461,-72.85
0.065511,-72.844
0.065561,-72.834
0.065611,-72.821
0.06566,-72.819
0.06571,-72.834
0.06576,-72.847
0.06581,-72.833
0.06586,-72.817
0.065909,-72.817
0.065959,-72.813
0.066009,-72.808
0.066059,-72.79
0.066109,-72.78
0.066159,-72.773
0.066208,-72.751
0.066258,-72.76
0.066308,-72.762
0.066358,-72.762
0.066408,-72.764
0.066457,-72.761
0.066507,-72.768
0.066557,-72.774
0.066607,-72.78
0.066657,-72.782
0.066707,-72.782
0.066756,-72.789
0.066806,-72.792
0.066856,-72.802
0.066906,-72.811
0.066956,-72.812
0.067005,-72.814
0.067055,-72.816
0.067105,-72.816
0.067155,-72.816
0.067205,-72.819
0.067255,-72.819
0.067304,-72.823
0.067354,-72.827
0.067404,-72.824
0.067454,-72.831
0.067504,-72.833
0.067553,-72.847
0.067603,-72.852
0.067653,-72.849
0.067703,-72.846
0.067753,-72.841
0.067803,-72.84
0.067852,-72.845
0.067902,-72.848
0.067952,-72.845
0.068002,-72.844
0.068052,-72.841
0.068101,-72.837
0.068151,-72.834
0.068201,-72.839
0.068251,-72.848
0.068301,-72.853
0.068351,-72.855
0.0684,-72.854
0.06845,-72.85
0.0685,-72.853
0.06855,-72.847
0.0686,-72.844
0.068649,-72.846
0.068699,-72.837
0.068749,-72.782
0.068799,-72.729
0.068849,-72.72
0.068899,-72.677
0.068948,-72.638
0.068998,-72.619
0.069048,-72.607
0.069098,-72.617
0.069148,-72.627
0.069197,-72.625
0.069247,-72.61
0.069297,-72.61
0.069347,-72.605
0.069397,-72.609
0.069447,-72.611
0.069496,-72.614
0.069546,-72.611
0.069596,-72.609
0.069646,-72.605
0.069696,-72.605
0.069745,-72.605
0.069795,-72.611
0.069845,-72.614
0.069895,-72.617
0.069945,-72.617
0.069995,-72.619
0.070044,-72.619
0.070094,-72.619
0.070144,-72.619
0.070194,-72.619
0.070244,-72.621
0.070293,-72.621
0.070343,-72.621
0.070393,-72.636
0.070443,-72.651
0.070493,-72.658
0.070543,-72.669
0.070592,-72.686
0.070642,-72.706
0.070692,-72.712
0.070742,-72.719
0.070792,-72.732
0.070841,-72.747
0.070891,-72.769
0.070941,-72.79
0.070991,-72.806
0.071041,-72.813
0.071091,-72.811
0.07114,-72.801
0.07119,-72.79
0.07124,-72.795
0.07129,-72.799
0.07134,-72.802
0.071389,-72.797
0.071439,-72.794
0.071489,-72.794
0.071539,-72.794
0.071589,-72.794
0.071639,-72.797
0.071688,-72.799
0.071738,-72.799
0.071788,-72.8
0.071838,-72.8
0.071888,-72.8
0.071937,-72.8
0.071987,-72.797
0.072037,-72.794
0.072087,-72.797
0.072137,-72.802
0.072187,-72.805
0.072236,-72.814
0.072286,-72.815
0.072336,-72.815
0.072386,-72.817
0.072436,-72.817
0.072485,-72.817
0.072535,-72.812
0.072585,-72.824
0.072635,-72.835
0.072685,-72.84
0.072735,-72.844
0.072784,-72.844
0.072834,-72.85
0.072884,-72.85
0.072934,-72.85
0.072984,-72.844
0.073033,-72.844
0.073083,-72.844
0.073133,-72.849
0.073183,-72.855
0.073233,-72.867
0.073283,-72.871
0.073332,-72.873
0.073382,-72.875
0.073432,-72.878
0.073482,-72.878
0.073532,-72.879
0.073581,-72.889
0.073631,-72.9
0.073681,-72.907
0.073731,-72.905
0.073781,-72.904
0.073831,-72.904
0.07388,-72.903
0.07393,-72.909
0.07398,-72.912
0.07403,-72.925
0.07408,-72.933
0.074129,-72.931
0.074179,-72.937
0.074229,-72.942
0.074279,-72.942
0.074329,-72.941
0.074379,-72.937
0.074428,-72.932
0.074478,-72.932
0.074528,-72.932
0.074578,-72.929
0.074628,-72.929
0.074677,-72.922
0.074727,-72.92
0.074777,-72.911
0.074827,-72.906
0.074877,-72.903
0.074927,-72.903
0.074976,-72.903
0.075026,-72.903
0.075076,-72.901
0.075126,-72.879
0.075176,-72.863
0.075225,-72.857
0.075275,-72.85
0.075325,-72.85
0.075375,-72.837
0.075425,-72.809
0.075475,-72.815
0.075524,-72.776
0.075574,-72.728
0.075624,-72.709
0.075674,-72.697
0.075724,-72.562
0.075773,-72.541
0.075823,-72.547
0.075873,-72.538
0.075923,-72.537
0.075973,-72.544
0.076023,-72.544
0.076072,-72.539
0.076122,-72.525
0.076172,-72.525
0.076222,-72.523
0.076272,-72.523
0.076321,-72.531
0.076371,-72.535
0.076421,-72.535
0.076471,-72.535
0.076521,-72.535
0.076571,-72.531
0.07662,-72.523
0.07667,-72.52
0.07672,-72.52
0.07677,-72.53
0.07682,-72.53
0.076869,-72.53
0.076919,-72.535
0.076969,-72.537
0.077019,-72.541
0.077069,-72.546
0.077119,-72.548
0.077168,-72.55
0.077218,-72.553
0.077268,-72.56
0.077318,-72.572
0.077368,-72.583
0.077417,-72.583
0.077467,-72.585
0.077517,-72.583
0.077567,-72.586
0.077617,-72.588
0.077667,-72.584
0.077716,-72.583
0.077766,-72.588
0.077816,-72.591
0.077866,-72.588
0.077916,-72.584
0.077965,-72.577
0.078015,-72.573
0.078065,-72.577
0.078115,-72.576
0.078165,-72.573
0.078215,-72.573
0.078264,-72.573
0.078314,-72.573
0.078364,-72.573
0.078414,-72.573
0.078464,-72.573
0.078513,-72.571
0.078563,-72.571
0.078613,-72.573
0.078663,-72.573
0.078713,-72.573
0.078763,-72.572
0.078812,-72.567
0.078862,-72.568
0.078912,-72.57
0.078962,-72.57
0.079012,-72.57
0.079061,-72.577
0.079111,-72.578
0.079161,-72.576
0.079211,-72.577
0.079261,-72.581
0.079311,-72.581
0.07936,-72.581
0.07941,-72.581
0.07946,-72.583
0.07951,-72.585
0.07956,-72.585
0.079609,-72.588
0.079659,-72.594
0.079709,-72.605
0.079759,-72.608
0.079809,-72.612
0.079859,-72.613
0.079908,-72.624
0.079958,-72.628
0.080008,-72.634
0.080058,-72.638
0.080108,-72.654
0.080157,-72.669
0.080207,-72.688
0.080257,-72.703
0.080307,-72.714
0.080357,-72.721
0.080407,-72.733
0.080456,-72.754
0.080506,-72.764
0.080556,-72.789
0.080606,-72.826
0.080656,-72.844
0.080705,-72.851
0.080755,-72.851
0.080805,-72.861
0.080855,-72.864
0.080905,-72.867
0.080955,-72.87
0.081004,-72.87
0.081054,-72.871
0.081104,-72.879
0.081154,-72.887
0.081204,-72.891
0.081253,-72.894
0.081303,-72.902
0.081353,-72.91
0.081403,-72.915
0.081453,-72.92
0.081503,-72.921
0.081552,-72.923
0.081602,-72.927
0.081652,-72.935
0.081702,-72.944
0.081752,-72.954
0.081801,-72.959
0.081851,-72.959
0.081901,-72.963
0.081951,-72.969
0.082001,-72.969
0.082051,-72.968
0.0821,-72.959
0.08215,-72.957
0.0822,-72.962
0.08225,-72.966
0.0823,-72.969
0.082349,-72.968
0.082399,-72.966
0.082449,-72.969
0.082499,-72.971
0.082549,-72.971
0.082599,-72.969
0.082648,-72.971
0.082698,-72.974
0.082748,-72.98
0.082798,-72.983
0.082848,-72.979
0.082897,-72.976
0.082947,-72.979
0.082997,-72.982
0.083047,-72.982
0.083097,-72.982
0.083147,-72.983
0.083196,-72.994
0.083246,-73.005
0.083296,-73.005
0.083346,-73.005
0.083396,-73.005
0.083445,-73.007
0.083495,-73.007
0.083545,-73.017
0.083595,-73.031
0.083645,-73.036
0.083695,-73.039
0.083744,-73.042
0.083794,-73.046
0.083844,-73.046
0.083894,-73.052
0.083944,-73.052
0.083993,-73.049
0.084043,-73.044
0.084093,-73.039
0.084143,-73.036
0.084193,-73.036
0.084243,-73.032
0.084292,-73.038
0.084342,-73.041
0.084392,-73.041
0.084442,-73.037
0.084492,-73.043
0.084541,-73.05
0.084591,-73.053
0.084641,-73.057
0.084691,-73.053
0.084741,-73.05
0.084791,-73.046
0.08484,-73.051
0.08489,-73.055
0.08494,-73.055
0.08499,-73.062
0.08504,-73.064
0.085089,-73.067
0.085139,-73.067
0.085189,-73.067
0.085239,-73.069
0.085289,-73.069
0.085339,-73.075
0.085388,-73.081
0.085438,-73.083
0.085488,-73.083
0.085538,-73.081
0.085588,-73.079
0.085637,-73.079
0.085687,-73.082
0.085737,-73.082
0.085787,-73.083
0.085837,-73.082
0.085887,-73.082
0.085936,-73.088
0.085986,-73.087
0.086036,-73.079
0.086086,-73.081
0.086136,-73.081
0.086185,-73.082
0.086235,-73.088
0.086285,-73.088
0.086335,-73.088
0.086385,-73.088
0.086435,-73.085
0.086484,-73.081
0.086534,-73.077
0.086584,-73.077
0.086634,-73.077
0.086684,-73.081
0.086733,-73.082
0.086783,-73.082
0.086833,-73.078
0.086883,-73.081
0.086933,-73.085
0.086983,-73.085
0.087032,-73.083
0.087082,-73.077
0.087132,-73.075
0.087182,-73.075
0.087232,-73.066
0.087281,-73.059
0.087331,-73.06
0.087381,-73.05
0.087431,-73.042
0.087481,-73.036
0.087531,-73.03
0.08758,-73.024
0.08763,-73.018
0.08768,-73.012
0.08773,-73.006
0.08778,-73.001
0.087829,-72.996
0.087879,-72.992
0.087929,-72.989
0.087979,-72.985
0.088029,-72.982
0.088079,-72.98
0.088128,-72.976
0.088178,-72.972
0.088228,-72.965
0.088278,-72.958
0.088328,-72.956
0.088377,-72.953
0.088427,-72.948
0.088477,-72.94
0.088527,-72.942
0.088577,-72.934
0.088627,-72.934
0.088676,-72.934
0.088726,-72.93
0.088776,-72.931
0.088826,-72.934
0.088876,-72.934
0.088925,-72.931
0.088975,-72.93
0.089025,-72.931
0.089075,-72.931
0.089125,-72.926
0.089175,-72.92
0.089224,-72.911
0.089274,-72.905
0.089324,-72.905
0.089374,-72.9
0.089424,-72.892
0.089473,-72.884
0.089523,-72.891
0.089573,-72.889
0.089623,-72.889
0.089673,-72.889
0.089723,-72.882
0.089772,-72.885
0.089822,-72.891
0.089872,-72.901
0.089922,-72.905
0.089972,-72.912
0.090021,-72.903
0.090071,-72.903
0.090121,-72.908
0.090171,-72.912
0.090221,-72.908
0.090271,-72.899
0.09032,-72.895
0.09037,-72.893
0.09042,-72.894
0.09047,-72.896
0.09052,-72.9
0.090569,-72.896
0.090619,-72.894
0.090669,-72.899
0.090719,-72.905
0.090769,-72.905
0.090819,-72.905
0.090868,-72.905
0.090918,-72.902
0.090968,-72.902
0.091018,-72.888
0.091068,-72.888
0.091117,-72.885
0.091167,-72.882
0.091217,-72.879
0.091267,-72.871
0.091317,-72.865
0.091367,-72.86
0.091416,-72.863
0.091466,-72.866
0.091516,-72.863
0.091566,-72.862
0.091616,-72.862
0.091665,-72.864
0.091715,-72.869
0.091765,-72.872
0.091815,-72.87
0.091865,-72.871
0.091915,-72.873
0.091964,-72.876
0.092014,-72.876
0.092064,-72.876
0.092114,-72.877
0.092164,-72.88
0.092213,-72.882
0.092263,-72.884
0.092313,-72.885
0.092363,-72.884
0.092413,-72.884
0.092463,-72.882
0.092512,-72.885
0.092562,-72.885
0.092612,-72.885
0.092662,-72.883
0.092712,-72.881
0.092761,-72.882
0.092811,-72.885
0.092861,-72.886
0.092911,-72.883
0.092961,-72.882
0.093011,-72.883
0.09306,-72.886
0.09311,-72.891
0.09316,-72.886
0.09321,-72.882
0.09326,-72.886
0.093309,-72.899
0.093359,-72.909
0.093409,-72.911
0.093459,-72.913
0.093509,-72.918
0.093559,-72.928
0.093608,-72.94
0.093658,-72.95
0.093708,-72.952
0.093758,-72.952
0.093808,-72.956
0.093857,-72.961
0.093907,-72.963
0.093957,-72.969
0.094007,-72.976
0.094057,-72.99
0.094107,-73.008
0.094156,-73.012
0.094206,-73.006
0.094256,-72.992
0.094306,-73.011
0.094356,-73.015
0.094405,-73.016
0.094455,-73.017
0.094505,-73.017
0.094555,-73.017
0.094605,-73.022
0.094655,-73.024
0.094704,-73.026
0.094754,-73.027
0.094804,-73.027
0.094854,-73.027
0.094904,-73.035
0.094953,-73.045
0.095003,-73.047
0.095053,-73.05
0.095103,-73.052
0.095153,-73.053
0.095203,-73.063
0.095252,-73.073
0.095302,-73.073
0.095352,-73.082
0.095402,-73.087
0.095452,-73.09
0.095501,-73.098
0.095551,-73.104
0.095601,-73.111
0.095651,-73.116
0.095701,-73.12
0.095751,-73.12
0.0958,-73.12
0.09585,-73.12
0.0959,-73.122
0.09595,-73.122
0.096,-73.122
0.096049,-73.127
0.096099,-73.133
0.096149,-73.135
0.096199,-73.139
0.096249,-73.13
0.096299,-73.13
0.096348,-73.126
0.096398,-73.13
0.096448,-73.129
0.096498,-73.124
0.096548,-73.12
0.096597,-73.125
0.096647,-73.112
0.096697,-73.114
0.096747,-73.111
0.096797,-73.102
0.096847,-73.095
0.096896,-73.097
0.096946,-73.095
0.096996,-73.088
0.097046,-73.079
0.097096,-73.075
0.097145,-73.068
0.097195,-73.051
0.097245,-73.042
0.097295,-73.034
0.097345,-73.012
0.097395,-72.976
0.097444,-72.947
0.097494,-72.938
0.097544,-72.937
0.097594,-72.934
0.097644,-72.927
0.097693,-72.909
0.097743,-72.891
0.097793,-72.886
0.097843,-72.882
0.097893,-72.876
0.097943,-72.873
0.097992,-72.871
0.098042,-72.861
0.098092,-72.849
0.098142,-72.838
0.098192,-72.828
0.098241,-72.823
0.098291,-72.817
0.098341,-72.811
0.098391,-72.805
0.098441,-72.799
0.098491,-72.804
0.09854,-72.811
0.09859,-72.808
0.09864,-72.808
0.09869,-72.808
0.09874,-72.806
0.098789,-72.805
0.098839,-72.805
0.098889,-72.802
0.098939,-72.798
0.098989,-72.795
0.099039,-72.795
0.099088,-72.796
0.099138,-72.802
0.099188,-72.802
0.099238,-72.799
0.099288,-72.794
0.099337,-72.792
0.099387,-72.794
0.099437,-72.795
0.099487,-72.797
0.099537,-72.802
0.099587,-72.802
0.099636,-72.803
0.099686,-72.805
0.099736,-72.811
0.099786,-72.812
0.099836,-72.812
0.099885,-72.813
0.099935,-72.816
0.099985,-72.815
0.10003,-72.817
0.10008,-72.817
0.10013,-72.817
0.10018,-72.814
0.10023,-72.807
0.10028,-72.807
0.10033,-72.807
0.10038,-72.806
0.10043,-72.814
0.10048,-72.806
0.10053,-72.805
0.10058,-72.802
0.10063,-72.799
0.10068,-72.795
0.10073,-72.795
0.10078,-72.792
0.10083,-72.791
0.10088,-72.789
0.10093,-72.792
0.10098,-72.792
0.10103,-72.792
0.10108,-72.792
0.10113,-72.789
0.10118,-72.789
0.10123,-72.792
0.10128,-72.792
0.10133,-72.789
0.10138,-72.785
0.10143,-72.786
0.10148,-72.799
0.10153,-72.81
0.10158,-72.816
0.10163,-72.818
0.10168,-72.819
0.10173,-72.823
0.10178,-72.833
0.10183,-72.844
0.10188,-72.853
0.10193,-72.86
0.10198,-72.866
0.10203,-72.87
0.10208,-72.879
0.10213,-72.895
0.10218,-72.912
0.10223,-72.919
0.10228,-72.924
0.10233,-72.927
0.10238,-72.928
0.10243,-72.935
0.10248,-72.948
0.10253,-72.95
0.10258,-72.964
0.10263,-72.973
0.10268,-72.978
0.10273,-72.982
0.10277,-72.982
0.10282,-72.988
0.10287,-72.994
0.10292,-72.997
0.10297,-73.003
0.10302,-73.009
0.10307,-73.015
0.10312,-73.022
0.10317,-73.032
0.10322,-73.032
0.10327,-73.032
0.10332,-73.037
0.10337,-73.035
0.10342,-73.037
0.10347,-73.042
0.10352,-73.044
0.10357,-73.04
0.10362,-73.038
0.10367,-73.04
0.10372,-73.035
0.10377,-73.03
0.10382,-73.024
0.10387,-73.019
0.10392,-73.019
0.10397,-73.017
0.10402,-73.015
0.10407,-73.011
0.10412,-73.005
0.10417,-73.008
0.10422,-73
0.10427,-72.989
0.10432,-72.988
0.10437,-72.99
0.10442,-72.99
0.10447,-72.99
0.10452,-72.99
0.10457,-72.995
0.10462,-72.996
0.10467,-72.996
0.10472,-72.989
0.10477,-72.985
0.10482,-72.992
0.10487,-72.989
0.10492,-72.986
0.10497,-72.986
0.10502,-72.988
0.10507,-72.99
0.10512,-72.988
0.10517,-72.986
0.10522,-72.986
0.10527,-72.988
0.10532,-72.988
0.10537,-72.985
0.10542,-72.985
0.10547,-72.983
0.10551,-72.972
0.10556,-72.957
0.10561,-72.953
0.10566,-72.947
0.10571,-72.943
0.10576,-72.941
0.10581,-72.937
0.10586,-72.932
0.10591,-72.928
0.10596,-72.924
0.10601,-72.919
0.10606,-72.915
0.10611,-72.914
0.10616,-72.911
0.10621,-72.911
0.10626,-72.911
0.10631,-72.915
0.10636,-72.921
0.10641,-72.919
0.10646,-72.919
0.10651,-72.921
0.10656,-72.921
0.10661,-72.917
0.10666,-72.917
0.10671,-72.924
0.10676,-72.924
0.10681,-72.924
0.10686,-72.92
0.10691,-72.918
0.10696,-72.921
0.10701,-72.913
0.10706,-72.913
0.10711,-72.913
0.10716,-72.913
0.10721,-72.913
0.10726,-72.917
0.10731,-72.911
0.10736,-72.905
0.10741,-72.89
0.10746,-72.887
0.10751,-72.887
0.10756,-72.885
0.10761,-72.887
0.10766,-72.898
0.10771,-72.898
0.10776,-72.895
0.10781,-72.892
0.10786,-72.89
0.10791,-72.885
0.10796,-72.879
0.10801,-72.881
0.10806,-72.881
0.10811,-72.874
0.10816,-72.868
0.10821,-72.868
0.10825,-72.876
0.1083,-72.876
0.10835,-72.876
0.1084,-72.868
0.10845,-72.862
0.1085,-72.856
0.10855,-72.851
0.1086,-72.851
0.10865,-72.851
0.1087,-72.854
0.10875,-72.854
0.1088,-72.85
0.10885,-72.83
0.1089,-72.83
0.10895,-72.829
0.109,-72.811
0.10905,-72.8
0.1091,-72.798
0.10915,-72.798
0.1092,-72.793
0.10925,-72.789
0.1093,-72.792
0.10935,-72.792
0.1094,-72.792
0.10945,-72.797
0.1095,-72.805
0.10955,-72.812
0.1096,-72.813
0.10965,-72.808
0.1097,-72.8
0.10975,-72.796
0.1098,-72.8
0.10985,-72.794
0.1099,-72.794
0.10995,-72.779
0.11,-72.771
0.11005,-72.751
0.1101,-72.736
0.11015,-72.726
0.1102,-72.706
0.11025,-72.693
0.1103,-72.7
0.11035,-72.692
0.1104,-72.695
0.11045,-72.694
0.1105,-72.686
0.11055,-72.689
0.1106,-72.689
0.11065,-72.683
0.1107,-72.679
0.11075,-72.68
0.1108,-72.684
0.11085,-72.686
0.1109,-72.696
0.11095,-72.705
0.11099,-72.705
0.11104,-72.711
0.11109,-72.713
0.11114,-72.713
0.11119,-72.713
0.11124,-72.713
0.11129,-72.702
0.11134,-72.709
0.11139,-72.708
0.11144,-72.708
0.11149,-72.716
0.11154,-72.721
0.11159,-72.727
0.11164,-72.73
0.11169,-72.732
0.11174,-72.733
0.11179,-72.735
0.11184,-72.735
0.11189,-72.736
0.11194,-72.738
0.11199,-72.739
0.11204,-72.743
0.11209,-72.747
0.11214,-72.758
0.11219,-72.769
0.11224,-72.769
0.11229,-72.769
0.11234,-72.769
0.11239,-72.77
0.11244,-72.773
0.11249,-72.776
0.11254,-72.777
0.11259,-72.771
0.11264,-72.776
0.11269,-72.778
0.11274,-72.778
0.11279,-72.77
0.11284,-72.776
0.11289,-72.785
0.11294,-72.792
0.11299,-72.795
0.11304,-72.792
0.11309,-72.792
0.11314,-72.791
0.11319,-72.792
0.11324,-72.792
0.11329,-72.795
0.11334,-72.792
0.11339,-72.791
0.11344,-72.786
0.11349,-72.781
0.11354,-72.776
0.11359,-72.766
0.11364,-72.758
0.11369,-72.754
0.11373,-72.741
0.11378,-72.723
0.11383,-72.705
0.11388,-72.692
0.11393,-72.689
0.11398,-72.684
0.11403,-72.676
0.11408,-72.67
0.11413,-72.659
0.11418,-72.651
0.11423,-72.636
0.11428,-72.618
0.11433,-72.598
0.11438,-72.578
0.11443,-72.571
0.11448,-72.574
0.11453,-72.574
0.11458,-72.57
0.11463,-72.56
0.11468,-72.562
0.11473,-72.562
0.11478,-72.562
0.11483,-72.559
0.11488,-72.54
0.11493,-72.531
0.11498,-72.512
0.11503,-72.501
0.11508,-72.5
0.11513,-72.499
0.11518,-72.497
0.11523,-72.497
0.11528,-72.496
0.11533,-72.496
0.11538,-72.493
0.11543,-72.488
0.11548,-72.488
0.11553,-72.492
0.11558,-72.492
0.11563,-72.488
0.11568,-72.477
0.11573,-72.467
0.11578,-72.467
0.11583,-72.476
0.11588,-72.476
0.11593,-72.471
0.11598,-72.471
0.11603,-72.477
0.11608,-72.484
0.11613,-72.49
0.11618,-72.492
0.11623,-72.492
0.11628,-72.492
0.11633,-72.499
0.11638,-72.499
0.11643,-72.497
0.11647,-72.491
0.11652,-72.483
0.11657,-72.48
0.11662,-72.48
0.11667,-72.485
0.11672,-72.484
0.11677,-72.482
0.11682,-72.496
0.11687,-72.504
0.11692,-72.504
0.11697,-72.491
0.11702,-72.489
0.11707,-72.491
0.11712,-72.489
0.11717,-72.486
0.11722,-72.484
0.11727,-72.492
0.11732,-72.505
0.11737,-72.513
0.11742,-72.531
0.11747,-72.541
0.11752,-72.538
0.11757,-72.543
0.11762,-72.535
0.11767,-72.521
0.11772,-72.509
0.11777,-72.497
0.11782,-72.496
0.11787,-72.496
0.11792,-72.502
0.11797,-72.498
0.11802,-72.491
0.11807,-72.49
0.11812,-72.489
0.11817,-72.486
0.11822,-72.486
0.11827,-72.486
0.11832,-72.486
0.11837,-72.483
0.11842,-72.477
0.11847,-72.476
0.11852,-72.474
0.11857,-72.472
0.11862,-72.469
0.11867,-72.469
0.11872,-72.471
0.11877,-72.47
0.11882,-72.468
0.11887,-72.467
0.11892,-72.462
0.11897,-72.459
0.11902,-72.459
0.11907,-72.456
0.11912,-72.456
0.11917,-72.447
0.11921,-72.445
0.11926,-72.449
0.11931,-72.456
0.11936,-72.46
0.11941,-72.464
0.11946,-72.465
0.11951,-72.467
0.11956,-72.468
0.11961,-72.465
0.11966,-72.461
0.11971,-72.456
0.11976,-72.456
0.11981,-72.446
0.11986,-72.431
0.11991,-72.426
0.11996,-72.421
0.12001,-72.416
0.12006,-72.418
0.12011,-72.416
0.12016,-72.404
0.12021,-72.401
0.12026,-72.401
0.12031,-72.398
0.12036,-72.396
0.12041,-72.399
0.12046,-72.403
0.12051,-72.412
0.12056,-72.412
0.12061,-72.413
0.12066,-72.413
0.12071,-72.405
0.12076,-72.395
0.12081,-72.393
0.12086,-72.396
0.12091,-72.392
0.12096,-72.374
0.12101,-72.353
0.12106,-72.327
0.12111,-72.299
0.12116,-72.312
0.12121,-72.324
0.12126,-72.337
0.12131,-72.35
0.12136,-72.365
0.12141,-72.38
0.12146,-72.389
0.12151,-72.395
0.12156,-72.401
0.12161,-72.404
0.12166,-72.405
0.12171,-72.406
0.12176,-72.408
0.12181,-72.414
0.12186,-72.42
0.12191,-72.425
0.12195,-72.428
0.122,-72.432
0.12205,-72.435
0.1221,-72.441
0.12215,-72.455
0.1222,-72.464
0.12225,-72.471
0.1223,-72.479
0.12235,-72.473
0.1224,-72.475
0.12245,-72.498
0.1225,-72.498
0.12255,-72.482
0.1226,-72.477
0.12265,-72.477
0.1227,-72.486
0.12275,-72.487
0.1228,-72.487
0.12285,-72.487
0.1229,-72.484
0.12295,-72.478
0.123,-72.478
0.12305,-72.468
0.1231,-72.468
0.12315,-72.471
0.1232,-72.484
0.12325,-72.486
0.1233,-72.491
0.12335,-72.516
0.1234,-72.541
0.12345,-72.55
0.1235,-72.558
0.12355,-72.568
0.1236,-72.574
0.12365,-72.577
0.1237,-72.582
0.12375,-72.59
0.1238,-72.599
0.12385,-72.603
0.1239,-72.607
0.12395,-72.607
0.124,-72.607
0.12405,-72.615
0.1241,-72.626
0.12415,-72.626
0.1242,-72.626
0.12425,-72.632
0.1243,-72.634
0.12435,-72.634
0.1244,-72.634
0.12445,-72.634
0.1245,-72.634
0.12455,-72.632
0.1246,-72.626
0.12465,-72.622
0.12469,-72.628
0.12474,-72.631
0.12479,-72.627
0.12484,-72.612
0.12489,-72.599
0.12494,-72.587
0.12499,-72.58
0.12504,-72.574
0.12509,-72.571
0.12514,-72.569
0.12519,-72.554
0.12524,-72.55
0.12529,-72.542
0.12534,-72.533
0.12539,-72.524
0.12544,-72.512
0.12549,-72.502
0.12554,-72.48
0.12559,-72.45
0.12564,-72.438
0.12569,-72.422
0.12574,-72.403
0.12579,-72.388
0.12584,-72.364
0.12589,-72.325
0.12594,-72.291
0.12599,-72.288
0.12604,-72.281
0.12609,-72.269
0.12614,-72.263
0.12619,-72.248
0.12624,-72.243
0.12629,-72.236
0.12634,-72.232
0.12639,-72.23
0.12644,-72.225
0.12649,-72.22
0.12654,-72.221
0.12659,-72.222
0.12664,-72.222
0.12669,-72.219
0.12674,-72.218
0.12679,-72.221
0.12684,-72.219
0.12689,-72.22
0.12694,-72.22
0.12699,-72.221
0.12704,-72.221
0.12709,-72.222
0.12714,-72.221
0.12719,-72.22
0.12724,-72.22
0.12729,-72.22
0.12734,-72.216
0.12739,-72.206
0.12743,-72.216
0.12748,-72.216
0.12753,-72.206
0.12758,-72.204
0.12763,-72.204
0.12768,-72.204
0.12773,-72.197
0.12778,-72.197
0.12783,-72.197
0.12788,-72.197
0.12793,-72.196
0.12798,-72.196
0.12803,-72.187
0.12808,-72.181
0.12813,-72.177
0.12818,-72.177
0.12823,-72.177
0.12828,-72.177
0.12833,-72.171
0.12838,-72.135
0.12843,-72.1
0.12848,-72.097
0.12853,-72.093
0.12858,-72.088
0.12863,-72.088
0.12868,-72.082
0.12873,-72.078
0.12878,-72.078
0.12883,-72.078
0.12888,-72.069
0.12893,-72.069
0.12898,-72.069
0.12903,-72.069
0.12908,-72.077
0.12913,-72.081
0.12918,-72.086
0.12923,-72.087
0.12928,-72.082
0.12933,-72.057
0.12938,-72.016
0.12943,-71.978
0.12948,-71.967
0.12953,-71.927
0.12958,-71.923
0.12963,-71.924
0.12968,-71.926
0.12973,-71.926
0.12978,-71.927
0.12983,-71.929
0.12988,-71.93
0.12993,-71.932
0.12998,-71.936
0.13003,-71.941
0.13008,-71.943
0.13013,-71.942
0.13017,-71.943
0.13022,-71.943
0.13027,-71.946
0.13032,-71.948
0.13037,-71.955
0.13042,-71.961
0.13047,-71.972
0.13052,-71.985
0.13057,-71.993
0.13062,-72
0.13067,-72
0.13072,-71.991
0.13077,-71.991
0.13082,-71.991
0.13087,-71.991
0.13092,-71.991
0.13097,-71.997
0.13102,-72.003
0.13107,-72.007
0.13112,-72.007
0.13117,-72.007
0.13122,-72.008
0.13127,-72.01
0.13132,-72.012
0.13137,-72.017
0.13142,-72.017
0.13147,-72.01
0.13152,-72.008
0.13157,-72.006
0.13162,-72
0.13167,-71.994
0.13172,-71.988
0.13177,-71.992
0.13182,-72
0.13187,-72.002
0.13192,-72.002
0.13197,-72.006
0.13202,-72.006
0.13207,-72.006
0.13212,-72.002
0.13217,-72
0.13222,-72
0.13227,-72
0.13232,-71.997
0.13237,-71.987
0.13242,-71.977
0.13247,-71.971
0.13252,-71.964
0.13257,-71.964
0.13262,-71.964
0.13267,-71.962
0.13272,-71.943
0.13277,-71.941
0.13282,-71.939
0.13287,-71.939
0.13291,-71.939
0.13296,-71.939
0.13301,-71.926
0.13306,-71.923
0.13311,-71.926
0.13316,-71.925
0.13321,-71.925
0.13326,-71.923
0.13331,-71.918
0.13336,-71.913
0.13341,-71.91
0.13346,-71.916
0.13351,-71.913
0.13356,-71.92
0.13361,-71.927
0.13366,-71.932
0.13371,-71.927
0.13376,-71.923
0.13381,-71.924
0.13386,-71.93
0.13391,-71.933
0.13396,-71.942
0.13401,-71.947
0.13406,-71.946
0.13411,-71.946
0.13416,-71.952
0.13421,-71.958
0.13426,-71.959
0.13431,-71.959
0.13436,-71.965
0.13441,-71.975
0.13446,-71.975
0.13451,-71.975
0.13456,-71.981
0.13461,-71.99
0.13466,-71.994
0.13471,-72.003
0.13476,-72.01
0.13481,-72.021
0.13486,-72.033
0.13491,-72.04
0.13496,-72.04
0.13501,-72.04
0.13506,-72.034
0.13511,-72.027
0.13516,-72.03
0.13521,-72.04
0.13526,-72.039
0.13531,-72.041
0.13536,-72.045
0.13541,-72.049
0.13546,-72.061
0.13551,-72.065
0.13556,-72.075
0.13561,-72.077
0.13565,-72.099
0.1357,-72.107
0.13575,-72.111
0.1358,-72.113
0.13585,-72.12
0.1359,-72.126
0.13595,-72.127
0.136,-72.127
0.13605,-72.133
0.1361,-72.139
0.13615,-72.148
0.1362,-72.156
0.13625,-72.156
0.1363,-72.161
0.13635,-72.168
0.1364,-72.178
0.13645,-72.181
0.1365,-72.186
0.13655,-72.191
0.1366,-72.193
0.13665,-72.195
0.1367,-72.195
0.13675,-72.198
0.1368,-72.203
0.13685,-72.206
0.1369,-72.206
0.13695,-72.209
0.137,-72.215
0.13705,-72.232
0.1371,-72.236
0.13715,-72.232
0.1372,-72.222
0.13725,-72.221
0.1373,-72.223
0.13735,-72.231
0.1374,-72.239
0.13745,-72.243
0.1375,-72.248
0.13755,-72.25
0.1376,-72.252
0.13765,-72.257
0.1377,-72.264
0.13775,-72.274
0.1378,-72.283
0.13785,-72.284
0.1379,-72.287
0.13795,-72.29
0.138,-72.289
0.13805,-72.291
0.1381,-72.3
0.13815,-72.312
0.1382,-72.337
0.13825,-72.369
0.1383,-72.381
0.13835,-72.387
0.13839,-72.393
0.13844,-72.397
0.13849,-72.412
0.13854,-72.435
0.13859,-72.447
0.13864,-72.449
0.13869,-72.449
0.13874,-72.461
0.13879,-72.464
0.13884,-72.467
0.13889,-72.476
0.13894,-72.48
0.13899,-72.475
0.13904,-72.483
0.13909,-72.49
0.13914,-72.499
0.13919,-72.511
0.13924,-72.517
0.13929,-72.52
0.13934,-72.522
0.13939,-72.522
0.13944,-72.522
0.13949,-72.522
0.13954,-72.522
0.13959,-72.526
0.13964,-72.537
0.13969,-72.544
0.13974,-72.551
0.13979,-72.558
0.13984,-72.564
0.13989,-72.569
0.13994,-72.571
0.13999,-72.573
0.14004,-72.573
0.14009,-72.574
0.14014,-72.59
0.14019,-72.605
0.14024,-72.605
0.14029,-72.607
0.14034,-72.609
0.14039,-72.61
0.14044,-72.609
0.14049,-72.612
0.14054,-72.616
0.14059,-72.62
0.14064,-72.624
0.14069,-72.624
0.14074,-72.631
0.14079,-72.64
0.14084,-72.646
0.14089,-72.649
0.14094,-72.652
0.14099,-72.657
0.14104,-72.665
0.14109,-72.665
0.14113,-72.672
0.14118,-72.673
0.14123,-72.676
0.14128,-72.676
0.14133,-72.679
0.14138,-72.684
0.14143,-72.684
0.14148,-72.684
0.14153,-72.682
0.14158,-72.675
0.14163,-72.68
0.14168,-72.679
0.14173,-72.678
0.14178,-72.677
0.14183,-72.679
0.14188,-72.683
0.14193,-72.685
0.14198,-72.685
0.14203,-72.685
0.14208,-72.685
0.14213,-72.683
0.14218,-72.683
0.14223,-72.683
0.14228,-72.679
0.14233,-72.676
0.14238,-72.662
0.14243,-72.644
0.14248,-72.635
0.14253,-72.624
0.14258,-72.625
0.14263,-72.623
0.14268,-72.6
0.14273,-72.566
0.14278,-72.538
0.14283,-72.509
0.14288,-72.496
0.14293,-72.49
0.14298,-72.489
0.14303,-72.489
0.14308,-72.489
0.14313,-72.488
0.14318,-72.481
0.14323,-72.476
0.14328,-72.475
0.14333,-72.474
0.14338,-72.474
0.14343,-72.474
0.14348,-72.468
0.14353,-72.468
0.14358,-72.468
0.14363,-72.465
0.14368,-72.461
0.14373,-72.461
0.14378,-72.452
0.14383,-72.442
0.14387,-72.438
0.14392,-72.432
0.14397,-72.428
0.14402,-72.422
0.14407,-72.414
0.14412,-72.4
0.14417,-72.393
0.14422,-72.384
0.14427,-72.369
0.14432,-72.328
0.14437,-72.284
0.14442,-72.264
0.14447,-72.263
0.14452,-72.264
0.14457,-72.256
0.14462,-72.255
0.14467,-72.25
0.14472,-72.245
0.14477,-72.24
0.14482,-72.233
0.14487,-72.228
0.14492,-72.226
0.14497,-72.236
0.14502,-72.245
0.14507,-72.245
0.14512,-72.245
0.14517,-72.24
0.14522,-72.232
0.14527,-72.221
0.14532,-72.211
0.14537,-72.223
0.14542,-72.242
0.14547,-72.24
0.14552,-72.229
0.14557,-72.229
0.14562,-72.228
0.14567,-72.229
0.14572,-72.23
0.14577,-72.224
0.14582,-72.219
0.14587,-72.219
0.14592,-72.219
0.14597,-72.223
0.14602,-72.233
0.14607,-72.247
0.14612,-72.253
0.14617,-72.251
0.14622,-72.251
0.14627,-72.255
0.14632,-72.257
0.14637,-72.258
0.14642,-72.259
0.14647,-72.259
0.14652,-72.259
0.14657,-72.259
0.14661,-72.258
0.14666,-72.258
0.14671,-72.257
0.14676,-72.255
0.14681,-72.252
0.14686,-72.248
0.14691,-72.24
0.14696,-72.234
0.14701,-72.228
0.14706,-72.226
0.14711,-72.22
0.14716,-72.215
0.14721,-72.204
0.14726,-72.204
0.14731,-72.204
0.14736,-72.19
0.14741,-72.172
0.14746,-72.168
0.14751,-72.166
0.14756,-72.161
0.14761,-72.15
0.14766,-72.147
0.14771,-72.138
0.14776,-72.129
0.14781,-72.123
0.14786,-72.115
0.14791,-72.113
0.14796,-72.11
0.14801,-72.108
0.14806,-72.105
0.14811,-72.095
0.14816,-72.085
0.14821,-72.068
0.14826,-72.051
0.14831,-72.033
0.14836,-72.013
0.14841,-72.007
0.14846,-72
0.14851,-71.971
0.14856,-71.958
0.14861,-71.96
0.14866,-71.96
0.14871,-71.963
0.14876,-71.962
0.14881,-71.959
0.14886,-71.955
0.14891,-71.948
0.14896,-71.94
0.14901,-71.944
0.14906,-71.939
0.14911,-71.935
0.14916,-71.932
0.14921,-71.938
0.14926,-71.944
0.14931,-71.947
0.14935,-71.949
0.1494,-71.952
0.14945,-71.969
0.1495,-71.981
0.14955,-71.969
0.1496,-71.969
0.14965,-71.981
0.1497,-71.993
0.14975,-72.005
0.1498,-72.008
0.14985,-72.01
0.1499,-72.016
0.14995,-72.027
0.15,-72.018
0.15005,-72.013
0.1501,-72.018
0.15015,-72.02
0.1502,-72.026
0.15025,-72.028
0.1503,-72.028
0.15035,-72.028
0.1504,-72.023
0.15045,-72.021
0.1505,-72.019
0.15055,-72.019
0.1506,-72.017
0.15065,-72.016
0.1507,-72.016
0.15075,-72.012
0.1508,-72.007
0.15085,-72.002
0.1509,-71.993
0.15095,-71.987
0.151,-71.979
0.15105,-71.974
0.1511,-71.971
0.15115,-71.966
0.1512,-71.962
0.15125,-71.959
0.1513,-71.956
0.15135,-71.958
0.1514,-71.964
0.15145,-71.968
0.1515,-71.965
0.15155,-71.965
0.1516,-71.968
0.15165,-71.964
0.1517,-71.968
0.15175,-71.971
0.1518,-71.974
0.15185,-71.983
0.1519,-71.988
0.15195,-71.992
0.152,-71.993
0.15205,-71.994
0.15209,-71.996
0.15214,-71.997
0.15219,-71.992
0.15224,-71.99
0.15229,-71.988
0.15234,-71.988
0.15239,-71.988
0.15244,-71.985
0.15249,-71.985
0.15254,-71.982
0.15259,-71.985
0.15264,-71.99
0.15269,-71.99
0.15274,-71.99
0.15279,-71.988
0.15284,-71.988
0.15289,-71.99
0.15294,-71.995
0.15299,-72.003
0.15304,-72
0.15309,-72.003
0.15314,-72.003
0.15319,-72.007
0.15324,-72.007
0.15329,-72.009
0.15334,-72.013
0.15339,-72.013
0.15344,-72.017
0.15349,-72.017
0.15354,-72.013
0.15359,-72.007
0.15364,-72.007
0.15369,-72.007
0.15374,-72.007
0.15379,-71.997
0.15384,-71.984
0.15389,-71.975
0.15394,-71.966
0.15399,-71.965
0.15404,-71.965
0.15409,-71.965
0.15414,-71.966
0.15419,-71.966
0.15424,-71.971
0.15429,-71.978
0.15434,-71.978
0.15439,-71.973
0.15444,-71.965
0.15449,-71.965
0.15454,-71.972
0.15459,-71.971
0.15464,-71.964
0.15469,-71.959
0.15474,-71.96
0.15479,-71.96
0.15483,-71.96
0.15488,-71.955
0.15493,-71.955
0.15498,-71.947
0.15503,-71.944
0.15508,-71.94
0.15513,-71.942
0.15518,-71.946
0.15523,-71.949
0.15528,-71.952
0.15533,-71.952
0.15538,-71.955
0.15543,-71.958
0.15548,-71.955
0.15553,-71.952
0.15558,-71.95
0.15563,-71.952
0.15568,-71.953
0.15573,-71.957
0.15578,-71.959
0.15583,-71.949
0.15588,-71.943
0.15593,-71.943
0.15598,-71.949
0.15603,-71.949
0.15608,-71.949
0.15613,-71.947
0.15618,-71.943
0.15623,-71.937
0.15628,-71.937
0.15633,-71.943
0.15638,-71.943
0.15643,-71.943
0.15648,-71.939
0.15653,-71.939
0.15658,-71.946
0.15663,-71.94
0.15668,-71.928
0.15673,-71.926
0.15678,-71.932
0.15683,-71.937
0.15688,-71.943
0.15693,-71.946
0.15698,-71.947
0.15703,-71.945
0.15708,-71.941
0.15713,-71.937
0.15718,-71.933
0.15723,-71.933
0.15728,-71.921
0.15733,-71.913
0.15738,-71.914
0.15743,-71.91
0.15748,-71.914
0.15753,-71.915
0.15757,-71.916
0.15762,-71.92
0.15767,-71.928
0.15772,-71.939
0.15777,-71.949
0.15782,-71.952
0.15787,-71.952
0.15792,-71.952
0.15797,-71.951
0.15802,-71.955
0.15807,-71.957
0.15812,-71.96
0.15817,-71.962
0.15822,-71.965
0.15827,-71.966
0.15832,-71.97
0.15837,-71.977
0.15842,-71.983
0.15847,-71.984
0.15852,-71.983
0.15857,-71.985
0.15862,-71.99
0.15867,-71.996
0.15872,-71.999
0.15877,-72.003
0.15882,-72.003
0.15887,-72.004
0.15892,-72.002
0.15897,-72.002
0.15902,-72.005
0.15907,-72.006
0.15912,-72.006
0.15917,-72.008
0.15922,-72.01
0.15927,-72.014
0.15932,-72.013
0.15937,-72.004
0.15942,-72.004
0.15947,-72.009
0.15952,-72.013
0.15957,-72.017
0.15962,-72.023
0.15967,-72.039
0.15972,-72.049
0.15977,-72.048
0.15982,-72.046
0.15987,-72.048
0.15992,-72.05
0.15997,-72.054
0.16002,-72.055
0.16007,-72.056
0.16012,-72.055
0.16017,-72.055
0.16022,-72.055
0.16027,-72.051
0.16031,-72.052
0.16036,-72.053
0.16041,-72.055
0.16046,-72.064
0.16051,-72.062
0.16056,-72.056
0.16061,-72.054
0.16066,-72.058
0.16071,-72.058
0.16076,-72.058
0.16081,-72.058
0.16086,-72.054
0.16091,-72.055
0.16096,-72.059
0.16101,-72.074
0.16106,-72.084
0.16111,-72.083
0.16116,-72.081
0.16121,-72.086
0.16126,-72.084
0.16131,-72.081
0.16136,-72.075
0.16141,-72.062
0.16146,-72.054
0.16151,-72.051
0.16156,-72.057
0.16161,-72.062
0.16166,-72.067
0.16171,-72.058
0.16176,-72.053
0.16181,-72.053
0.16186,-72.056
0.16191,-72.059
0.16196,-72.062
0.16201,-72.064
0.16206,-72.07
0.16211,-72.074
0.16216,-72.073
0.16221,-72.072
0.16226,-72.072
0.16231,-72.071
0.16236,-72.073
0.16241,-72.074
0.16246,-72.074
0.16251,-72.072
0.16256,-72.072
0.16261,-72.075
0.16266,-72.077
0.16271,-72.079
0.16276,-72.09
0.16281,-72.088
0.16286,-72.086
0.16291,-72.074
0.16296,-72.085
0.16301,-72.096
0.16305,-72.096
0.1631,-72.096
0.16315,-72.096
0.1632,-72.096
0.16325,-72.096
0.1633,-72.096
0.16335,-72.096
0.1634,-72.098
0.16345,-72.1
0.1635,-72.1
0.16355,-72.098
0.1636,-72.098
0.16365,-72.098
0.1637,-72.097
0.16375,-72.097
0.1638,-72.097
0.16385,-72.1
0.1639,-72.101
0.16395,-72.107
0.164,-72.111
0.16405,-72.111
0.1641,-72.107
0.16415,-72.112
0.1642,-72.12
0.16425,-72.126
0.1643,-72.132
0.16435,-72.133
0.1644,-72.136
0.16445,-72.141
0.1645,-72.147
0.16455,-72.147
0.1646,-72.147
0.16465,-72.155
0.1647,-72.16
0.16475,-72.168
0.1648,-72.181
0.16485,-72.184
0.1649,-72.187
0.16495,-72.194
0.165,-72.199
0.16505,-72.199
0.1651,-72.201
0.16515,-72.199
0.1652,-72.2
0.16525,-72.201
0.1653,-72.204
0.16535,-72.208
0.1654,-72.208
0.16545,-72.21
0.1655,-72.206
0.16555,-72.205
0.1656,-72.205
0.16565,-72.206
0.1657,-72.206
0.16575,-72.206
0.16579,-72.206
0.16584,-72.206
0.16589,-72.197
0.16594,-72.197
0.16599,-72.197
0.16604,-72.197
0.16609,-72.19
0.16614,-72.185
0.16619,-72.185
0.16624,-72.177
0.16629,-72.168
0.16634,-72.16
0.16639,-72.125
0.16644,-72.085
0.16649,-72.071
0.16654,-72.058
0.16659,-72.057
0.16664,-72.052
0.16669,-72.045
0.16674,-72.036
0.16679,-72.029
0.16684,-72.028
0.16689,-72.026
0.16694,-72.021
0.16699,-72.017
0.16704,-72.01
0.16709,-72.007
0.16714,-72.005
0.16719,-72.005
0.16724,-72.007
0.16729,-72.006
0.16734,-72.002
0.16739,-71.994
0.16744,-72
0.16749,-72.007
0.16754,-72.013
0.16759,-72.022
0.16764,-72.028
0.16769,-72.028
0.16774,-72.036
0.16779,-72.047
0.16784,-72.055
0.16789,-72.065
0.16794,-72.068
0.16799,-72.073
0.16804,-72.08
0.16809,-72.081
0.16814,-72.084
0.16819,-72.087
0.16824,-72.089
0.16829,-72.095
0.16834,-72.103
0.16839,-72.107
0.16844,-72.11
0.16849,-72.116
0.16853,-72.12
0.16858,-72.121
0.16863,-72.123
0.16868,-72.132
0.16873,-72.145
0.16878,-72.151
0.16883,-72.151
0.16888,-72.151
0.16893,-72.151
0.16898,-72.151
0.16903,-72.152
0.16908,-72.152
0.16913,-72.159
0.16918,-72.171
0.16923,-72.181
0.16928,-72.189
0.16933,-72.193
0.16938,-72.195
0.16943,-72.197
0.16948,-72.197
0.16953,-72.209
0.16958,-72.222
0.16963,-72.222
0.16968,-72.219
0.16973,-72.22
0.16978,-72.22
0.16983,-72.218
0.16988,-72.214
0.16993,-72.209
0.16998,-72.199
0.17003,-72.215
0.17008,-72.218
0.17013,-72.218
0.17018,-72.218
0.17023,-72.218
0.17028,-72.218
0.17033,-72.218
0.17038,-72.213
0.17043,-72.206
0.17048,-72.194
0.17053,-72.194
0.17058,-72.197
0.17063,-72.196
0.17068,-72.189
0.17073,-72.177
0.17078,-72.18
0.17083,-72.175
0.17088,-72.173
0.17093,-72.168
0.17098,-72.156
0.17103,-72.151
0.17108,-72.149
0.17113,-72.15
0.17118,-72.148
0.17123,-72.148
0.17127,-72.147
0.17132,-72.147
0.17137,-72.154
0.17142,-72.16
0.17147,-72.163
0.17152,-72.163
0.17157,-72.163
0.17162,-72.169
0.17167,-72.169
0.17172,-72.169
0.17177,-72.161
0.17182,-72.158
0.17187,-72.156
0.17192,-72.156
0.17197,-72.156
0.17202,-72.158
0.17207,-72.161
0.17212,-72.165
0.17217,-72.168
0.17222,-72.172
0.17227,-72.174
0.17232,-72.193
0.17237,-72.197
0.17242,-72.204
0.17247,-72.213
0.17252,-72.213
0.17257,-72.216
0.17262,-72.221
0.17267,-72.224
0.17272,-72.232
0.17277,-72.235
0.17282,-72.238
0.17287,-72.241
0.17292,-72.248
0.17297,-72.257
0.17302,-72.259
0.17307,-72.259
0.17312,-72.261
0.17317,-72.263
0.17322,-72.266
0.17327,-72.266
0.17332,-72.268
0.17337,-72.268
0.17342,-72.266
0.17347,-72.268
0.17352,-72.268
0.17357,-72.274
0.17362,-72.274
0.17367,-72.271
0.17372,-72.274
0.17377,-72.275
0.17382,-72.277
0.17387,-72.274
0.17392,-72.271
0.17397,-72.28
0.17401,-72.265
0.17406,-72.27
0.17411,-72.267
0.17416,-72.25
0.17421,-72.25
0.17426,-72.248
0.17431,-72.235
0.17436,-72.222
0.17441,-72.213
0.17446,-72.213
0.17451,-72.213
0.17456,-72.213
0.17461,-72.215
0.17466,-72.216
0.17471,-72.216
0.17476,-72.217
0.17481,-72.219
0.17486,-72.222
0.17491,-72.222
0.17496,-72.219
0.17501,-72.217
0.17506,-72.216
0.17511,-72.214
0.17516,-72.207
0.17521,-72.207
0.17526,-72.208
0.17531,-72.208
0.17536,-72.21
0.17541,-72.207
0.17546,-72.2
0.17551,-72.195
0.17556,-72.196
0.17561,-72.192
0.17566,-72.192
0.17571,-72.184
0.17576,-72.176
0.17581,-72.181
0.17586,-72.181
0.17591,-72.176
0.17596,-72.173
0.17601,-72.176
0.17606,-72.183
0.17611,-72.2
0.17616,-72.21
0.17621,-72.21
0.17626,-72.211
0.17631,-72.202
0.17636,-72.202
0.17641,-72.202
0.17646,-72.202
0.17651,-72.211
0.17656,-72.206
0.17661,-72.197
0.17666,-72.207
0.17671,-72.216
0.17675,-72.216
0.1768,-72.207
0.17685,-72.207
0.1769,-72.213
0.17695,-72.208
0.177,-72.202
0.17705,-72.194
0.1771,-72.183
0.17715,-72.182
0.1772,-72.187
0.17725,-72.186
0.1773,-72.183
0.17735,-72.165
0.1774,-72.15
0.17745,-72.146
0.1775,-72.147
0.17755,-72.147
0.1776,-72.147
0.17765,-72.147
0.1777,-72.148
0.17775,-72.15
0.1778,-72.151
0.17785,-72.159
0.1779,-72.165
0.17795,-72.166
0.178,-72.169
0.17805,-72.174
0.1781,-72.176
0.17815,-72.177
0.1782,-72.177
0.17825,-72.182
0.1783,-72.18
0.17835,-72.18
0.1784,-72.179
0.17845,-72.174
0.1785,-72.174
0.17855,-72.179
0.1786,-72.177
0.17865,-72.171
0.1787,-72.171
0.17875,-72.177
0.1788,-72.182
0.17885,-72.183
0.1789,-72.18
0.17895,-72.182
0.179,-72.188
0.17905,-72.197
0.1791,-72.2
0.17915,-72.2
0.1792,-72.197
0.17925,-72.195
0.1793,-72.197
0.17935,-72.2
0.1794,-72.203
0.17945,-72.203
0.17949,-72.206
0.17954,-72.208
0.17959,-72.214
0.17964,-72.219
0.17969,-72.219
0.17974,-72.218
0.17979,-72.226
0.17984,-72.236
0.17989,-72.242
0.17994,-72.258
0.17999,-72.273
0.18004,-72.273
0.18009,-72.277
0.18014,-72.283
0.18019,-72.283
0.18024,-72.28
0.18029,-72.28
0.18034,-72.289
0.18039,-72.301
0.18044,-72.312
0.18049,-72.316
0.18054,-72.321
0.18059,-72.323
0.18064,-72.322
0.18069,-72.321
0.18074,-72.319
0.18079,-72.321
0.18084,-72.325
0.18089,-72.331
0.18094,-72.338
0.18099,-72.337
0.18104,-72.341
0.18109,-72.346
0.18114,-72.346
0.18119,-72.348
0.18124,-72.348
0.18129,-72.347
0.18134,-72.346
0.18139,-72.346
0.18144,-72.345
0.18149,-72.348
0.18154,-72.351
0.18159,-72.354
0.18164,-72.361
0.18169,-72.361
0.18174,-72.361
0.18179,-72.355
0.18184,-72.356
0.18189,-72.361
0.18194,-72.362
0.18199,-72.357
0.18204,-72.356
0.18209,-72.355
0.18214,-72.355
0.18219,-72.361
0.18223,-72.366
0.18228,-72.371
0.18233,-72.373
0.18238,-72.37
0.18243,-72.373
0.18248,-72.377
0.18253,-72.387
0.18258,-72.387
0.18263,-72.369
0.18268,-72.387
0.18273,-72.398
0.18278,-72.399
0.18283,-72.398
0.18288,-72.389
0.18293,-72.383
0.18298,-72.377
0.18303,-72.375
0.18308,-72.37
0.18313,-72.377
0.18318,-72.373
0.18323,-72.374
0.18328,-72.376
0.18333,-72.376
0.18338,-72.376
0.18343,-72.374
0.18348,-72.376
0.18353,-72.374
0.18358,-72.372
0.18363,-72.374
0.18368,-72.373
0.18373,-72.375
0.18378,-72.377
0.18383,-72.383
0.18388,-72.393
0.18393,-72.399
0.18398,-72.401
0.18403,-72.403
0.18408,-72.416
0.18413,-72.42
0.18418,-72.419
0.18423,-72.419
0.18428,-72.419
0.18433,-72.425
0.18438,-72.426
0.18443,-72.43
0.18448,-72.437
0.18453,-72.441
0.18458,-72.449
0.18463,-72.46
0.18468,-72.461
0.18473,-72.457
0.18478,-72.457
0.18483,-72.457
0.18488,-72.465
0.18493,-72.475
0.18497,-72.477
0.18502,-72.477
0.18507,-72.477
0.18512,-72.486
0.18517,-72.497
0.18522,-72.502
0.18527,-72.507
0.18532,-72.512
0.18537,-72.518
0.18542,-72.521
0.18547,-72.527
0.18552,-72.527
0.18557,-72.527
0.18562,-72.53
0.18567,-72.531
0.18572,-72.532
0.18577,-72.531
0.18582,-72.527
0.18587,-72.525
0.18592,-72.531
0.18597,-72.535
0.18602,-72.531
0.18607,-72.531
0.18612,-72.525
0.18617,-72.519
0.18622,-72.517
0.18627,-72.514
0.18632,-72.519
0.18637,-72.518
0.18642,-72.525
0.18647,-72.531
0.18652,-72.537
0.18657,-72.544
0.18662,-72.549
0.18667,-72.55
0.18672,-72.551
0.18677,-72.553
0.18682,-72.555
0.18687,-72.56
0.18692,-72.571
0.18697,-72.588
0.18702,-72.605
0.18707,-72.605
0.18712,-72.599
0.18717,-72.596
0.18722,-72.609
0.18727,-72.616
0.18732,-72.622
0.18737,-72.618
0.18742,-72.609
0.18747,-72.622
0.18752,-72.633
0.18757,-72.64
0.18762,-72.638
0.18767,-72.631
0.18771,-72.638
0.18776,-72.64
0.18781,-72.647
0.18786,-72.652
0.18791,-72.651
0.18796,-72.657
0.18801,-72.66
0.18806,-72.66
0.18811,-72.667
0.18816,-72.667
0.18821,-72.669
0.18826,-72.68
0.18831,-72.688
0.18836,-72.689
0.18841,-72.696
0.18846,-72.702
0.18851,-72.708
0.18856,-72.718
0.18861,-72.728
0.18866,-72.731
0.18871,-72.725
0.18876,-72.717
0.18881,-72.727
0.18886,-72.736
0.18891,-72.737
0.18896,-72.738
0.18901,-72.738
0.18906,-72.736
0.18911,-72.738
0.18916,-72.747
0.18921,-72.757
0.18926,-72.747
0.18931,-72.746
0.18936,-72.751
0.18941,-72.751
0.18946,-72.751
0.18951,-72.75
0.18956,-72.745
0.18961,-72.748
0.18966,-72.75
0.18971,-72.75
0.18976,-72.75
0.18981,-72.749
0.18986,-72.75
0.18991,-72.753
0.18996,-72.757
0.19001,-72.754
0.19006,-72.75
0.19011,-72.75
0.19016,-72.756
0.19021,-72.75
0.19026,-72.748
0.19031,-72.747
0.19036,-72.747
0.19041,-72.747
0.19045,-72.75
0.1905,-72.75
0.19055,-72.742
0.1906,-72.735
0.19065,-72.735
0.1907,-72.735
0.19075,-72.73
0.1908,-72.73
0.19085,-72.73
0.1909,-72.728
0.19095,-72.725
0.191,-72.718
0.19105,-72.705
0.1911,-72.696
0.19115,-72.692
0.1912,-72.688
0.19125,-72.689
0.1913,-72.681
0.19135,-72.669
0.1914,-72.667
0.19145,-72.667
0.1915,-72.664
0.19155,-72.661
0.1916,-72.657
0.19165,-72.653
0.1917,-72.654
0.19175,-72.656
0.1918,-72.654
0.19185,-72.646
0.1919,-72.641
0.19195,-72.64
0.192,-72.633
0.19205,-72.629
0.1921,-72.626
0.19215,-72.618
0.1922,-72.607
0.19225,-72.604
0.1923,-72.606
0.19235,-72.597
0.1924,-72.591
0.19245,-72.585
0.1925,-72.591
0.19255,-72.593
0.1926,-72.594
0.19265,-72.591
0.1927,-72.585
0.19275,-72.582
0.1928,-72.58
0.19285,-72.58
0.1929,-72.569
0.19295,-72.553
0.193,-72.532
0.19305,-72.529
0.1931,-72.529
0.19315,-72.529
0.19319,-72.524
0.19324,-72.519
0.19329,-72.519
0.19334,-72.519
0.19339,-72.519
0.19344,-72.519
0.19349,-72.519
0.19354,-72.519
0.19359,-72.519
0.19364,-72.518
0.19369,-72.513
0.19374,-72.502
0.19379,-72.495
0.19384,-72.498
0.19389,-72.507
0.19394,-72.499
0.19399,-72.477
0.19404,-72.457
0.19409,-72.451
0.19414,-72.448
0.19419,-72.453
0.19424,-72.453
0.19429,-72.453
0.19434,-72.456
0.19439,-72.456
0.19444,-72.456
0.19449,-72.456
0.19454,-72.456
0.19459,-72.456
0.19464,-72.456
0.19469,-72.456
0.19474,-72.456
0.19479,-72.447
0.19484,-72.451
0.19489,-72.458
0.19494,-72.461
0.19499,-72.464
0.19504,-72.471
0.19509,-72.474
0.19514,-72.485
0.19519,-72.497
0.19524,-72.498
0.19529,-72.501
0.19534,-72.496
0.19539,-72.499
0.19544,-72.501
0.19549,-72.504
0.19554,-72.508
0.19559,-72.506
0.19564,-72.507
0.19569,-72.514
0.19574,-72.523
0.19579,-72.525
0.19584,-72.527
0.19589,-72.533
0.19593,-72.545
0.19598,-72.545
0.19603,-72.538
0.19608,-72.528
0.19613,-72.527
0.19618,-72.529
0.19623,-72.545
0.19628,-72.573
0.19633,-72.586
0.19638,-72.589
0.19643,-72.594
0.19648,-72.591
0.19653,-72.588
0.19658,-72.588
0.19663,-72.592
0.19668,-72.592
0.19673,-72.598
0.19678,-72.612
0.19683,-72.616
0.19688,-72.615
0.19693,-72.615
0.19698,-72.618
0.19703,-72.624
0.19708,-72.631
0.19713,-72.64
0.19718,-72.644
0.19723,-72.647
0.19728,-72.649
0.19733,-72.649
0.19738,-72.647
0.19743,-72.644
0.19748,-72.644
0.19753,-72.644
0.19758,-72.644
0.19763,-72.651
0.19768,-72.645
0.19773,-72.642
0.19778,-72.635
0.19783,-72.628
0.19788,-72.631
0.19793,-72.634
0.19798,-72.636
0.19803,-72.638
0.19808,-72.644
0.19813,-72.651
0.19818,-72.654
0.19823,-72.657
0.19828,-72.659
0.19833,-72.66
0.19838,-72.66
0.19843,-72.665
0.19848,-72.665
0.19853,-72.657
0.19858,-72.657
0.19863,-72.66
0.19867,-72.67
0.19872,-72.675
0.19877,-72.678
0.19882,-72.685
0.19887,-72.689
0.19892,-72.691
0.19897,-72.697
0.19902,-72.703
0.19907,-72.706
0.19912,-72.708
0.19917,-72.709
0.19922,-72.711
0.19927,-72.713
0.19932,-72.715
0.19937,-72.708
0.19942,-72.708
0.19947,-72.707
0.19952,-72.707
0.19957,-72.707
0.19962,-72.706
0.19967,-72.705
0.19972,-72.711
0.19977,-72.715
0.19982,-72.715
0.19987,-72.715
0.19992,-72.718
0.19997,-72.722
0.20002,-72.723
0.20007,-72.72
0.20012,-72.72
0.20017,-72.722
0.20022,-72.726
0.20027,-72.733
0.20032,-72.733
0.20037,-72.731
0.20042,-72.727
0.20047,-72.727
0.20052,-72.729
0.20057,-72.73
0.20062,-72.731
0.20067,-72.734
0.20072,-72.735
0.20077,-72.735
0.20082,-72.737
0.20087,-72.737
0.20092,-72.726
0.20097,-72.728
0.20102,-72.726
0.20107,-72.721
0.20112,-72.714
0.20117,-72.712
0.20122,-72.708
0.20127,-72.699
0.20132,-72.691
0.20137,-72.689
0.20141,-72.686
0.20146,-72.683
0.20151,-72.681
0.20156,-72.679
0.20161,-72.676
0.20166,-72.667
0.20171,-72.657
0.20176,-72.651
0.20181,-72.638
0.20186,-72.628
0.20191,-72.626
0.20196,-72.626
0.20201,-72.625
0.20206,-72.625
0.20211,-72.625
0.20216,-72.626
0.20221,-72.631
0.20226,-72.636
0.20231,-72.638
0.20236,-72.639
0.20241,-72.644
0.20246,-72.65
0.20251,-72.65
0.20256,-72.656
0.20261,-72.66
0.20266,-72.66
0.20271,-72.66
0.20276,-72.66
0.20281,-72.66
0.20286,-72.66
0.20291,-72.66
0.20296,-72.66
0.20301,-72.66
0.20306,-72.66
0.20311,-72.661
0.20316,-72.661
0.20321,-72.661
0.20326,-72.657
0.20331,-72.653
0.20336,-72.654
0.20341,-72.653
0.20346,-72.651
0.20351,-72.647
0.20356,-72.634
0.20361,-72.619
0.20366,-72.613
0.20371,-72.612
0.20376,-72.609
0.20381,-72.604
0.20386,-72.6
0.20391,-72.596
0.20396,-72.593
0.20401,-72.591
0.20406,-72.59
0.20411,-72.589
0.20415,-72.581
0.2042,-72.573
0.20425,-72.567
0.2043,-72.558
0.20435,-72.553
0.2044,-72.547
0.20445,-72.538
0.2045,-72.531
0.20455,-72.53
0.2046,-72.527
0.20465,-72.519
0.2047,-72.493
0.20475,-72.471
0.2048,-72.47
0.20485,-72.46
0.2049,-72.457
0.20495,-72.454
0.205,-72.451
0.20505,-72.444
0.2051,-72.437
0.20515,-72.438
0.2052,-72.438
0.20525,-72.435
0.2053,-72.434
0.20535,-72.432
0.2054,-72.432
0.20545,-72.435
0.2055,-72.441
0.20555,-72.44
0.2056,-72.439
0.20565,-72.437
0.2057,-72.436
0.20575,-72.434
0.2058,-72.428
0.20585,-72.416
0.2059,-72.414
0.20595,-72.414
0.206,-72.414
0.20605,-72.426
0.2061,-72.428
0.20615,-72.428
0.2062,-72.429
0.20625,-72.431
0.2063,-72.432
0.20635,-72.433
0.2064,-72.432
0.20645,-72.432
0.2065,-72.435
0.20655,-72.435
0.2066,-72.435
0.20665,-72.427
0.2067,-72.422
0.20675,-72.419
0.2068,-72.422
0.20685,-72.422
0.20689,-72.422
0.20694,-72.419
0.20699,-72.409
0.20704,-72.409
0.20709,-72.41
0.20714,-72.422
0.20719,-72.422
0.20724,-72.412
0.20729,-72.407
0.20734,-72.412
0.20739,-72.415
0.20744,-72.414
0.20749,-72.414
0.20754,-72.418
0.20759,-72.422
0.20764,-72.419
0.20769,-72.42
0.20774,-72.42
0.20779,-72.418
0.20784,-72.422
0.20789,-72.425
0.20794,-72.434
0.20799,-72.443
0.20804,-72.445
0.20809,-72.446
0.20814,-72.448
0.20819,-72.454
0.20824,-72.462
0.20829,-72.46
0.20834,-72.459
0.20839,-72.461
0.20844,-72.462
0.20849,-72.462
0.20854,-72.461
0.20859,-72.465
0.20864,-72.469
0.20869,-72.473
0.20874,-72.473
0.20879,-72.478
0.20884,-72.479
0.20889,-72.485
0.20894,-72.494
0.20899,-72.505
0.20904,-72.509
0.20909,-72.505
0.20914,-72.505
0.20919,-72.499
0.20924,-72.49
0.20929,-72.479
0.20934,-72.475
0.20939,-72.474
0.20944,-72.47
0.20949,-72.47
0.20954,-72.47
0.20959,-72.47
0.20963,-72.47
0.20968,-72.47
0.20973,-72.47
0.20978,-72.47
0.20983,-72.467
0.20988,-72.458
0.20993,-72.458
0.20998,-72.458
0.21003,-72.458
0.21008,-72.451
0.21013,-72.451
0.21018,-72.451
0.21023,-72.456
0.21028,-72.459
0.21033,-72.456
0.21038,-72.443
0.21043,-72.438
0.21048,-72.436
0.21053,-72.431
0.21058,-72.429
0.21063,-72.426
0.21068,-72.414
0.21073,-72.396
0.21078,-72.393
0.21083,-72.386
0.21088,-72.373
0.21093,-72.357
0.21098,-72.351
0.21103,-72.352
0.21108,-72.351
0.21113,-72.351
0.21118,-72.345
0.21123,-72.334
0.21128,-72.326
0.21133,-72.329
0.21138,-72.333
0.21143,-72.337
0.21148,-72.333
0.21153,-72.329
0.21158,-72.324
0.21163,-72.319
0.21168,-72.322
0.21173,-72.329
0.21178,-72.332
0.21183,-72.334
0.21188,-72.334
0.21193,-72.327
0.21198,-72.327
0.21203,-72.327
0.21208,-72.324
0.21213,-72.321
0.21218,-72.321
0.21223,-72.325
0.21228,-72.325
0.21233,-72.328
0.21237,-72.328
0.21242,-72.325
0.21247,-72.324
0.21252,-72.321
0.21257,-72.319
0.21262,-72.317
0.21267,-72.317
0.21272,-72.314
0.21277,-72.313
0.21282,-72.314
0.21287,-72.32
0.21292,-72.324
0.21297,-72.327
0.21302,-72.335
0.21307,-72.339
0.21312,-72.335
0.21317,-72.345
0.21322,-72.351
0.21327,-72.351
0.21332,-72.351
0.21337,-72.356
0.21342,-72.361
0.21347,-72.366
0.21352,-72.374
0.21357,-72.385
0.21362,-72.389
0.21367,-72.395
0.21372,-72.405
0.21377,-72.416
0.21382,-72.445
0.21387,-72.461
0.21392,-72.476
0.21397,-72.485
0.21402,-72.476
0.21407,-72.481
0.21412,-72.485
0.21417,-72.51
0.21422,-72.524
0.21427,-72.531
0.21432,-72.532
0.21437,-72.536
0.21442,-72.544
0.21447,-72.552
0.21452,-72.553
0.21457,-72.553
0.21462,-72.56
0.21467,-72.565
0.21472,-72.565
0.21477,-72.573
0.21482,-72.585
0.21487,-72.587
0.21492,-72.594
0.21497,-72.602
0.21502,-72.61
0.21507,-72.622
0.21511,-72.626
0.21516,-72.632
0.21521,-72.636
0.21526,-72.644
0.21531,-72.647
0.21536,-72.647
0.21541,-72.655
0.21546,-72.655
0.21551,-72.663
0.21556,-72.663
0.21561,-72.664
0.21566,-72.67
0.21571,-72.672
0.21576,-72.676
0.21581,-72.676
0.21586,-72.682
0.21591,-72.688
0.21596,-72.688
0.21601,-72.691
0.21606,-72.698
0.21611,-72.699
0.21616,-72.703
0.21621,-72.708
0.21626,-72.712
0.21631,-72.712
0.21636,-72.719
0.21641,-72.721
0.21646,-72.731
0.21651,-72.737
0.21656,-72.737
0.21661,-72.742
0.21666,-72.749
0.21671,-72.75
0.21676,-72.752
0.21681,-72.747
0.21686,-72.744
0.21691,-72.741
0.21696,-72.741
0.21701,-72.755
0.21706,-72.758
0.21711,-72.758
0.21716,-72.758
0.21721,-72.756
0.21726,-72.744
0.21731,-72.744
0.21736,-72.753
0.21741,-72.764
0.21746,-72.764
0.21751,-72.765
0.21756,-72.763
0.21761,-72.76
0.21766,-72.761
0.21771,-72.76
0.21776,-72.758
0.21781,-72.757
0.21785,-72.75
0.2179,-72.743
0.21795,-72.742
0.218,-72.741
0.21805,-72.741
0.2181,-72.742
0.21815,-72.738
0.2182,-72.737
0.21825,-72.736
0.2183,-72.734
0.21835,-72.73
0.2184,-72.724
0.21845,-72.724
0.2185,-72.721
0.21855,-72.721
0.2186,-72.726
0.21865,-72.732
0.2187,-72.732
0.21875,-72.737
0.2188,-72.733
0.21885,-72.727
0.2189,-72.722
0.21895,-72.727
0.219,-72.727
0.21905,-72.729
0.2191,-72.727
0.21915,-72.727
0.2192,-72.727
0.21925,-72.734
0.2193,-72.739
0.21935,-72.741
0.2194,-72.741
0.21945,-72.741
0.2195,-72.741
0.21955,-72.741
0.2196,-72.743
0.21965,-72.751
0.2197,-72.751
0.21975,-72.743
0.2198,-72.741
0.21985,-72.742
0.2199,-72.741
0.21995,-72.741
0.22,-72.748
0.22005,-72.755
0.2201,-72.755
0.22015,-72.755
0.2202,-72.751
0.22025,-72.751
0.2203,-72.751
0.22035,-72.755
0.2204,-72.757
0.22045,-72.757
0.2205,-72.757
0.22055,-72.761
0.22059,-72.764
0.22064,-72.768
0.22069,-72.773
0.22074,-72.773
0.22079,-72.772
0.22084,-72.776
0.22089,-72.781
0.22094,-72.782
0.22099,-72.782
0.22104,-72.782
0.22109,-72.782
0.22114,-72.781
0.22119,-72.777
0.22124,-72.775
0.22129,-72.774
0.22134,-72.774
0.22139,-72.775
0.22144,-72.773
0.22149,-72.776
0.22154,-72.772
0.22159,-72.772
0.22164,-72.772
0.22169,-72.772
0.22174,-72.772
0.22179,-72.773
0.22184,-72.777
0.22189,-72.777
0.22194,-72.77
0.22199,-72.77
0.22204,-72.77
0.22209,-72.766
0.22214,-72.756
0.22219,-72.757
0.22224,-72.768
0.22229,-72.773
0.22234,-72.773
0.22239,-72.774
0.22244,-72.779
0.22249,-72.779
0.22254,-72.779
0.22259,-72.779
0.22264,-72.782
0.22269,-72.785
0.22274,-72.786
0.22279,-72.794
0.22284,-72.794
0.22289,-72.795
0.22294,-72.795
0.22299,-72.795
0.22304,-72.789
0.22309,-72.797
0.22314,-72.799
0.22319,-72.799
0.22324,-72.798
0.22329,-72.795
0.22333,-72.791
0.22338,-72.802
0.22343,-72.802
0.22348,-72.799
0.22353,-72.795
0.22358,-72.792
0.22363,-72.791
0.22368,-72.786
0.22373,-72.781
0.22378,-72.776
0.22383,-72.776
0.22388,-72.776
0.22393,-72.761
0.22398,-72.761
0.22403,-72.761
0.22408,-72.755
0.22413,-72.753
0.22418,-72.75
0.22423,-72.743
0.22428,-72.739
0.22433,-72.725
0.22438,-72.692
0.22443,-72.659
0.22448,-72.633
0.22453,-72.624
0.22458,-72.612
0.22463,-72.591
0.22468,-72.566
0.22473,-72.56
0.22478,-72.555
0.22483,-72.543
0.22488,-72.515
0.22493,-72.512
0.22498,-72.506
0.22503,-72.5
0.22508,-72.49
0.22513,-72.486
0.22518,-72.485
0.22523,-72.482
0.22528,-72.48
0.22533,-72.477
0.22538,-72.477
0.22543,-72.477
0.22548,-72.474
0.22553,-72.478
0.22558,-72.483
0.22563,-72.479
0.22568,-72.476
0.22573,-72.475
0.22578,-72.472
0.22583,-72.472
0.22588,-72.48
0.22593,-72.48
0.22598,-72.489
0.22603,-72.49
0.22607,-72.49
0.22612,-72.49
0.22617,-72.493
0.22622,-72.494
0.22627,-72.494
0.22632,-72.497
0.22637,-72.502
0.22642,-72.499
0.22647,-72.498
0.22652,-72.498
0.22657,-72.498
0.22662,-72.504
0.22667,-72.509
0.22672,-72.516
0.22677,-72.524
0.22682,-72.522
0.22687,-72.522
0.22692,-72.524
0.22697,-72.534
0.22702,-72.546
0.22707,-72.545
0.22712,-72.548
0.22717,-72.552
0.22722,-72.557
0.22727,-72.557
0.22732,-72.546
0.22737,-72.536
0.22742,-72.535
0.22747,-72.534
0.22752,-72.541
0.22757,-72.55
0.22762,-72.55
0.22767,-72.551
0.22772,-72.551
0.22777,-72.551
0.22782,-72.551
0.22787,-72.548
0.22792,-72.544
0.22797,-72.544
0.22802,-72.544
0.22807,-72.548
0.22812,-72.553
0.22817,-72.56
0.22822,-72.557
0.22827,-72.559
0.22832,-72.559
0.22837,-72.562
0.22842,-72.551
0.22847,-72.538
0.22852,-72.539
0.22857,-72.537
0.22862,-72.53
0.22867,-72.524
0.22872,-72.523
0.22877,-72.519
0.22881,-72.514
0.22886,-72.516
0.22891,-72.519
0.22896,-72.519
0.22901,-72.516
0.22906,-72.517
0.22911,-72.507
0.22916,-72.499
0.22921,-72.498
0.22926,-72.49
0.22931,-72.484
0.22936,-72.488
0.22941,-72.493
0.22946,-72.491
0.22951,-72.491
0.22956,-72.491
0.22961,-72.493
0.22966,-72.499
0.22971,-72.496
0.22976,-72.488
0.22981,-72.488
0.22986,-72.496
0.22991,-72.497
0.22996,-72.484
0.23001,-72.477
0.23006,-72.471
0.23011,-72.471
0.23016,-72.467
0.23021,-72.462
0.23026,-72.457
0.23031,-72.457
0.23036,-72.457
0.23041,-72.46
0.23046,-72.46
0.23051,-72.454
0.23056,-72.451
0.23061,-72.441
0.23066,-72.449
0.23071,-72.451
0.23076,-72.449
0.23081,-72.441
0.23086,-72.44
0.23091,-72.448
0.23096,-72.448
0.23101,-72.447
0.23106,-72.438
0.23111,-72.436
0.23116,-72.435
0.23121,-72.44
0.23126,-72.44
0.23131,-72.437
0.23136,-72.432
0.23141,-72.429
0.23146,-72.432
0.23151,-72.438
0.23155,-72.441
0.2316,-72.441
0.23165,-72.451
0.2317,-72.46
0.23175,-72.467
0.2318,-72.472
0.23185,-72.472
0.2319,-72.474
0.23195,-72.474
0.232,-72.477
0.23205,-72.481
0.2321,-72.483
0.23215,-72.484
0.2322,-72.485
0.23225,-72.488
0.2323,-72.491
0.23235,-72.494
0.2324,-72.496
0.23245,-72.498
0.2325,-72.498
0.23255,-72.499
0.2326,-72.501
0.23265,-72.509
0.2327,-72.519
0.23275,-72.528
0.2328,-72.535
0.23285,-72.536
0.2329,-72.536
0.23295,-72.535
0.233,-72.541
0.23305,-72.541
0.2331,-72.541
0.23315,-72.541
0.2332,-72.539
0.23325,-72.538
0.2333,-72.538
0.23335,-72.535
0.2334,-72.535
0.23345,-72.535
0.2335,-72.535
0.23355,-72.537
0.2336,-72.532
0.23365,-72.532
0.2337,-72.529
0.23375,-72.531
0.2338,-72.536
0.23385,-72.542
0.2339,-72.551
0.23395,-72.559
0.234,-72.561
0.23405,-72.566
0.2341,-72.563
0.23415,-72.565
0.2342,-72.559
0.23425,-72.559
0.23429,-72.567
0.23434,-72.57
0.23439,-72.572
0.23444,-72.572
0.23449,-72.572
0.23454,-72.569
0.23459,-72.572
0.23464,-72.573
0.23469,-72.573
0.23474,-72.571
0.23479,-72.57
0.23484,-72.573
0.23489,-72.575
0.23494,-72.575
0.23499,-72.579
0.23504,-72.583
0.23509,-72.586
0.23514,-72.59
0.23519,-72.595
0.23524,-72.598
0.23529,-72.603
0.23534,-72.607
0.23539,-72.605
0.23544,-72.605
0.23549,-72.605
0.23554,-72.605
0.23559,-72.607
0.23564,-72.61
0.23569,-72.615
0.23574,-72.618
0.23579,-72.615
0.23584,-72.606
0.23589,-72.598
0.23594,-72.596
0.23599,-72.596
0.23604,-72.594
0.23609,-72.592
0.23614,-72.588
0.23619,-72.585
0.23624,-72.584
0.23629,-72.584
0.23634,-72.581
0.23639,-72.575
0.23644,-72.572
0.23649,-72.573
0.23654,-72.576
0.23659,-72.579
0.23664,-72.577
0.23669,-72.574
0.23674,-72.575
0.23679,-72.572
0.23684,-72.572
0.23689,-72.567
0.23694,-72.562
0.23699,-72.555
0.23703,-72.554
0.23708,-72.554
0.23713,-72.552
0.23718,-72.551
0.23723,-72.553
0.23728,-72.559
0.23733,-72.559
0.23738,-72.559
0.23743,-72.566
0.23748,-72.566
0.23753,-72.56
0.23758,-72.554
0.23763,-72.544
0.23768,-72.541
0.23773,-72.536
0.23778,-72.536
0.23783,-72.531
0.23788,-72.531
0.23793,-72.525
0.23798,-72.531
0.23803,-72.538
0.23808,-72.538
0.23813,-72.538
0.23818,-72.533
0.23823,-72.528
0.23828,-72.522
0.23833,-72.52
0.23838,-72.516
0.23843,-72.509
0.23848,-72.503
0.23853,-72.503
0.23858,-72.504
0.23863,-72.509
0.23868,-72.509
0.23873,-72.497
0.23878,-72.49
0.23883,-72.49
0.23888,-72.497
0.23893,-72.505
0.23898,-72.503
0.23903,-72.499
0.23908,-72.494
0.23913,-72.486
0.23918,-72.486
0.23923,-72.483
0.23928,-72.481
0.23933,-72.481
0.23938,-72.474
0.23943,-72.474
0.23948,-72.474
0.23953,-72.474
0.23958,-72.474
0.23963,-72.472
0.23968,-72.468
0.23973,-72.467
0.23977,-72.462
0.23982,-72.455
0.23987,-72.434
0.23992,-72.414
0.23997,-72.404
0.24002,-72.397
0.24007,-72.392
0.24012,-72.391
0.24017,-72.374
0.24022,-72.359
0.24027,-72.361
0.24032,-72.342
0.24037,-72.324
0.24042,-72.321
0.24047,-72.32
0.24052,-72.319
0.24057,-72.307
0.24062,-72.296
0.24067,-72.287
0.24072,-72.28
0.24077,-72.274
0.24082,-72.271
0.24087,-72.268
0.24092,-72.266
0.24097,-72.264
0.24102,-72.262
0.24107,-72.259
0.24112,-72.257
0.24117,-72.255
0.24122,-72.253
0.24127,-72.252
0.24132,-72.247
0.24137,-72.239
0.24142,-72.237
0.24147,-72.232
0.24152,-72.227
0.24157,-72.222
0.24162,-72.222
0.24167,-72.224
0.24172,-72.218
0.24177,-72.218
0.24182,-72.214
0.24187,-72.211
0.24192,-72.211
0.24197,-72.213
0.24202,-72.219
0.24207,-72.225
0.24212,-72.233
0.24217,-72.245
0.24222,-72.251
0.24227,-72.253
0.24232,-72.255
0.24237,-72.257
0.24242,-72.261
0.24247,-72.261
0.24251,-72.264
0.24256,-72.271
0.24261,-72.275
0.24266,-72.269
0.24271,-72.269
0.24276,-72.275
0.24281,-72.285
0.24286,-72.3
0.24291,-72.306
0.24296,-72.306
0.24301,-72.309
0.24306,-72.316
0.24311,-72.325
0.24316,-72.328
0.24321,-72.332
0.24326,-72.332
0.24331,-72.336
0.24336,-72.338
0.24341,-72.34
0.24346,-72.337
0.24351,-72.339
0.24356,-72.347
0.24361,-72.355
0.24366,-72.365
0.24371,-72.367
0.24376,-72.377
0.24381,-72.381
0.24386,-72.383
0.24391,-72.383
0.24396,-72.383
0.24401,-72.381
0.24406,-72.381
0.24411,-72.374
0.24416,-72.383
0.24421,-72.39
0.24426,-72.39
0.24431,-72.387
0.24436,-72.387
0.24441,-72.386
0.24446,-72.39
0.24451,-72.386
0.24456,-72.381
0.24461,-72.381
0.24466,-72.381
0.24471,-72.381
0.24476,-72.38
0.24481,-72.381
0.24486,-72.386
0.24491,-72.383
0.24496,-72.389
0.24501,-72.393
0.24506,-72.389
0.24511,-72.383
0.24516,-72.387
0.24521,-72.383
0.24525,-72.374
0.2453,-72.366
0.24535,-72.362
0.2454,-72.357
0.24545,-72.357
0.2455,-72.348
0.24555,-72.345
0.2456,-72.342
0.24565,-72.338
0.2457,-72.338
0.24575,-72.334
0.2458,-72.334
0.24585,-72.334
0.2459,-72.334
0.24595,-72.332
0.246,-72.328
0.24605,-72.322
0.2461,-72.318
0.24615,-72.304
0.2462,-72.29
0.24625,-72.286
0.2463,-72.286
0.24635,-72.287
0.2464,-72.291
0.24645,-72.293
0.2465,-72.294
0.24655,-72.294
0.2466,-72.29
0.24665,-72.286
0.2467,-72.284
0.24675,-72.288
0.2468,-72.293
0.24685,-72.295
0.2469,-72.297
0.24695,-72.295
0.247,-72.29
0.24705,-72.287
0.2471,-72.287
0.24715,-72.284
0.2472,-72.28
0.24725,-72.28
0.2473,-72.28
0.24735,-72.28
0.2474,-72.278
0.24745,-72.272
0.2475,-72.271
0.24755,-72.27
0.2476,-72.271
0.24765,-72.271
0.2477,-72.269
0.24775,-72.272
0.2478,-72.272
0.24785,-72.27
0.2479,-72.274
0.24795,-72.274
0.24799,-72.278
0.24804,-72.284
0.24809,-72.291
0.24814,-72.296
0.24819,-72.297
0.24824,-72.301
0.24829,-72.3
0.24834,-72.299
0.24839,-72.299
0.24844,-72.3
0.24849,-72.303
0.24854,-72.308
0.24859,-72.313
0.24864,-72.316
0.24869,-72.318
0.24874,-72.319
0.24879,-72.319
0.24884,-72.321
0.24889,-72.319
0.24894,-72.312
0.24899,-72.312
0.24904,-72.317
0.24909,-72.323
0.24914,-72.323
0.24919,-72.324
0.24924,-72.324
0.24929,-72.317
0.24934,-72.312
0.24939,-72.311
0.24944,-72.313
0.24949,-72.316
0.24954,-72.323
0.24959,-72.325
0.24964,-72.326
0.24969,-72.327
0.24974,-72.327
0.24979,-72.327
0.24984,-72.325
0.24989,-72.329
0.24994,-72.338
0.24999,-72.339
0.25004,-72.341
0.25009,-72.35
0.25014,-72.354
0.25019,-72.358
0.25024,-72.364
0.25029,-72.366
0.25034,-72.373
0.25039,-72.381
0.25044,-72.4
0.25049,-72.416
0.25054,-72.422
0.25059,-72.422
0.25064,-72.424
0.25068,-72.424
0.25073,-72.433
0.25078,-72.441
0.25083,-72.447
0.25088,-72.447
0.25093,-72.448
0.25098,-72.458
0.25103,-72.469
0.25108,-72.476
0.25113,-72.484
0.25118,-72.489
0.25123,-72.499
0.25128,-72.512
0.25133,-72.523
0.25138,-72.525
0.25143,-72.528
0.25148,-72.528
0.25153,-72.528
0.25158,-72.528
0.25163,-72.529
0.25168,-72.531
0.25173,-72.531
0.25178,-72.538
0.25183,-72.544
0.25188,-72.545
0.25193,-72.546
0.25198,-72.547
0.25203,-72.547
0.25208,-72.547
0.25213,-72.546
0.25218,-72.546
0.25223,-72.547
0.25228,-72.541
0.25233,-72.535
0.25238,-72.538
0.25243,-72.543
0.25248,-72.544
0.25253,-72.542
0.25258,-72.539
0.25263,-72.528
0.25268,-72.516
0.25273,-72.512
0.25278,-72.504
0.25283,-72.5
0.25288,-72.499
0.25293,-72.493
0.25298,-72.48
0.25303,-72.475
0.25308,-72.483
0.25313,-72.474
0.25318,-72.461
0.25323,-72.456
0.25328,-72.446
0.25333,-72.443
0.25338,-72.419
0.25342,-72.396
0.25347,-72.38
0.25352,-72.364
0.25357,-72.345
0.25362,-72.335
0.25367,-72.331
0.25372,-72.325
0.25377,-72.309
0.25382,-72.284
0.25387,-72.261
0.25392,-72.244
0.25397,-72.242
0.25402,-72.234
0.25407,-72.229
0.25412,-72.229
0.25417,-72.231
0.25422,-72.227
0.25427,-72.225
0.25432,-72.217
0.25437,-72.217
0.25442,-72.214
0.25447,-72.214
0.25452,-72.212
0.25457,-72.21
0.25462,-72.205
0.25467,-72.203
0.25472,-72.2
0.25477,-72.197
0.25482,-72.199
0.25487,-72.199
0.25492,-72.199
0.25497,-72.199
0.25502,-72.2
0.25507,-72.197
0.25512,-72.2
0.25517,-72.2
0.25522,-72.198
0.25527,-72.204
0.25532,-72.214
0.25537,-72.222
0.25542,-72.225
0.25547,-72.232
0.25552,-72.235
0.25557,-72.235
0.25562,-72.238
0.25567,-72.241
0.25572,-72.242
0.25577,-72.247
0.25582,-72.253
0.25587,-72.259
0.25592,-72.265
0.25597,-72.267
0.25602,-72.27
0.25607,-72.27
0.25612,-72.273
0.25616,-72.284
0.25621,-72.299
0.25626,-72.306
0.25631,-72.319
0.25636,-72.336
0.25641,-72.344
0.25646,-72.344
0.25651,-72.346
0.25656,-72.354
0.25661,-72.356
0.25666,-72.367
0.25671,-72.371
0.25676,-72.373
0.25681,-72.376
0.25686,-72.384
0.25691,-72.393
0.25696,-72.399
0.25701,-72.402
0.25706,-72.409
0.25711,-72.412
0.25716,-72.416
0.25721,-72.418
0.25726,-72.422
0.25731,-72.424
0.25736,-72.425
0.25741,-72.425
0.25746,-72.425
0.25751,-72.428
0.25756,-72.428
0.25761,-72.431
0.25766,-72.435
0.25771,-72.437
0.25776,-72.437
0.25781,-72.437
0.25786,-72.435
0.25791,-72.431
0.25796,-72.426
0.25801,-72.421
0.25806,-72.418
0.25811,-72.415
0.25816,-72.415
0.25821,-72.417
0.25826,-72.421
0.25831,-72.419
0.25836,-72.417
0.25841,-72.416
0.25846,-72.42
0.25851,-72.42
0.25856,-72.42
0.25861,-72.416
0.25866,-72.418
0.25871,-72.419
0.25876,-72.416
0.25881,-72.412
0.25886,-72.41
0.2589,-72.409
0.25895,-72.41
0.259,-72.416
0.25905,-72.414
0.2591,-72.414
0.25915,-72.416
0.2592,-72.418
0.25925,-72.419
0.2593,-72.419
0.25935,-72.418
0.2594,-72.416
0.25945,-72.414
0.2595,-72.421
0.25955,-72.427
0.2596,-72.428
0.25965,-72.428
0.2597,-72.425
0.25975,-72.424
0.2598,-72.425
0.25985,-72.428
0.2599,-72.432
0.25995,-72.442
0.26,-72.438
0.26005,-72.447
0.2601,-72.448
0.26015,-72.448
0.2602,-72.446
0.26025,-72.448
0.2603,-72.44
0.26035,-72.432
0.2604,-72.433
0.26045,-72.436
0.2605,-72.434
0.26055,-72.427
0.2606,-72.419
0.26065,-72.406
0.2607,-72.393
0.26075,-72.383
0.2608,-72.376
0.26085,-72.371
0.2609,-72.361
0.26095,-72.355
0.261,-72.348
0.26105,-72.342
0.2611,-72.334
0.26115,-72.328
0.2612,-72.32
0.26125,-72.311
0.2613,-72.303
0.26135,-72.301
0.2614,-72.306
0.26145,-72.309
0.2615,-72.306
0.26155,-72.299
0.2616,-72.287
0.26164,-72.274
0.26169,-72.26
0.26174,-72.248
0.26179,-72.242
0.26184,-72.234
0.26189,-72.228
0.26194,-72.217
0.26199,-72.206
0.26204,-72.202
0.26209,-72.198
0.26214,-72.198
0.26219,-72.194
0.26224,-72.182
0.26229,-72.167
0.26234,-72.167
0.26239,-72.156
0.26244,-72.152
0.26249,-72.152
0.26254,-72.152
0.26259,-72.148
0.26264,-72.144
0.26269,-72.142
0.26274,-72.142
0.26279,-72.14
0.26284,-72.139
0.26289,-72.138
0.26294,-72.136
0.26299,-72.133
0.26304,-72.132
0.26309,-72.131
0.26314,-72.131
0.26319,-72.132
0.26324,-72.132
0.26329,-72.132
0.26334,-72.132
0.26339,-72.129
0.26344,-72.127
0.26349,-72.132
0.26354,-72.136
0.26359,-72.136
0.26364,-72.136
0.26369,-72.136
0.26374,-72.139
0.26379,-72.14
0.26384,-72.145
0.26389,-72.14
0.26394,-72.139
0.26399,-72.139
0.26404,-72.139
0.26409,-72.14
0.26414,-72.142
0.26419,-72.142
0.26424,-72.149
0.26429,-72.156
0.26434,-72.161
0.26438,-72.163
0.26443,-72.174
0.26448,-72.185
0.26453,-72.191
0.26458,-72.197
0.26463,-72.199
0.26468,-72.206
0.26473,-72.214
0.26478,-72.225
0.26483,-72.239
0.26488,-72.249
0.26493,-72.255
0.26498,-72.259
0.26503,-72.259
0.26508,-72.264
0.26513,-72.27
0.26518,-72.27
0.26523,-72.27
0.26528,-72.273
0.26533,-72.275
0.26538,-72.28
0.26543,-72.287
0.26548,-72.29
0.26553,-72.294
0.26558,-72.297
0.26563,-72.305
0.26568,-72.311
0.26573,-72.315
0.26578,-72.315
0.26583,-72.315
0.26588,-72.316
0.26593,-72.321
0.26598,-72.327
0.26603,-72.331
0.26608,-72.344
0.26613,-72.352
0.26618,-72.348
0.26623,-72.336
0.26628,-72.326
0.26633,-72.326
0.26638,-72.335
0.26643,-72.34
0.26648,-72.34
0.26653,-72.34
0.26658,-72.332
0.26663,-72.343
0.26668,-72.351
0.26673,-72.346
0.26678,-72.342
0.26683,-72.342
0.26688,-72.343
0.26693,-72.343
0.26698,-72.338
0.26703,-72.33
0.26708,-72.325
0.26712,-72.325
0.26717,-72.326
0.26722,-72.326
0.26727,-72.322
0.26732,-72.319
0.26737,-72.306
0.26742,-72.292
0.26747,-72.293
0.26752,-72.29
0.26757,-72.281
0.26762,-72.263
0.26767,-72.257
0.26772,-72.251
0.26777,-72.241
0.26782,-72.236
0.26787,-72.229
0.26792,-72.222
0.26797,-72.224
0.26802,-72.223
0.26807,-72.223
0.26812,-72.222
0.26817,-72.222
0.26822,-72.222
0.26827,-72.232
0.26832,-72.245
0.26837,-72.241
0.26842,-72.235
0.26847,-72.222
0.26852,-72.21
0.26857,-72.216
0.26862,-72.231
0.26867,-72.238
0.26872,-72.247
0.26877,-72.26
0.26882,-72.265
0.26887,-72.268
0.26892,-72.272
0.26897,-72.275
0.26902,-72.28
0.26907,-72.285
0.26912,-72.287
0.26917,-72.286
0.26922,-72.288
0.26927,-72.29
0.26932,-72.294
0.26937,-72.29
0.26942,-72.287
0.26947,-72.292
0.26952,-72.3
0.26957,-72.304
0.26962,-72.305
0.26967,-72.306
0.26972,-72.307
0.26977,-72.308
0.26982,-72.306
0.26986,-72.304
0.26991,-72.303
0.26996,-72.305
0.27001,-72.306
0.27006,-72.309
0.27011,-72.311
0.27016,-72.302
0.27021,-72.295
0.27026,-72.3
0.27031,-72.302
0.27036,-72.309
0.27041,-72.308
0.27046,-72.31
0.27051,-72.313
0.27056,-72.318
0.27061,-72.323
0.27066,-72.323
0.27071,-72.319
0.27076,-72.317
0.27081,-72.318
0.27086,-72.318
0.27091,-72.319
0.27096,-72.317
0.27101,-72.313
0.27106,-72.313
0.27111,-72.313
0.27116,-72.309
0.27121,-72.309
0.27126,-72.309
0.27131,-72.315
0.27136,-72.325
0.27141,-72.32
0.27146,-72.316
0.27151,-72.316
0.27156,-72.316
0.27161,-72.318
0.27166,-72.319
0.27171,-72.324
0.27176,-72.327
0.27181,-72.328
0.27186,-72.329
0.27191,-72.329
0.27196,-72.331
0.27201,-72.332
0.27206,-72.336
0.27211,-72.342
0.27216,-72.345
0.27221,-72.347
0.27226,-72.347
0.27231,-72.348
0.27236,-72.35
0.27241,-72.352
0.27246,-72.351
0.27251,-72.351
0.27256,-72.353
0.2726,-72.354
0.27265,-72.356
0.2727,-72.357
0.27275,-72.357
0.2728,-72.358
0.27285,-72.36
0.2729,-72.36
0.27295,-72.361
0.273,-72.358
0.27305,-72.358
0.2731,-72.358
0.27315,-72.361
0.2732,-72.361
0.27325,-72.364
0.2733,-72.367
0.27335,-72.371
0.2734,-72.374
0.27345,-72.377
0.2735,-72.378
0.27355,-72.379
0.2736,-72.381
0.27365,-72.382
0.2737,-72.389
0.27375,-72.396
0.2738,-72.4
0.27385,-72.4
0.2739,-72.403
0.27395,-72.404
0.274,-72.404
0.27405,-72.406
0.2741,-72.407
0.27415,-72.407
0.2742,-72.409
0.27425,-72.409
0.2743,-72.417
0.27435,-72.425
0.2744,-72.428
0.27445,-72.432
0.2745,-72.434
0.27455,-72.437
0.2746,-72.439
0.27465,-72.446
0.2747,-72.455
0.27475,-72.455
0.2748,-72.455
0.27485,-72.454
0.2749,-72.459
0.27495,-72.461
0.275,-72.464
0.27505,-72.47
0.2751,-72.474
0.27515,-72.478
0.2752,-72.486
0.27525,-72.491
0.2753,-72.491
0.27534,-72.49
0.27539,-72.49
0.27544,-72.491
0.27549,-72.493
0.27554,-72.495
0.27559,-72.496
0.27564,-72.495
0.27569,-72.496
0.27574,-72.499
0.27579,-72.497
0.27584,-72.502
0.27589,-72.507
0.27594,-72.507
0.27599,-72.506
0.27604,-72.509
0.27609,-72.513
0.27614,-72.518
0.27619,-72.522
0.27624,-72.526
0.27629,-72.529
0.27634,-72.533
0.27639,-72.533
0.27644,-72.533
0.27649,-72.541
0.27654,-72.547
0.27659,-72.55
0.27664,-72.554
0.27669,-72.554
0.27674,-72.554
0.27679,-72.554
0.27684,-72.555
0.27689,-72.557
0.27694,-72.557
0.27699,-72.561
0.27704,-72.567
0.27709,-72.561
0.27714,-72.557
0.27719,-72.557
0.27724,-72.557
0.27729,-72.557
0.27734,-72.557
0.27739,-72.557
0.27744,-72.558
0.27749,-72.559
0.27754,-72.557
0.27759,-72.557
0.27764,-72.556
0.27769,-72.552
0.27774,-72.551
0.27779,-72.552
0.27784,-72.554
0.27789,-72.548
0.27794,-72.537
0.27799,-72.531
0.27804,-72.532
0.27808,-72.532
0.27813,-72.528
0.27818,-72.525
0.27823,-72.524
0.27828,-72.516
0.27833,-72.516
0.27838,-72.509
0.27843,-72.506
0.27848,-72.499
0.27853,-72.5
0.27858,-72.5
0.27863,-72.498
0.27868,-72.496
0.27873,-72.49
0.27878,-72.485
0.27883,-72.49
0.27888,-72.496
0.27893,-72.499
0.27898,-72.496
0.27903,-72.491
0.27908,-72.484
0.27913,-72.482
0.27918,-72.484
0.27923,-72.488
0.27928,-72.495
0.27933,-72.501
0.27938,-72.505
0.27943,-72.509
0.27948,-72.513
0.27953,-72.518
0.27958,-72.518
0.27963,-72.519
0.27968,-72.52
0.27973,-72.529
0.27978,-72.533
0.27983,-72.526
0.27988,-72.523
0.27993,-72.526
0.27998,-72.526
0.28003,-72.532
0.28008,-72.533
0.28013,-72.529
0.28018,-72.53
0.28023,-72.531
0.28028,-72.528
0.28033,-72.525
0.28038,-72.528
0.28043,-72.531
0.28048,-72.531
0.28053,-72.531
0.28058,-72.531
0.28063,-72.528
0.28068,-72.526
0.28073,-72.522
0.28078,-72.522
0.28082,-72.522
0.28087,-72.514
0.28092,-72.51
0.28097,-72.512
0.28102,-72.512
0.28107,-72.512
0.28112,-72.512
0.28117,-72.506
0.28122,-72.499
0.28127,-72.496
0.28132,-72.491
0.28137,-72.483
0.28142,-72.475
0.28147,-72.471
0.28152,-72.463
0.28157,-72.457
0.28162,-72.454
0.28167,-72.45
0.28172,-72.444
0.28177,-72.438
0.28182,-72.434
0.28187,-72.427
0.28192,-72.422
0.28197,-72.412
0.28202,-72.39
0.28207,-72.373
0.28212,-72.37
0.28217,-72.358
0.28222,-72.345
0.28227,-72.335
0.28232,-72.325
0.28237,-72.297
0.28242,-72.26
0.28247,-72.241
0.28252,-72.229
0.28257,-72.219
0.28262,-72.201
0.28267,-72.182
0.28272,-72.177
0.28277,-72.174
0.28282,-72.172
0.28287,-72.168
0.28292,-72.167
0.28297,-72.167
0.28302,-72.167
0.28307,-72.167
0.28312,-72.167
0.28317,-72.167
0.28322,-72.162
0.28327,-72.161
0.28332,-72.159
0.28337,-72.158
0.28342,-72.158
0.28347,-72.158
0.28352,-72.158
0.28356,-72.158
0.28361,-72.16
0.28366,-72.162
0.28371,-72.16
0.28376,-72.16
0.28381,-72.163
0.28386,-72.165
0.28391,-72.165
0.28396,-72.163
0.28401,-72.161
0.28406,-72.166
0.28411,-72.171
0.28416,-72.171
0.28421,-72.17
0.28426,-72.174
0.28431,-72.179
0.28436,-72.181
0.28441,-72.186
0.28446,-72.192
0.28451,-72.195
0.28456,-72.201
0.28461,-72.204
0.28466,-72.206
0.28471,-72.211
0.28476,-72.214
0.28481,-72.219
0.28486,-72.235
0.28491,-72.25
0.28496,-72.252
0.28501,-72.252
0.28506,-72.252
0.28511,-72.252
0.28516,-72.253
0.28521,-72.258
0.28526,-72.269
0.28531,-72.284
0.28536,-72.287
0.28541,-72.287
0.28546,-72.287
0.28551,-72.288
0.28556,-72.288
0.28561,-72.29
0.28566,-72.291
0.28571,-72.291
0.28576,-72.291
0.28581,-72.291
0.28586,-72.291
0.28591,-72.291
0.28596,-72.29
0.28601,-72.288
0.28606,-72.287
0.28611,-72.287
0.28616,-72.287
0.28621,-72.288
0.28626,-72.291
0.2863,-72.297
0.28635,-72.297
0.2864,-72.295
0.28645,-72.286
0.2865,-72.283
0.28655,-72.282
0.2866,-72.282
0.28665,-72.282
0.2867,-72.282
0.28675,-72.282
0.2868,-72.28
0.28685,-72.278
0.2869,-72.278
0.28695,-72.279
0.287,-72.277
0.28705,-72.277
0.2871,-72.277
0.28715,-72.277
0.2872,-72.277
0.28725,-72.277
0.2873,-72.277
0.28735,-72.277
0.2874,-72.277
0.28745,-72.279
0.2875,-72.279
0.28755,-72.281
0.2876,-72.281
0.28765,-72.281
0.2877,-72.28
0.28775,-72.274
0.2878,-72.272
0.28785,-72.277
0.2879,-72.277
0.28795,-72.275
0.288,-72.271
0.28805,-72.271
0.2881,-72.276
0.28815,-72.28
0.2882,-72.279
0.28825,-72.277
0.2883,-72.277
0.28835,-72.277
0.2884,-72.275
0.28845,-72.277
0.2885,-72.268
0.28855,-72.274
0.2886,-72.281
0.28865,-72.286
0.2887,-72.284
0.28875,-72.283
0.2888,-72.291
0.28885,-72.293
0.2889,-72.293
0.28895,-72.296
0.289,-72.296
0.28904,-72.293
0.28909,-72.288
0.28914,-72.277
0.28919,-72.271
0.28924,-72.269
0.28929,-72.268
0.28934,-72.268
0.28939,-72.265
0.28944,-72.262
0.28949,-72.255
0.28954,-72.246
0.28959,-72.246
0.28964,-72.247
0.28969,-72.248
0.28974,-72.254
0.28979,-72.261
0.28984,-72.271
0.28989,-72.271
0.28994,-72.277
0.28999,-72.275
0.29004,-72.272
0.29009,-72.272
0.29014,-72.278
0.29019,-72.278
0.29024,-72.273
0.29029,-72.267
0.29034,-72.265
0.29039,-72.259
0.29044,-72.248
0.29049,-72.246
0.29054,-72.245
0.29059,-72.241
0.29064,-72.235
0.29069,-72.232
0.29074,-72.229
0.29079,-72.23
0.29084,-72.23
0.29089,-72.229
0.29094,-72.23
0.29099,-72.235
0.29104,-72.239
0.29109,-72.234
0.29114,-72.229
0.29119,-72.229
0.29124,-72.229
0.29129,-72.226
0.29134,-72.223
0.29139,-72.219
0.29144,-72.218
0.29149,-72.218
0.29154,-72.214
0.29159,-72.214
0.29164,-72.214
0.29169,-72.207
0.29174,-72.207
0.29178,-72.21
0.29183,-72.205
0.29188,-72.205
0.29193,-72.204
0.29198,-72.199
0.29203,-72.182
0.29208,-72.168
0.29213,-72.163
0.29218,-72.152
0.29223,-72.142
0.29228,-72.132
0.29233,-72.129
0.29238,-72.126
0.29243,-72.121
0.29248,-72.113
0.29253,-72.104
0.29258,-72.104
0.29263,-72.1
0.29268,-72.087
0.29273,-72.08
0.29278,-72.087
0.29283,-72.085
0.29288,-72.08
0.29293,-72.075
0.29298,-72.073
0.29303,-72.069
0.29308,-72.065
0.29313,-72.06
0.29318,-72.055
0.29323,-72.052
0.29328,-72.049
0.29333,-72.045
0.29338,-72.039
0.29343,-72.031
0.29348,-72.026
0.29353,-72.017
0.29358,-72.01
0.29363,-72.01
0.29368,-72.013
0.29373,-72.014
0.29378,-72.014
0.29383,-72.011
0.29388,-72.012
0.29393,-72.004
0.29398,-71.998
0.29403,-71.994
0.29408,-71.974
0.29413,-71.949
0.29418,-71.939
0.29423,-71.929
0.29428,-71.916
0.29433,-71.912
0.29438,-71.912
0.29443,-71.916
0.29448,-71.922
0.29452,-71.92
0.29457,-71.917
0.29462,-71.918
0.29467,-71.922
0.29472,-71.926
0.29477,-71.933
0.29482,-71.939
0.29487,-71.939
0.29492,-71.933
0.29497,-71.933
0.29502,-71.935
0.29507,-71.939
0.29512,-71.944
0.29517,-71.952
0.29522,-71.958
0.29527,-71.962
0.29532,-71.962
0.29537,-71.96
0.29542,-71.962
0.29547,-71.967
0.29552,-71.975
0.29557,-71.977
0.29562,-71.978
0.29567,-71.981
0.29572,-71.983
0.29577,-71.988
0.29582,-71.997
0.29587,-72.007
0.29592,-72.007
0.29597,-72.013
0.29602,-72.015
0.29607,-72.015
0.29612,-72.015
0.29617,-72.013
0.29622,-72.019
0.29627,-72.027
0.29632,-72.029
0.29637,-72.031
0.29642,-72.036
0.29647,-72.036
0.29652,-72.044
0.29657,-72.051
0.29662,-72.057
0.29667,-72.058
0.29672,-72.06
0.29677,-72.065
0.29682,-72.073
0.29687,-72.074
0.29692,-72.068
0.29697,-72.068
0.29702,-72.071
0.29707,-72.074
0.29712,-72.087
0.29717,-72.102
0.29722,-72.107
0.29726,-72.111
0.29731,-72.112
0.29736,-72.115
0.29741,-72.113
0.29746,-72.112
0.29751,-72.127
0.29756,-72.14
0.29761,-72.144
0.29766,-72.146
0.29771,-72.152
0.29776,-72.155
0.29781,-72.16
0.29786,-72.165
0.29791,-72.168
0.29796,-72.169
0.29801,-72.17
0.29806,-72.173
0.29811,-72.177
0.29816,-72.181
0.29821,-72.181
0.29826,-72.181
0.29831,-72.181
0.29836,-72.181
0.29841,-72.182
0.29846,-72.184
0.29851,-72.181
0.29856,-72.18
0.29861,-72.176
0.29866,-72.169
0.29871,-72.162
0.29876,-72.158
0.29881,-72.158
0.29886,-72.162
0.29891,-72.171
0.29896,-72.177
0.29901,-72.181
0.29906,-72.184
0.29911,-72.197
0.29916,-72.211
0.29921,-72.215
0.29926,-72.215
0.29931,-72.215
0.29936,-72.226
0.29941,-72.241
0.29946,-72.242
0.29951,-72.251
0.29956,-72.251
0.29961,-72.251
0.29966,-72.252
0.29971,-72.256
0.29976,-72.258
0.29981,-72.258
0.29986,-72.258
0.29991,-72.258
0.29996,-72.258
0.3,-72.258
0.30005,-72.255
0.3001,-72.258
0.30015,-72.258
0.3002,-72.258
0.30025,-72.255
0.3003,-72.249
0.30035,-72.249
0.3004,-72.247
0.30045,-72.25
0.3005,-72.253
0.30055,-72.25
0.3006,-72.25
0.30065,-72.25
0.3007,-72.253
0.30075,-72.254
0.3008,-72.253
0.30085,-72.239
0.3009,-72.232
0.30095,-72.236
0.301,-72.232
0.30105,-72.232
0.3011,-72.228
0.30115,-72.225
0.3012,-72.223
0.30125,-72.225
0.3013,-72.22
0.30135,-72.213
0.3014,-72.213
0.30145,-72.215
0.3015,-72.217
0.30155,-72.219
0.3016,-72.219
0.30165,-72.219
0.3017,-72.219
0.30175,-72.219
0.3018,-72.219
0.30185,-72.217
0.3019,-72.222
0.30195,-72.225
0.302,-72.224
0.30205,-72.22
0.3021,-72.217
0.30215,-72.214
0.3022,-72.213
0.30225,-72.21
0.3023,-72.21
0.30235,-72.211
0.3024,-72.216
0.30245,-72.216
0.3025,-72.222
0.30255,-72.23
0.3026,-72.239
0.30265,-72.249
0.3027,-72.258
0.30274,-72.261
0.30279,-72.263
0.30284,-72.265
0.30289,-72.268
0.30294,-72.259
0.30299,-72.261
0.30304,-72.267
0.30309,-72.268
0.30314,-72.269
0.30319,-72.265
0.30324,-72.267
0.30329,-72.268
0.30334,-72.271
0.30339,-72.267
0.30344,-72.254
0.30349,-72.244
0.30354,-72.244
0.30359,-72.244
0.30364,-72.252
0.30369,-72.255
0.30374,-72.251
0.30379,-72.247
0.30384,-72.255
0.30389,-72.252
0.30394,-72.254
0.30399,-72.253
0.30404,-72.242
0.30409,-72.239
0.30414,-72.236
0.30419,-72.236
0.30424,-72.235
0.30429,-72.232
0.30434,-72.229
0.30439,-72.232
0.30444,-72.232
0.30449,-72.232
0.30454,-72.235
0.30459,-72.237
0.30464,-72.239
0.30469,-72.237
0.30474,-72.236
0.30479,-72.233
0.30484,-72.23
0.30489,-72.235
0.30494,-72.235
0.30499,-72.235
0.30504,-72.235
0.30509,-72.235
0.30514,-72.237
0.30519,-72.237
0.30524,-72.237
0.30529,-72.24
0.30534,-72.24
0.30539,-72.249
0.30544,-72.256
0.30548,-72.259
0.30553,-72.278
0.30558,-72.289
0.30563,-72.296
0.30568,-72.303
0.30573,-72.306
0.30578,-72.307
0.30583,-72.309
0.30588,-72.316
0.30593,-72.326
0.30598,-72.335
0.30603,-72.343
0.30608,-72.35
0.30613,-72.358
0.30618,-72.364
0.30623,-72.367
0.30628,-72.371
0.30633,-72.377
0.30638,-72.387
0.30643,-72.393
0.30648,-72.404
0.30653,-72.414
0.30658,-72.416
0.30663,-72.418
0.30668,-72.421
0.30673,-72.425
0.30678,-72.43
0.30683,-72.434
0.30688,-72.444
0.30693,-72.449
0.30698,-72.451
0.30703,-72.451
0.30708,-72.444
0.30713,-72.448
0.30718,-72.448
0.30723,-72.454
0.30728,-72.459
0.30733,-72.463
0.30738,-72.467
0.30743,-72.47
0.30748,-72.47
0.30753,-72.472
0.30758,-72.471
0.30763,-72.463
0.30768,-72.462
0.30773,-72.461
0.30778,-72.461
0.30783,-72.461
0.30788,-72.465
0.30793,-72.471
0.30798,-72.48
0.30803,-72.486
0.30808,-72.486
0.30813,-72.484
0.30818,-72.484
0.30822,-72.486
0.30827,-72.489
0.30832,-72.493
0.30837,-72.496
0.30842,-72.495
0.30847,-72.492
0.30852,-72.49
0.30857,-72.485
0.30862,-72.48
0.30867,-72.475
0.30872,-72.472
0.30877,-72.472
0.30882,-72.47
0.30887,-72.465
0.30892,-72.467
0.30897,-72.466
0.30902,-72.465
0.30907,-72.465
0.30912,-72.464
0.30917,-72.457
0.30922,-72.448
0.30927,-72.444
0.30932,-72.449
0.30937,-72.453
0.30942,-72.453
0.30947,-72.453
0.30952,-72.453
0.30957,-72.46
0.30962,-72.461
0.30967,-72.455
0.30972,-72.46
0.30977,-72.459
0.30982,-72.459
0.30987,-72.465
0.30992,-72.466
0.30997,-72.466
0.31002,-72.465
0.31007,-72.465
0.31012,-72.465
0.31017,-72.468
0.31022,-72.477
0.31027,-72.477
0.31032,-72.483
0.31037,-72.468
0.31042,-72.464
0.31047,-72.458
0.31052,-72.451
0.31057,-72.455
0.31062,-72.464
0.31067,-72.465
0.31072,-72.453
0.31077,-72.454
0.31082,-72.444
0.31087,-72.442
0.31092,-72.448
0.31096,-72.449
0.31101,-72.45
0.31106,-72.46
0.31111,-72.47
0.31116,-72.467
0.31121,-72.477
0.31126,-72.483
0.31131,-72.493
0.31136,-72.506
0.31141,-72.506
0.31146,-72.501
0.31151,-72.499
0.31156,-72.5
0.31161,-72.507
0.31166,-72.514
0.31171,-72.515
0.31176,-72.515
0.31181,-72.516
0.31186,-72.52
0.31191,-72.523
0.31196,-72.521
0.31201,-72.522
0.31206,-72.522
0.31211,-72.522
0.31216,-72.528
0.31221,-72.531
0.31226,-72.528
0.31231,-72.527
0.31236,-72.522
0.31241,-72.522
0.31246,-72.525
0.31251,-72.527
0.31256,-72.525
0.31261,-72.521
0.31266,-72.521
0.31271,-72.521
0.31276,-72.519
0.31281,-72.517
0.31286,-72.514
0.31291,-72.512
0.31296,-72.515
0.31301,-72.519
0.31306,-72.52
0.31311,-72.517
0.31316,-72.519
0.31321,-72.523
0.31326,-72.526
0.31331,-72.526
0.31336,-72.524
0.31341,-72.52
0.31346,-72.511
0.31351,-72.511
0.31356,-72.514
0.31361,-72.508
0.31366,-72.496
0.3137,-72.485
0.31375,-72.475
0.3138,-72.47
0.31385,-72.462
0.3139,-72.453
0.31395,-72.446
0.314,-72.442
0.31405,-72.44
0.3141,-72.435
0.31415,-72.424
0.3142,-72.416
0.31425,-72.416
0.3143,-72.407
0.31435,-72.403
0.3144,-72.396
0.31445,-72.386
0.3145,-72.374
0.31455,-72.371
0.3146,-72.364
0.31465,-72.348
0.3147,-72.333
0.31475,-72.329
0.3148,-72.326
0.31485,-72.329
0.3149,-72.325
0.31495,-72.324
0.315,-72.333
0.31505,-72.347
0.3151,-72.358
0.31515,-72.36
0.3152,-72.359
0.31525,-72.358
0.3153,-72.361
0.31535,-72.367
0.3154,-72.374
0.31545,-72.38
0.3155,-72.386
0.31555,-72.389
0.3156,-72.385
0.31565,-72.381
0.3157,-72.38
0.31575,-72.378
0.3158,-72.379
0.31585,-72.387
0.3159,-72.393
0.31595,-72.393
0.316,-72.393
0.31605,-72.39
0.3161,-72.384
0.31615,-72.378
0.3162,-72.381
0.31625,-72.381
0.3163,-72.381
0.31635,-72.378
0.3164,-72.375
0.31644,-72.373
0.31649,-72.373
0.31654,-72.373
0.31659,-72.373
0.31664,-72.373
0.31669,-72.367
0.31674,-72.36
0.31679,-72.358
0.31684,-72.353
0.31689,-72.344
0.31694,-72.343
0.31699,-72.341
0.31704,-72.344
0.31709,-72.332
0.31714,-72.316
0.31719,-72.314
0.31724,-72.309
0.31729,-72.302
0.31734,-72.287
0.31739,-72.285
0.31744,-72.285
0.31749,-72.287
0.31754,-72.287
0.31759,-72.287
0.31764,-72.29
0.31769,-72.297
0.31774,-72.296
0.31779,-72.302
0.31784,-72.297
0.31789,-72.294
0.31794,-72.3
0.31799,-72.301
0.31804,-72.302
0.31809,-72.3
0.31814,-72.3
0.31819,-72.3
0.31824,-72.304
0.31829,-72.308
0.31834,-72.308
0.31839,-72.312
0.31844,-72.314
0.31849,-72.317
0.31854,-72.323
0.31859,-72.325
0.31864,-72.328
0.31869,-72.331
0.31874,-72.335
0.31879,-72.348
0.31884,-72.362
0.31889,-72.353
0.31894,-72.355
0.31899,-72.359
0.31904,-72.348
0.31909,-72.349
0.31914,-72.354
0.31918,-72.357
0.31923,-72.358
0.31928,-72.359
0.31933,-72.361
0.31938,-72.363
0.31943,-72.36
0.31948,-72.358
0.31953,-72.365
0.31958,-72.366
0.31963,-72.38
0.31968,-72.386
0.31973,-72.374
0.31978,-72.364
0.31983,-72.362
0.31988,-72.357
0.31993,-72.358
0.31998,-72.361
0.32003,-72.364
0.32008,-72.369
0.32013,-72.37
0.32018,-72.37
0.32023,-72.37
0.32028,-72.37
0.32033,-72.374
0.32038,-72.375
0.32043,-72.377
0.32048,-72.38
0.32053,-72.38
0.32058,-72.38
0.32063,-72.38
0.32068,-72.386
0.32073,-72.391
0.32078,-72.385
0.32083,-72.377
0.32088,-72.375
0.32093,-72.375
0.32098,-72.38
0.32103,-72.38
0.32108,-72.38
0.32113,-72.38
0.32118,-72.38
0.32123,-72.38
0.32128,-72.373
0.32133,-72.367
0.32138,-72.364
0.32143,-72.358
0.32148,-72.346
0.32153,-72.338
0.32158,-72.335
0.32163,-72.326
0.32168,-72.313
0.32173,-72.298
0.32178,-72.291
0.32183,-72.281
0.32188,-72.268
0.32192,-72.261
0.32197,-72.26
0.32202,-72.26
0.32207,-72.26
0.32212,-72.259
0.32217,-72.258
0.32222,-72.248
0.32227,-72.248
0.32232,-72.239
0.32237,-72.239
0.32242,-72.239
0.32247,-72.239
0.32252,-72.235
0.32257,-72.227
0.32262,-72.227
0.32267,-72.219
0.32272,-72.222
0.32277,-72.222
0.32282,-72.222
0.32287,-72.219
0.32292,-72.217
0.32297,-72.214
0.32302,-72.226
0.32307,-72.232
0.32312,-72.231
0.32317,-72.228
0.32322,-72.235
0.32327,-72.239
0.32332,-72.248
0.32337,-72.256
0.32342,-72.259
0.32347,-72.262
0.32352,-72.261
0.32357,-72.265
0.32362,-72.267
0.32367,-72.269
0.32372,-72.265
0.32377,-72.264
0.32382,-72.27
0.32387,-72.278
0.32392,-72.286
0.32397,-72.299
0.32402,-72.305
0.32407,-72.31
0.32412,-72.315
0.32417,-72.325
0.32422,-72.331
0.32427,-72.332
0.32432,-72.337
0.32437,-72.341
0.32442,-72.343
0.32447,-72.343
0.32452,-72.342
0.32457,-72.345
0.32462,-72.353
0.32466,-72.364
0.32471,-72.364
0.32476,-72.358
0.32481,-72.355
0.32486,-72.355
0.32491,-72.359
0.32496,-72.362
0.32501,-72.365
0.32506,-72.365
0.32511,-72.364
0.32516,-72.366
0.32521,-72.367
0.32526,-72.371
0.32531,-72.373
0.32536,-72.379
0.32541,-72.382
0.32546,-72.386
0.32551,-72.392
0.32556,-72.392
0.32561,-72.398
0.32566,-72.403
0.32571,-72.408
0.32576,-72.415
0.32581,-72.413
0.32586,-72.41
0.32591,-72.41
0.32596,-72.42
0.32601,-72.425
0.32606,-72.428
0.32611,-72.433
0.32616,-72.435
0.32621,-72.437
0.32626,-72.44
0.32631,-72.44
0.32636,-72.432
0.32641,-72.426
0.32646,-72.429
0.32651,-72.432
0.32656,-72.432
0.32661,-72.425
0.32666,-72.422
0.32671,-72.422
0.32676,-72.426
0.32681,-72.425
0.32686,-72.417
0.32691,-72.422
0.32696,-72.433
0.32701,-72.439
0.32706,-72.441
0.32711,-72.442
0.32716,-72.445
0.32721,-72.447
0.32726,-72.451
0.32731,-72.455
0.32736,-72.463
0.3274,-72.465
0.32745,-72.467
0.3275,-72.471
0.32755,-72.48
0.3276,-72.483
0.32765,-72.493
0.3277,-72.493
0.32775,-72.49
0.3278,-72.501
0.32785,-72.501
0.3279,-72.498
0.32795,-72.492
0.328,-72.477
0.32805,-72.478
0.3281,-72.489
0.32815,-72.475
0.3282,-72.472
0.32825,-72.483
0.3283,-72.489
0.32835,-72.49
0.3284,-72.492
0.32845,-72.487
0.3285,-72.486
0.32855,-72.474
0.3286,-72.455
0.32865,-72.445
0.3287,-72.437
0.32875,-72.427
0.3288,-72.422
0.32885,-72.422
0.3289,-72.422
0.32895,-72.392
0.329,-72.366
0.32905,-72.355
0.3291,-72.351
0.32915,-72.345
0.3292,-72.326
0.32925,-72.316
0.3293,-72.245
0.32935,-72.2
0.3294,-72.16
0.32945,-72.142
0.3295,-72.12
0.32955,-72.109
0.3296,-72.091
0.32965,-72.086
0.3297,-72.086
0.32975,-72.085
0.3298,-72.075
0.32985,-72.075
0.3299,-72.075
0.32995,-72.075
0.33,-72.075
0.33005,-72.078
0.3301,-72.078
0.33014,-72.078
0.33019,-72.078
0.33024,-72.078
0.33029,-72.078
0.33034,-72.078
0.33039,-72.081
0.33044,-72.082
0.33049,-72.086
0.33054,-72.091
0.33059,-72.097
0.33064,-72.101
0.33069,-72.101
0.33074,-72.102
0.33079,-72.101
0.33084,-72.103
0.33089,-72.11
0.33094,-72.124
0.33099,-72.135
0.33104,-72.142
0.33109,-72.151
0.33114,-72.158
0.33119,-72.165
0.33124,-72.167
0.33129,-72.174
0.33134,-72.181
0.33139,-72.188
0.33144,-72.199
0.33149,-72.202
0.33154,-72.207
0.33159,-72.219
0.33164,-72.225
0.33169,-72.223
0.33174,-72.229
0.33179,-72.235
0.33184,-72.239
0.33189,-72.243
0.33194,-72.253
0.33199,-72.264
0.33204,-72.271
0.33209,-72.274
0.33214,-72.277
0.33219,-72.283
0.33224,-72.287
0.33229,-72.289
0.33234,-72.289
0.33239,-72.289
0.33244,-72.289
0.33249,-72.289
0.33254,-72.289
0.33259,-72.289
0.33264,-72.285
0.33269,-72.284
0.33274,-72.287
0.33279,-72.287
0.33284,-72.289
0.33288,-72.29
0.33293,-72.29
0.33298,-72.29
0.33303,-72.292
0.33308,-72.29
0.33313,-72.29
0.33318,-72.29
0.33323,-72.29
0.33328,-72.29
0.33333,-72.298
0.33338,-72.3
0.33343,-72.3
0.33348,-72.3
0.33353,-72.3
0.33358,-72.306
0.33363,-72.306
0.33368,-72.312
0.33373,-72.325
0.33378,-72.33
0.33383,-72.333
0.33388,-72.342
0.33393,-72.341
0.33398,-72.34
0.33403,-72.338
0.33408,-72.328
0.33413,-72.331
0.33418,-72.35
0.33423,-72.365
0.33428,-72.375
0.33433,-72.38
0.33438,-72.387
0.33443,-72.393
0.33448,-72.391
0.33453,-72.391
0.33458,-72.391
0.33463,-72.397
0.33468,-72.397
0.33473,-72.393
0.33478,-72.393
0.33483,-72.4
0.33488,-72.406
0.33493,-72.408
0.33498,-72.409
0.33503,-72.411
0.33508,-72.412
0.33513,-72.412
0.33518,-72.415
0.33523,-72.415
0.33528,-72.412
0.33533,-72.407
0.33538,-72.406
0.33543,-72.404
0.33548,-72.403
0.33553,-72.403
0.33558,-72.403
0.33562,-72.403
0.33567,-72.41
0.33572,-72.415
0.33577,-72.41
0.33582,-72.41
0.33587,-72.41
0.33592,-72.413
0.33597,-72.413
0.33602,-72.407
0.33607,-72.403
0.33612,-72.406
0.33617,-72.409
0.33622,-72.412
0.33627,-72.418
0.33632,-72.416
0.33637,-72.412
0.33642,-72.407
0.33647,-72.403
0.33652,-72.406
0.33657,-72.404
0.33662,-72.404
0.33667,-72.404
0.33672,-72.409
0.33677,-72.409
0.33682,-72.409
0.33687,-72.404
0.33692,-72.4
0.33697,-72.393
0.33702,-72.389
0.33707,-72.38
0.33712,-72.367
0.33717,-72.361
0.33722,-72.36
0.33727,-72.359
0.33732,-72.358
0.33737,-72.354
0.33742,-72.348
0.33747,-72.341
0.33752,-72.336
0.33757,-72.332
0.33762,-72.328
0.33767,-72.325
0.33772,-72.322
0.33777,-72.322
0.33782,-72.32
0.33787,-72.309
0.33792,-72.303
0.33797,-72.294
0.33802,-72.287
0.33807,-72.287
0.33812,-72.275
0.33817,-72.267
0.33822,-72.258
0.33827,-72.238
0.33832,-72.2
0.33836,-72.201
0.33841,-72.203
0.33846,-72.205
0.33851,-72.21
0.33856,-72.21
0.33861,-72.2
0.33866,-72.193
0.33871,-72.193
0.33876,-72.192
0.33881,-72.194
0.33886,-72.199
0.33891,-72.199
0.33896,-72.202
0.33901,-72.198
0.33906,-72.2
0.33911,-72.2
0.33916,-72.2
0.33921,-72.204
0.33926,-72.209
0.33931,-72.205
0.33936,-72.212
0.33941,-72.215
0.33946,-72.216
0.33951,-72.22
0.33956,-72.225
0.33961,-72.226
0.33966,-72.228
0.33971,-72.232
0.33976,-72.237
0.33981,-72.248
0.33986,-72.261
0.33991,-72.264
0.33996,-72.268
0.34001,-72.271
0.34006,-72.282
0.34011,-72.293
0.34016,-72.298
0.34021,-72.305
0.34026,-72.323
0.34031,-72.34
0.34036,-72.351
0.34041,-72.359
0.34046,-72.356
0.34051,-72.364
0.34056,-72.376
0.34061,-72.38
0.34066,-72.381
0.34071,-72.384
0.34076,-72.387
0.34081,-72.39
0.34086,-72.394
0.34091,-72.397
0.34096,-72.394
0.34101,-72.403
0.34106,-72.412
0.3411,-72.416
0.34115,-72.421
0.3412,-72.421
0.34125,-72.425
0.3413,-72.424
0.34135,-72.42
0.3414,-72.416
0.34145,-72.413
0.3415,-72.413
0.34155,-72.406
0.3416,-72.398
0.34165,-72.388
0.3417,-72.383
0.34175,-72.386
0.3418,-72.389
0.34185,-72.389
0.3419,-72.389
0.34195,-72.382
0.342,-72.371
0.34205,-72.364
0.3421,-72.361
0.34215,-72.36
0.3422,-72.357
0.34225,-72.355
0.3423,-72.355
0.34235,-72.354
0.3424,-72.346
0.34245,-72.331
0.3425,-72.322
0.34255,-72.318
0.3426,-72.316
0.34265,-72.316
0.3427,-72.316
0.34275,-72.316
0.3428,-72.312
0.34285,-72.311
0.3429,-72.308
0.34295,-72.298
0.343,-72.286
0.34305,-72.286
0.3431,-72.286
0.34315,-72.277
0.3432,-72.277
0.34325,-72.277
0.3433,-72.264
0.34335,-72.257
0.3434,-72.239
0.34345,-72.239
0.3435,-72.239
0.34355,-72.228
0.3436,-72.223
0.34365,-72.23
0.3437,-72.239
0.34375,-72.247
0.3438,-72.255
0.34384,-72.251
0.34389,-72.254
0.34394,-72.255
0.34399,-72.263
0.34404,-72.266
0.34409,-72.266
0.34414,-72.266
0.34419,-72.266
0.34424,-72.266
0.34429,-72.266
0.34434,-72.266
0.34439,-72.263
0.34444,-72.262
0.34449,-72.264
0.34454,-72.273
0.34459,-72.27
0.34464,-72.268
0.34469,-72.268
0.34474,-72.277
0.34479,-72.277
0.34484,-72.284
0.34489,-72.285
0.34494,-72.291
0.34499,-72.295
0.34504,-72.294
0.34509,-72.294
0.34514,-72.293
0.34519,-72.293
0.34524,-72.293
0.34529,-72.293
0.34534,-72.293
0.34539,-72.292
0.34544,-72.298
0.34549,-72.295
0.34554,-72.297
0.34559,-72.3
0.34564,-72.296
0.34569,-72.292
0.34574,-72.296
0.34579,-72.309
0.34584,-72.317
0.34589,-72.326
0.34594,-72.328
0.34599,-72.334
0.34604,-72.338
0.34609,-72.338
0.34614,-72.342
0.34619,-72.35
0.34624,-72.355
0.34629,-72.362
0.34634,-72.365
0.34639,-72.374
0.34644,-72.374
0.34649,-72.362
0.34654,-72.371
0.34658,-72.361
0.34663,-72.361
0.34668,-72.361
0.34673,-72.364
0.34678,-72.367
0.34683,-72.367
0.34688,-72.377
0.34693,-72.383
0.34698,-72.39
0.34703,-72.39
0.34708,-72.397
0.34713,-72.408
0.34718,-72.413
0.34723,-72.412
0.34728,-72.412
0.34733,-72.416
0.34738,-72.421
0.34743,-72.419
0.34748,-72.416
0.34753,-72.408
0.34758,-72.4
0.34763,-72.397
0.34768,-72.403
0.34773,-72.405
0.34778,-72.412
0.34783,-72.423
0.34788,-72.436
0.34793,-72.442
0.34798,-72.442
0.34803,-72.442
0.34808,-72.442
0.34813,-72.444
0.34818,-72.445
0.34823,-72.443
0.34828,-72.437
0.34833,-72.437
0.34838,-72.437
0.34843,-72.437
0.34848,-72.437
0.34853,-72.437
0.34858,-72.437
0.34863,-72.438
0.34868,-72.438
0.34873,-72.438
0.34878,-72.439
0.34883,-72.438
0.34888,-72.429
0.34893,-72.424
0.34898,-72.423
0.34903,-72.424
0.34908,-72.429
0.34913,-72.439
0.34918,-72.439
0.34923,-72.439
0.34928,-72.445
0.34932,-72.45
0.34937,-72.438
0.34942,-72.44
0.34947,-72.454
0.34952,-72.462
0.34957,-72.464
0.34962,-72.459
0.34967,-72.456
0.34972,-72.457
0.34977,-72.457
0.34982,-72.454
0.34987,-72.454
0.34992,-72.457
0.34997,-72.454
0.35002,-72.457
0.35007,-72.459
0.35012,-72.454
0.35017,-72.45
0.35022,-72.448
0.35027,-72.448
0.35032,-72.443
0.35037,-72.447
0.35042,-72.447
0.35047,-72.443
0.35052,-72.447
0.35057,-72.442
0.35062,-72.432
0.35067,-72.433
0.35072,-72.434
0.35077,-72.428
0.35082,-72.425
0.35087,-72.428
0.35092,-72.427
0.35097,-72.427
0.35102,-72.425
0.35107,-72.427
0.35112,-72.428
0.35117,-72.432
0.35122,-72.429
0.35127,-72.425
0.35132,-72.424
0.35137,-72.416
0.35142,-72.403
0.35147,-72.399
0.35152,-72.395
0.35157,-72.395
0.35162,-72.399
0.35167,-72.404
0.35172,-72.402
0.35177,-72.402
0.35182,-72.403
0.35187,-72.406
0.35192,-72.406
0.35197,-72.406
0.35202,-72.406
0.35206,-72.403
0.35211,-72.405
0.35216,-72.407
0.35221,-72.409
0.35226,-72.412
0.35231,-72.409
0.35236,-72.409
0.35241,-72.414
0.35246,-72.419
0.35251,-72.419
0.35256,-72.42
0.35261,-72.424
0.35266,-72.428
0.35271,-72.432
0.35276,-72.432
0.35281,-72.428
0.35286,-72.425
0.35291,-72.429
0.35296,-72.428
0.35301,-72.43
0.35306,-72.427
0.35311,-72.427
0.35316,-72.423
0.35321,-72.425
0.35326,-72.426
0.35331,-72.426
0.35336,-72.43
0.35341,-72.426
0.35346,-72.427
0.35351,-72.431
0.35356,-72.435
0.35361,-72.438
0.35366,-72.444
0.35371,-72.444
0.35376,-72.448
0.35381,-72.451
0.35386,-72.454
0.35391,-72.457
0.35396,-72.458
0.35401,-72.458
0.35406,-72.457
0.35411,-72.458
0.35416,-72.449
0.35421,-72.445
0.35426,-72.44
0.35431,-72.435
0.35436,-72.428
0.35441,-72.426
0.35446,-72.425
0.35451,-72.43
0.35456,-72.426
0.35461,-72.424
0.35466,-72.419
0.35471,-72.412
0.35476,-72.416
0.3548,-72.422
0.35485,-72.421
0.3549,-72.416
0.35495,-72.409
0.355,-72.405
0.35505,-72.401
0.3551,-72.397
0.35515,-72.394
0.3552,-72.393
0.35525,-72.384
0.3553,-72.383
0.35535,-72.379
0.3554,-72.365
0.35545,-72.362
0.3555,-72.361
0.35555,-72.351
0.3556,-72.348
0.35565,-72.347
0.3557,-72.346
0.35575,-72.343
0.3558,-72.342
0.35585,-72.34
0.3559,-72.332
0.35595,-72.329
0.356,-72.329
0.35605,-72.329
0.3561,-72.329
0.35615,-72.326
0.3562,-72.326
0.35625,-72.33
0.3563,-72.329
0.35635,-72.329
0.3564,-72.329
0.35645,-72.325
0.3565,-72.321
0.35655,-72.32
0.3566,-72.314
0.35665,-72.307
0.3567,-72.308
0.35675,-72.309
0.3568,-72.307
0.35685,-72.308
0.3569,-72.308
0.35695,-72.308
0.357,-72.299
0.35705,-72.292
0.3571,-72.29
0.35715,-72.295
0.3572,-72.295
0.35725,-72.292
0.3573,-72.29
0.35735,-72.29
0.3574,-72.293
0.35745,-72.297
0.3575,-72.304
0.35754,-72.312
0.35759,-72.322
0.35764,-72.322
0.35769,-72.325
0.35774,-72.329
0.35779,-72.329
0.35784,-72.325
0.35789,-72.329
0.35794,-72.329
0.35799,-72.332
0.35804,-72.333
0.35809,-72.331
0.35814,-72.334
0.35819,-72.338
0.35824,-72.342
0.35829,-72.345
0.35834,-72.344
0.35839,-72.345
0.35844,-72.345
0.35849,-72.345
0.35854,-72.344
0.35859,-72.342
0.35864,-72.342
0.35869,-72.342
0.35874,-72.343
0.35879,-72.346
0.35884,-72.345
0.35889,-72.346
0.35894,-72.351
0.35899,-72.356
0.35904,-72.357
0.35909,-72.358
0.35914,-72.364
0.35919,-72.366
0.35924,-72.369
0.35929,-72.373
0.35934,-72.376
0.35939,-72.377
0.35944,-72.377
0.35949,-72.383
0.35954,-72.387
0.35959,-72.393
0.35964,-72.394
0.35969,-72.391
0.35974,-72.391
0.35979,-72.391
0.35984,-72.395
0.35989,-72.391
0.35994,-72.383
0.35999,-72.381
0.36004,-72.381
0.36009,-72.384
0.36014,-72.383
0.36019,-72.383
0.36024,-72.383
0.36028,-72.379
0.36033,-72.38
0.36038,-72.383
0.36043,-72.379
0.36048,-72.373
0.36053,-72.371
0.36058,-72.371
0.36063,-72.374
0.36068,-72.371
0.36073,-72.367
0.36078,-72.364
0.36083,-72.367
0.36088,-72.363
0.36093,-72.351
0.36098,-72.34
0.36103,-72.338
0.36108,-72.337
0.36113,-72.332
0.36118,-72.337
0.36123,-72.335
0.36128,-72.335
0.36133,-72.328
0.36138,-72.322
0.36143,-72.319
0.36148,-72.316
0.36153,-72.313
0.36158,-72.311
0.36163,-72.309
0.36168,-72.306
0.36173,-72.3
0.36178,-72.295
0.36183,-72.291
0.36188,-72.29
0.36193,-72.287
0.36198,-72.284
0.36203,-72.272
0.36208,-72.263
0.36213,-72.261
0.36218,-72.256
0.36223,-72.253
0.36228,-72.253
0.36233,-72.248
0.36238,-72.244
0.36243,-72.244
0.36248,-72.248
0.36253,-72.258
0.36258,-72.264
0.36263,-72.264
0.36268,-72.265
0.36273,-72.262
0.36278,-72.259
0.36283,-72.257
0.36288,-72.257
0.36293,-72.261
0.36298,-72.262
0.36302,-72.265
0.36307,-72.277
0.36312,-72.294
0.36317,-72.307
0.36322,-72.309
0.36327,-72.309
0.36332,-72.311
0.36337,-72.306
0.36342,-72.308
0.36347,-72.309
0.36352,-72.318
0.36357,-72.327
0.36362,-72.334
0.36367,-72.34
0.36372,-72.343
0.36377,-72.345
0.36382,-72.351
0.36387,-72.36
0.36392,-72.371
0.36397,-72.377
0.36402,-72.379
0.36407,-72.38
0.36412,-72.381
0.36417,-72.386
0.36422,-72.394
0.36427,-72.398
0.36432,-72.408
0.36437,-72.418
0.36442,-72.419
0.36447,-72.42
0.36452,-72.423
0.36457,-72.431
0.36462,-72.431
0.36467,-72.431
0.36472,-72.431
0.36477,-72.437
0.36482,-72.441
0.36487,-72.445
0.36492,-72.45
0.36497,-72.453
0.36502,-72.445
0.36507,-72.449
0.36512,-72.457
0.36517,-72.457
0.36522,-72.453
0.36527,-72.453
0.36532,-72.453
0.36537,-72.448
0.36542,-72.449
0.36547,-72.448
0.36552,-72.446
0.36557,-72.444
0.36562,-72.445
0.36567,-72.445
0.36572,-72.445
0.36576,-72.445
0.36581,-72.445
0.36586,-72.445
0.36591,-72.448
0.36596,-72.448
0.36601,-72.448
0.36606,-72.448
0.36611,-72.447
0.36616,-72.445
0.36621,-72.447
0.36626,-72.446
0.36631,-72.446
0.36636,-72.449
0.36641,-72.449
0.36646,-72.449
0.36651,-72.449
0.36656,-72.448
0.36661,-72.447
0.36666,-72.445
0.36671,-72.442
0.36676,-72.438
0.36681,-72.437
0.36686,-72.438
0.36691,-72.438
0.36696,-72.438
0.36701,-72.437
0.36706,-72.437
0.36711,-72.437
0.36716,-72.439
0.36721,-72.442
0.36726,-72.438
0.36731,-72.438
0.36736,-72.438
0.36741,-72.439
0.36746,-72.441
0.36751,-72.444
0.36756,-72.447
0.36761,-72.449
0.36766,-72.456
0.36771,-72.458
0.36776,-72.459
0.36781,-72.46
0.36786,-72.463
0.36791,-72.467
0.36796,-72.474
0.36801,-72.481
0.36806,-72.481
0.36811,-72.481
0.36816,-72.481
0.36821,-72.484
0.36826,-72.486
0.36831,-72.487
0.36836,-72.49
0.36841,-72.488
0.36846,-72.483
0.3685,-72.493
0.36855,-72.49
0.3686,-72.49
0.36865,-72.49
0.3687,-72.483
0.36875,-72.488
0.3688,-72.488
0.36885,-72.485
0.3689,-72.477
0.36895,-72.47
0.369,-72.47
0.36905,-72.47
0.3691,-72.475
0.36915,-72.489
0.3692,-72.493
0.36925,-72.493
0.3693,-72.493
0.36935,-72.489
0.3694,-72.488
0.36945,-72.495
0.3695,-72.497
0.36955,-72.486
0.3696,-72.482
0.36965,-72.479
0.3697,-72.474
0.36975,-72.47
0.3698,-72.469
0.36985,-72.467
0.3699,-72.46
0.36995,-72.455
0.37,-72.455
0.37005,-72.452
0.3701,-72.449
0.37015,-72.446
0.3702,-72.446
0.37025,-72.426
0.3703,-72.402
0.37035,-72.398
0.3704,-72.393
0.37045,-72.387
0.3705,-72.377
0.37055,-72.372
0.3706,-72.364
0.37065,-72.354
0.3707,-72.346
0.37075,-72.337
0.3708,-72.327
0.37085,-72.319
0.3709,-72.316
0.37095,-72.314
0.371,-72.306
0.37105,-72.306
0.3711,-72.306
0.37115,-72.3
0.3712,-72.301
0.37124,-72.298
0.37129,-72.298
0.37134,-72.298
0.37139,-72.303
0.37144,-72.301
0.37149,-72.297
0.37154,-72.293
0.37159,-72.288
0.37164,-72.286
0.37169,-72.281
0.37174,-72.277
0.37179,-72.276
0.37184,-72.269
0.37189,-72.26
0.37194,-72.256
0.37199,-72.255
0.37204,-72.252
0.37209,-72.255
0.37214,-72.251
0.37219,-72.251
0.37224,-72.251
0.37229,-72.248
0.37234,-72.245
0.37239,-72.242
0.37244,-72.239
0.37249,-72.238
0.37254,-72.238
0.37259,-72.243
0.37264,-72.251
0.37269,-72.255
0.37274,-72.256
0.37279,-72.263
0.37284,-72.264
0.37289,-72.268
0.37294,-72.26
0.37299,-72.256
0.37304,-72.258
0.37309,-72.261
0.37314,-72.266
0.37319,-72.266
0.37324,-72.266
0.37329,-72.268
0.37334,-72.28
0.37339,-72.28
0.37344,-72.286
0.37349,-72.277
0.37354,-72.272
0.37359,-72.268
0.37364,-72.268
0.37369,-72.263
0.37374,-72.26
0.37379,-72.259
0.37384,-72.25
0.37389,-72.248
0.37394,-72.247
0.37398,-72.244
0.37403,-72.235
0.37408,-72.232
0.37413,-72.244
0.37418,-72.249
0.37423,-72.242
0.37428,-72.237
0.37433,-72.237
0.37438,-72.235
0.37443,-72.241
0.37448,-72.241
0.37453,-72.237
0.37458,-72.235
0.37463,-72.233
0.37468,-72.233
0.37473,-72.233
0.37478,-72.223
0.37483,-72.21
0.37488,-72.219
0.37493,-72.221
0.37498,-72.219
0.37503,-72.212
0.37508,-72.203
0.37513,-72.195
0.37518,-72.196
0.37523,-72.199
0.37528,-72.203
0.37533,-72.199
0.37538,-72.197
0.37543,-72.193
0.37548,-72.19
0.37553,-72.19
0.37558,-72.187
0.37563,-72.184
0.37568,-72.188
0.37573,-72.188
0.37578,-72.187
0.37583,-72.185
0.37588,-72.185
0.37593,-72.189
0.37598,-72.19
0.37603,-72.194
0.37608,-72.193
0.37613,-72.193
0.37618,-72.195
0.37623,-72.197
0.37628,-72.2
0.37633,-72.202
0.37638,-72.203
0.37643,-72.207
0.37648,-72.211
0.37653,-72.216
0.37658,-72.213
0.37663,-72.21
0.37668,-72.213
0.37672,-72.217
0.37677,-72.217
0.37682,-72.216
0.37687,-72.216
0.37692,-72.213
0.37697,-72.216
0.37702,-72.22
0.37707,-72.223
0.37712,-72.229
0.37717,-72.23
0.37722,-72.239
0.37727,-72.243
0.37732,-72.245
0.37737,-72.245
0.37742,-72.245
0.37747,-72.247
0.37752,-72.253
0.37757,-72.26
0.37762,-72.264
0.37767,-72.264
0.37772,-72.264
0.37777,-72.263
0.37782,-72.267
0.37787,-72.271
0.37792,-72.271
0.37797,-72.275
0.37802,-72.28
0.37807,-72.284
0.37812,-72.291
0.37817,-72.294
0.37822,-72.3
0.37827,-72.303
0.37832,-72.303
0.37837,-72.303
0.37842,-72.301
0.37847,-72.297
0.37852,-72.296
0.37857,-72.29
0.37862,-72.301
0.37867,-72.314
0.37872,-72.316
0.37877,-72.305
0.37882,-72.299
0.37887,-72.3
0.37892,-72.302
0.37897,-72.297
0.37902,-72.297
0.37907,-72.303
0.37912,-72.319
0.37917,-72.319
0.37922,-72.324
0.37927,-72.338
0.37932,-72.342
0.37937,-72.346
0.37942,-72.351
0.37946,-72.358
0.37951,-72.362
0.37956,-72.371
0.37961,-72.385
0.37966,-72.396
0.37971,-72.403
0.37976,-72.407
0.37981,-72.407
0.37986,-72.414
0.37991,-72.419
0.37996,-72.419
0.38001,-72.42
0.38006,-72.422
0.38011,-72.419
0.38016,-72.419
0.38021,-72.425
0.38026,-72.418
0.38031,-72.409
0.38036,-72.409
0.38041,-72.411
0.38046,-72.416
0.38051,-72.425
0.38056,-72.426
0.38061,-72.426
0.38066,-72.424
0.38071,-72.427
0.38076,-72.427
0.38081,-72.427
0.38086,-72.42
0.38091,-72.408
0.38096,-72.4
0.38101,-72.403
0.38106,-72.404
0.38111,-72.404
0.38116,-72.404
0.38121,-72.404
0.38126,-72.404
0.38131,-72.404
0.38136,-72.4
0.38141,-72.396
0.38146,-72.389
0.38151,-72.389
0.38156,-72.387
0.38161,-72.374
0.38166,-72.358
0.38171,-72.345
0.38176,-72.336
0.38181,-72.322
0.38186,-72.306
0.38191,-72.274
0.38196,-72.239
0.38201,-72.213
0.38206,-72.185
0.38211,-72.163
0.38216,-72.139
0.3822,-72.113
0.38225,-72.103
0.3823,-72.094
0.38235,-72.09
0.3824,-72.087
0.38245,-72.087
0.3825,-72.084
0.38255,-72.083
0.3826,-72.083
0.38265,-72.083
0.3827,-72.083
0.38275,-72.083
0.3828,-72.081
0.38285,-72.077
0.3829,-72.074
0.38295,-72.074
0.383,-72.074
0.38305,-72.074
0.3831,-72.074
0.38315,-72.074
0.3832,-72.074
0.38325,-72.077
0.3833,-72.081
0.38335,-72.082
0.3834,-72.081
0.38345,-72.082
0.3835,-72.081
0.38355,-72.081
0.3836,-72.082
0.38365,-72.092
0.3837,-72.089
0.38375,-72.102
0.3838,-72.123
0.38385,-72.146
0.3839,-72.166
0.38395,-72.171
0.384,-72.175
0.38405,-72.197
0.3841,-72.223
0.38415,-72.233
0.3842,-72.248
0.38425,-72.263
0.3843,-72.269
0.38435,-72.272
0.3844,-72.279
0.38445,-72.286
0.3845,-72.293
0.38455,-72.308
0.3846,-72.32
0.38465,-72.328
0.3847,-72.335
0.38475,-72.342
0.3848,-72.342
0.38485,-72.346
0.3849,-72.357
0.38494,-72.376
0.38499,-72.393
0.38504,-72.398
0.38509,-72.401
0.38514,-72.406
0.38519,-72.411
0.38524,-72.416
0.38529,-72.418
0.38534,-72.42
0.38539,-72.421
0.38544,-72.427
0.38549,-72.434
0.38554,-72.434
0.38559,-72.434
0.38564,-72.434
0.38569,-72.434
0.38574,-72.439
0.38579,-72.446
0.38584,-72.449
0.38589,-72.454
0.38594,-72.459
0.38599,-72.465
0.38604,-72.483
0.38609,-72.483
0.38614,-72.473
0.38619,-72.473
0.38624,-72.483
0.38629,-72.483
0.38634,-72.487
0.38639,-72.493
0.38644,-72.497
0.38649,-72.5
0.38654,-72.502
0.38659,-72.499
0.38664,-72.495
0.38669,-72.493
0.38674,-72.494
0.38679,-72.496
0.38684,-72.496
0.38689,-72.493
0.38694,-72.493
0.38699,-72.496
0.38704,-72.498
0.38709,-72.493
0.38714,-72.493
0.38719,-72.499
0.38724,-72.515
0.38729,-72.519
0.38734,-72.519
0.38739,-72.519
0.38744,-72.512
0.38749,-72.506
0.38754,-72.506
0.38759,-72.509
0.38764,-72.505
0.38768,-72.502
0.38773,-72.502
0.38778,-72.502
0.38783,-72.502
0.38788,-72.508
0.38793,-72.508
0.38798,-72.506
0.38803,-72.504
0.38808,-72.504
0.38813,-72.508
0.38818,-72.511
0.38823,-72.513
0.38828,-72.51
0.38833,-72.502
0.38838,-72.499
0.38843,-72.499
0.38848,-72.499
0.38853,-72.5
0.38858,-72.5
0.38863,-72.5
0.38868,-72.501
0.38873,-72.5
0.38878,-72.499
0.38883,-72.49
0.38888,-72.424
0.38893,-72.418
0.38898,-72.412
0.38903,-72.398
0.38908,-72.383
0.38913,-72.365
0.38918,-72.361
0.38923,-72.361
0.38928,-72.354
0.38933,-72.345
0.38938,-72.345
0.38943,-72.337
0.38948,-72.328
0.38953,-72.328
0.38958,-72.321
0.38963,-72.312
0.38968,-72.303
0.38973,-72.3
0.38978,-72.299
0.38983,-72.296
0.38988,-72.294
0.38993,-72.284
0.38998,-72.277
0.39003,-72.265
0.39008,-72.257
0.39013,-72.253
0.39018,-72.257
0.39023,-72.268
0.39028,-72.273
0.39033,-72.271
0.39038,-72.27
0.39042,-72.27
0.39047,-72.277
0.39052,-72.284
0.39057,-72.284
0.39062,-72.281
0.39067,-72.286
0.39072,-72.281
0.39077,-72.286
0.39082,-72.291
0.39087,-72.293
0.39092,-72.302
0.39097,-72.308
0.39102,-72.319
0.39107,-72.332
0.39112,-72.335
0.39117,-72.336
0.39122,-72.336
0.39127,-72.336
0.39132,-72.336
0.39137,-72.336
0.39142,-72.333
0.39147,-72.335
0.39152,-72.34
0.39157,-72.342
0.39162,-72.343
0.39167,-72.335
0.39172,-72.334
0.39177,-72.342
0.39182,-72.347
0.39187,-72.344
0.39192,-72.345
0.39197,-72.345
0.39202,-72.348
0.39207,-72.355
0.39212,-72.363
0.39217,-72.371
0.39222,-72.374
0.39227,-72.383
0.39232,-72.392
0.39237,-72.395
0.39242,-72.398
0.39247,-72.398
0.39252,-72.398
0.39257,-72.399
0.39262,-72.402
0.39267,-72.403
0.39272,-72.407
0.39277,-72.405
0.39282,-72.405
0.39287,-72.405
0.39292,-72.405
0.39297,-72.406
0.39302,-72.403
0.39307,-72.395
0.39312,-72.395
0.39316,-72.4
0.39321,-72.397
0.39326,-72.393
0.39331,-72.393
0.39336,-72.346
0.39341,-72.271
0.39346,-72.247
0.39351,-72.234
0.39356,-72.21
0.39361,-72.203
0.39366,-72.203
0.39371,-72.203
0.39376,-72.203
0.39381,-72.211
0.39386,-72.214
0.39391,-72.214
0.39396,-72.21
0.39401,-72.208
0.39406,-72.209
0.39411,-72.203
0.39416,-72.197
0.39421,-72.192
0.39426,-72.19
0.39431,-72.187
0.39436,-72.188
0.39441,-72.188
0.39446,-72.188
0.39451,-72.188
0.39456,-72.192
0.39461,-72.192
0.39466,-72.192
0.39471,-72.194
0.39476,-72.191
0.39481,-72.184
0.39486,-72.179
0.39491,-72.181
0.39496,-72.181
0.39501,-72.184
0.39506,-72.18
0.39511,-72.174
0.39516,-72.167
0.39521,-72.169
0.39526,-72.175
0.39531,-72.175
0.39536,-72.162
0.39541,-72.155
0.39546,-72.148
0.39551,-72.134
0.39556,-72.126
0.39561,-72.087
0.39566,-72.049
0.39571,-72.032
0.39576,-72.009
0.39581,-71.982
0.39586,-71.965
0.3959,-71.922
0.39595,-71.825
0.396,-71.823
0.39605,-71.826
0.3961,-71.833
0.39615,-71.836
0.3962,-71.839
0.39625,-71.841
0.3963,-71.841
0.39635,-71.851
0.3964,-71.857
0.39645,-71.861
0.3965,-71.868
0.39655,-71.876
0.3966,-71.885
0.39665,-71.895
0.3967,-71.897
0.39675,-71.906
0.3968,-71.911
0.39685,-71.918
0.3969,-71.924
0.39695,-71.933
0.397,-71.936
0.39705,-71.945
0.3971,-71.951
0.39715,-71.956
0.3972,-71.953
0.39725,-71.952
0.3973,-71.953
0.39735,-71.951
0.3974,-71.958
0.39745,-71.962
0.3975,-71.969
0.39755,-71.978
0.3976,-71.982
0.39765,-71.987
0.3977,-71.989
0.39775,-71.989
0.3978,-71.994
0.39785,-72
0.3979,-72
0.39795,-72
0.398,-72
0.39805,-72
0.3981,-72.004
0.39815,-72.005
0.3982,-72.007
0.39825,-72.007
0.3983,-72.002
0.39835,-72.002
0.3984,-72.002
0.39845,-72.002
0.3985,-72.002
0.39855,-72.002
0.3986,-72.005
0.39864,-72.005
0.39869,-72.007
0.39874,-72.011
0.39879,-72.018
0.39884,-72.017
0.39889,-72.007
0.39894,-72.007
0.39899,-71.997
0.39904,-71.995
0.39909,-71.991
0.39914,-71.991
0.39919,-71.987
0.39924,-71.986
0.39929,-71.984
0.39934,-71.984
0.39939,-71.981
0.39944,-71.976
0.39949,-71.972
0.39954,-71.975
0.39959,-71.972
0.39964,-71.97
0.39969,-71.972
0.39974,-71.975
0.39979,-71.976
0.39984,-71.978
0.39989,-71.978
0.39994,-71.976
0.39999,-71.976
0.40004,-71.972
0.40009,-71.969
0.40014,-71.965
0.40019,-71.961
0.40024,-71.957
0.40029,-71.957
0.40034,-71.957
0.40039,-71.961
0.40044,-71.961
0.40049,-71.962
0.40054,-71.961
0.40059,-71.961
0.40064,-71.965
0.40069,-71.962
0.40074,-71.962
0.40079,-71.966
0.40084,-71.968
0.40089,-71.971
0.40094,-71.97
0.40099,-71.971
0.40104,-71.973
0.40109,-71.974
0.40114,-71.976
0.40119,-71.976
0.40124,-71.976
0.40129,-71.976
0.40134,-71.976
0.40138,-71.977
0.40143,-71.978
0.40148,-71.978
0.40153,-71.978
0.40158,-71.987
0.40163,-71.997
0.40168,-71.997
0.40173,-71.998
0.40178,-71.997
0.40183,-71.998
0.40188,-71.999
0.40193,-71.997
0.40198,-71.994
0.40203,-71.987
0.40208,-71.979
0.40213,-71.975
0.40218,-71.975
0.40223,-71.975
0.40228,-71.975
0.40233,-71.971
0.40238,-71.965
0.40243,-71.952
0.40248,-71.945
0.40253,-71.946
0.40258,-71.946
0.40263,-71.947
0.40268,-71.947
0.40273,-71.946
0.40278,-71.943
0.40283,-71.936
0.40288,-71.939
0.40293,-71.943
0.40298,-71.931
0.40303,-71.923
0.40308,-71.923
0.40313,-71.921
0.40318,-71.916
0.40323,-71.908
0.40328,-71.904
0.40333,-71.897
0.40338,-71.891
0.40343,-71.891
0.40348,-71.891
0.40353,-71.891
0.40358,-71.881
0.40363,-71.871
0.40368,-71.863
0.40373,-71.855
0.40378,-71.855
0.40383,-71.86
0.40388,-71.86
0.40393,-71.866
0.40398,-71.862
0.40403,-71.862
0.40408,-71.866
0.40412,-71.874
0.40417,-71.883
0.40422,-71.889
0.40427,-71.891
0.40432,-71.891
0.40437,-71.891
0.40442,-71.886
0.40447,-71.881
0.40452,-71.873
0.40457,-71.875
0.40462,-71.878
0.40467,-71.88
0.40472,-71.881
0.40477,-71.881
0.40482,-71.884
0.40487,-71.889
0.40492,-71.889
0.40497,-71.898
0.40502,-71.9
0.40507,-71.904
0.40512,-71.907
0.40517,-71.91
0.40522,-71.913
0.40527,-71.913
0.40532,-71.914
0.40537,-71.914
0.40542,-71.914
0.40547,-71.914
0.40552,-71.915
0.40557,-71.923
0.40562,-71.926
0.40567,-71.928
0.40572,-71.928
0.40577,-71.928
0.40582,-71.94
0.40587,-71.95
0.40592,-71.947
0.40597,-71.944
0.40602,-71.942
0.40607,-71.95
0.40612,-71.957
0.40617,-71.957
0.40622,-71.957
0.40627,-71.955
0.40632,-71.955
0.40637,-71.961
0.40642,-71.959
0.40647,-71.962
0.40652,-71.959
0.40657,-71.954
0.40662,-71.949
0.40667,-71.946
0.40672,-71.945
0.40677,-71.944
0.40682,-71.943
0.40686,-71.933
0.40691,-71.933
0.40696,-71.933
0.40701,-71.936
0.40706,-71.93
0.40711,-71.93
0.40716,-71.93
0.40721,-71.933
0.40726,-71.93
0.40731,-71.93
0.40736,-71.93
0.40741,-71.935
0.40746,-71.938
0.40751,-71.938
0.40756,-71.938
0.40761,-71.922
0.40766,-71.893
0.40771,-71.878
0.40776,-71.878
0.40781,-71.876
0.40786,-71.876
0.40791,-71.867
0.40796,-71.868
0.40801,-71.87
0.40806,-71.87
0.40811,-71.87
0.40816,-71.87
0.40821,-71.872
0.40826,-71.881
0.40831,-71.888
0.40836,-71.888
0.40841,-71.888
0.40846,-71.896
0.40851,-71.907
0.40856,-71.91
0.40861,-71.907
0.40866,-71.906
0.40871,-71.906
0.40876,-71.906
0.40881,-71.907
0.40886,-71.908
0.40891,-71.907
0.40896,-71.907
0.40901,-71.915
0.40906,-71.924
0.40911,-71.93
0.40916,-71.932
0.40921,-71.94
0.40926,-71.954
0.40931,-71.961
0.40936,-71.966
0.40941,-71.957
0.40946,-71.957
0.40951,-71.97
0.40956,-71.974
0.4096,-71.977
0.40965,-71.98
0.4097,-71.984
0.40975,-71.984
0.4098,-71.993
0.40985,-72
0.4099,-72.009
0.40995,-72.017
0.41,-72.018
0.41005,-72.023
0.4101,-72.026
0.41015,-72.03
0.4102,-72.026
0.41025,-72.03
0.4103,-72.033
0.41035,-72.033
0.4104,-72.033
0.41045,-72.033
0.4105,-72.034
0.41055,-72.037
0.4106,-72.037
0.41065,-72.037
0.4107,-72.039
0.41075,-72.05
0.4108,-72.046
0.41085,-72.045
0.4109,-72.039
0.41095,-72.036
0.411,-72.033
0.41105,-72.033
0.4111,-72.031
0.41115,-72.031
0.4112,-72.029
0.41125,-72.023
0.4113,-72.017
0.41135,-72.014
0.4114,-72.017
0.41145,-72.012
0.4115,-72.004
0.41155,-72.004
0.4116,-72.004
0.41165,-72.006
0.4117,-72.013
0.41175,-72.022
0.4118,-72.022
0.41185,-72.013
0.4119,-72.023
0.41195,-72.035
0.412,-72.035
0.41205,-72.035
0.4121,-72.035
0.41215,-72.035
0.4122,-72.035
0.41225,-72.051
0.4123,-72.056
0.41234,-72.056
0.41239,-72.056
0.41244,-72.058
0.41249,-72.058
0.41254,-72.056
0.41259,-72.047
0.41264,-72.051
0.41269,-72.054
0.41274,-72.048
0.41279,-72.048
0.41284,-72.043
0.41289,-72.046
0.41294,-72.05
0.41299,-72.049
0.41304,-72.05
0.41309,-72.052
0.41314,-72.051
0.41319,-72.046
0.41324,-72.045
0.41329,-72.042
0.41334,-72.034
0.41339,-72.037
0.41344,-72.037
0.41349,-72.037
0.41354,-72.036
0.41359,-72.038
0.41364,-72.038
0.41369,-72.04
0.41374,-72.036
0.41379,-72.037
0.41384,-72.037
0.41389,-72.036
0.41394,-72.033
0.41399,-72.03
0.41404,-72.029
0.41409,-72.029
0.41414,-72.028
0.41419,-72.026
0.41424,-72.024
0.41429,-72.022
0.41434,-72.019
0.41439,-72.028
0.41444,-72.022
0.41449,-72.019
0.41454,-72.019
0.41459,-72.025
0.41464,-72.025
0.41469,-72.027
0.41474,-72.029
0.41479,-72.029
0.41484,-72.029
0.41489,-72.026
0.41494,-72.019
0.41499,-72.011
0.41504,-72.011
0.41508,-72.005
0.41513,-72.01
0.41518,-72.014
0.41523,-72.017
0.41528,-72.02
0.41533,-72.017
0.41538,-72.017
0.41543,-72.017
0.41548,-72.02
0.41553,-72.02
0.41558,-72.027
0.41563,-72.035
0.41568,-72.036
0.41573,-72.033
0.41578,-72.029
0.41583,-72.029
0.41588,-72.032
0.41593,-72.036
0.41598,-72.036
0.41603,-72.033
0.41608,-72.032
0.41613,-72.03
0.41618,-72.03
0.41623,-72.034
0.41628,-72.034
0.41633,-72.027
0.41638,-72.018
0.41643,-72.018
0.41648,-72.017
0.41653,-72.011
0.41658,-72.007
0.41663,-72.004
0.41668,-72.004
0.41673,-72.004
0.41678,-72
0.41683,-71.994
0.41688,-71.985
0.41693,-71.985
0.41698,-71.985
0.41703,-71.981
0.41708,-71.978
0.41713,-71.973
0.41718,-71.973
0.41723,-71.969
0.41728,-71.968
0.41733,-71.965
0.41738,-71.965
0.41743,-71.968
0.41748,-71.971
0.41753,-71.971
0.41758,-71.971
0.41763,-71.966
0.41768,-71.957
0.41773,-71.955
0.41778,-71.953
0.41782,-71.95
0.41787,-71.947
0.41792,-71.939
0.41797,-71.933
0.41802,-71.926
0.41807,-71.916
0.41812,-71.912
0.41817,-71.909
0.41822,-71.905
0.41827,-71.905
0.41832,-71.897
0.41837,-71.892
0.41842,-71.889
0.41847,-71.875
0.41852,-71.863
0.41857,-71.86
0.41862,-71.847
0.41867,-71.83
0.41872,-71.823
0.41877,-71.817
0.41882,-71.814
0.41887,-71.812
0.41892,-71.804
0.41897,-71.798
0.41902,-71.792
0.41907,-71.79
0.41912,-71.788
0.41917,-71.785
0.41922,-71.78
0.41927,-71.777
0.41932,-71.772
0.41937,-71.765
0.41942,-71.762
0.41947,-71.757
0.41952,-71.753
0.41957,-71.747
0.41962,-71.743
0.41967,-71.74
0.41972,-71.737
0.41977,-71.733
0.41982,-71.73
0.41987,-71.728
0.41992,-71.723
0.41997,-71.712
0.42002,-71.705
0.42007,-71.701
0.42012,-71.696
0.42017,-71.691
0.42022,-71.688
0.42027,-71.687
0.42032,-71.683
0.42037,-71.677
0.42042,-71.678
0.42047,-71.674
0.42052,-71.67
0.42056,-71.666
0.42061,-71.668
0.42066,-71.668
0.42071,-71.664
0.42076,-71.66
0.42081,-71.658
0.42086,-71.663
0.42091,-71.667
0.42096,-71.665
0.42101,-71.658
0.42106,-71.652
0.42111,-71.655
0.42116,-71.65
0.42121,-71.653
0.42126,-71.655
0.42131,-71.65
0.42136,-71.638
0.42141,-71.641
0.42146,-71.644
0.42151,-71.646
0.42156,-71.646
0.42161,-71.646
0.42166,-71.644
0.42171,-71.644
0.42176,-71.644
0.42181,-71.644
0.42186,-71.642
0.42191,-71.642
0.42196,-71.642
0.42201,-71.643
0.42206,-71.641
0.42211,-71.637
0.42216,-71.634
0.42221,-71.634
0.42226,-71.64
0.42231,-71.643
0.42236,-71.643
0.42241,-71.643
0.42246,-71.643
0.42251,-71.643
0.42256,-71.642
0.42261,-71.636
0.42266,-71.627
0.42271,-71.63
0.42276,-71.633
0.42281,-71.64
0.42286,-71.65
0.42291,-71.649
0.42296,-71.648
0.42301,-71.646
0.42306,-71.643
0.42311,-71.646
0.42316,-71.65
0.42321,-71.654
0.42326,-71.658
0.4233,-71.662
0.42335,-71.665
0.4234,-71.672
0.42345,-71.682
0.4235,-71.685
0.42355,-71.691
0.4236,-71.695
0.42365,-71.695
0.4237,-71.699
0.42375,-71.699
0.4238,-71.699
0.42385,-71.7
0.4239,-71.702
0.42395,-71.705
0.424,-71.705
0.42405,-71.705
0.4241,-71.705
0.42415,-71.71
0.4242,-71.71
0.42425,-71.713
0.4243,-71.709
0.42435,-71.713
0.4244,-71.714
0.42445,-71.715
0.4245,-71.716
0.42455,-71.721
0.4246,-71.725
0.42465,-71.725
0.4247,-71.725
0.42475,-71.726
0.4248,-71.721
0.42485,-71.724
0.4249,-71.734
0.42495,-71.741
0.425,-71.744
0.42505,-71.744
0.4251,-71.744
0.42515,-71.74
0.4252,-71.751
0.42525,-71.762
0.4253,-71.762
0.42535,-71.762
0.4254,-71.769
0.42545,-71.771
0.4255,-71.776
0.42555,-71.771
0.4256,-71.775
0.42565,-71.782
0.4257,-71.791
0.42575,-71.79
0.4258,-71.793
0.42585,-71.793
0.4259,-71.798
0.42595,-71.8
0.426,-71.804
0.42604,-71.807
0.42609,-71.812
0.42614,-71.823
0.42619,-71.833
0.42624,-71.835
0.42629,-71.84
0.42634,-71.84
0.42639,-71.84
0.42644,-71.836
0.42649,-71.836
0.42654,-71.84
0.42659,-71.84
0.42664,-71.836
0.42669,-71.833
0.42674,-71.841
0.42679,-71.848
0.42684,-71.861
0.42689,-71.868
0.42694,-71.869
0.42699,-71.879
0.42704,-71.886
0.42709,-71.888
0.42714,-71.89
0.42719,-71.889
0.42724,-71.888
0.42729,-71.885
0.42734,-71.885
0.42739,-71.878
0.42744,-71.857
0.42749,-71.836
0.42754,-71.828
0.42759,-71.823
0.42764,-71.819
0.42769,-71.814
0.42774,-71.814
0.42779,-71.812
0.42784,-71.811
0.42789,-71.802
0.42794,-71.795
0.42799,-71.793
0.42804,-71.791
0.42809,-71.791
0.42814,-71.788
0.42819,-71.784
0.42824,-71.784
0.42829,-71.784
0.42834,-71.783
0.42839,-71.778
0.42844,-71.773
0.42849,-71.775
0.42854,-71.765
0.42859,-71.769
0.42864,-71.769
0.42869,-71.752
0.42874,-71.749
0.42878,-71.746
0.42883,-71.746
0.42888,-71.741
0.42893,-71.74
0.42898,-71.74
0.42903,-71.742
0.42908,-71.74
0.42913,-71.74
0.42918,-71.742
0.42923,-71.746
0.42928,-71.744
0.42933,-71.744
0.42938,-71.745
0.42943,-71.745
0.42948,-71.744
0.42953,-71.743
0.42958,-71.74
0.42963,-71.735
0.42968,-71.73
0.42973,-71.732
0.42978,-71.733
0.42983,-71.727
0.42988,-71.732
0.42993,-71.733
0.42998,-71.738
0.43003,-71.746
0.43008,-71.755
0.43013,-71.763
0.43018,-71.769
0.43023,-71.776
0.43028,-71.776
0.43033,-71.776
0.43038,-71.78
0.43043,-71.782
0.43048,-71.789
0.43053,-71.791
0.43058,-71.802
0.43063,-71.803
0.43068,-71.802
0.43073,-71.799
0.43078,-71.799
0.43083,-71.794
0.43088,-71.799
0.43093,-71.803
0.43098,-71.806
0.43103,-71.806
0.43108,-71.806
0.43113,-71.806
0.43118,-71.806
0.43123,-71.803
0.43128,-71.803
0.43133,-71.803
0.43138,-71.802
0.43143,-71.799
0.43148,-71.804
0.43152,-71.81
0.43157,-71.811
0.43162,-71.812
0.43167,-71.815
0.43172,-71.814
0.43177,-71.813
0.43182,-71.809
0.43187,-71.806
0.43192,-71.805
0.43197,-71.802
0.43202,-71.794
0.43207,-71.788
0.43212,-71.782
0.43217,-71.769
0.43222,-71.751
0.43227,-71.739
0.43232,-71.739
0.43237,-71.739
0.43242,-71.74
0.43247,-71.742
0.43252,-71.744
0.43257,-71.746
0.43262,-71.751
0.43267,-71.755
0.43272,-71.746
0.43277,-71.74
0.43282,-71.714
0.43287,-71.679
0.43292,-71.664
0.43297,-71.631
0.43302,-71.612
0.43307,-71.609
0.43312,-71.609
0.43317,-71.617
0.43322,-71.621
0.43327,-71.621
0.43332,-71.616
0.43337,-71.613
0.43342,-71.613
0.43347,-71.606
0.43352,-71.599
0.43357,-71.601
0.43362,-71.617
0.43367,-71.617
0.43372,-71.617
0.43377,-71.617
0.43382,-71.614
0.43387,-71.605
0.43392,-71.595
0.43397,-71.589
0.43402,-71.585
0.43407,-71.587
0.43412,-71.596
0.43417,-71.596
0.43422,-71.596
0.43426,-71.596
0.43431,-71.595
0.43436,-71.595
0.43441,-71.588
0.43446,-71.582
0.43451,-71.58
0.43456,-71.581
0.43461,-71.582
0.43466,-71.585
0.43471,-71.592
0.43476,-71.588
0.43481,-71.598
0.43486,-71.602
0.43491,-71.602
0.43496,-71.605
0.43501,-71.61
0.43506,-71.613
0.43511,-71.615
0.43516,-71.621
0.43521,-71.621
0.43526,-71.627
0.43531,-71.636
0.43536,-71.636
0.43541,-71.646
0.43546,-71.654
0.43551,-71.656
0.43556,-71.656
0.43561,-71.656
0.43566,-71.656
0.43571,-71.656
0.43576,-71.663
0.43581,-71.668
0.43586,-71.669
0.43591,-71.669
0.43596,-71.672
0.43601,-71.672
0.43606,-71.672
0.43611,-71.676
0.43616,-71.679
0.43621,-71.68
0.43626,-71.683
0.43631,-71.687
0.43636,-71.683
0.43641,-71.678
0.43646,-71.679
0.43651,-71.679
0.43656,-71.676
0.43661,-71.674
0.43666,-71.676
0.43671,-71.677
0.43676,-71.679
0.43681,-71.684
0.43686,-71.685
0.43691,-71.685
0.43696,-71.688
0.437,-71.688
0.43705,-71.688
0.4371,-71.693
0.43715,-71.704
0.4372,-71.712
0.43725,-71.716
0.4373,-71.715
0.43735,-71.717
0.4374,-71.719
0.43745,-71.717
0.4375,-71.714
0.43755,-71.708
0.4376,-71.707
0.43765,-71.706
0.4377,-71.709
0.43775,-71.714
0.4378,-71.711
0.43785,-71.711
0.4379,-71.708
0.43795,-71.707
0.438,-71.704
0.43805,-71.7
0.4381,-71.699
0.43815,-71.702
0.4382,-71.707
0.43825,-71.709
0.4383,-71.709
0.43835,-71.707
0.4384,-71.707
0.43845,-71.709
0.4385,-71.709
0.43855,-71.714
0.4386,-71.721
0.43865,-71.727
0.4387,-71.731
0.43875,-71.74
0.4388,-71.75
0.43885,-71.751
0.4389,-71.755
0.43895,-71.762
0.439,-71.769
0.43905,-71.772
0.4391,-71.778
0.43915,-71.787
0.4392,-71.792
0.43925,-71.798
0.4393,-71.8
0.43935,-71.799
0.4394,-71.803
0.43945,-71.804
0.4395,-71.815
0.43955,-71.82
0.4396,-71.823
0.43965,-71.823
0.4397,-71.827
0.43974,-71.832
0.43979,-71.838
0.43984,-71.84
0.43989,-71.849
0.43994,-71.872
0.43999,-71.875
0.44004,-71.881
0.44009,-71.897
0.44014,-71.901
0.44019,-71.904
0.44024,-71.907
0.44029,-71.917
0.44034,-71.931
0.44039,-71.933
0.44044,-71.934
0.44049,-71.941
0.44054,-71.949
0.44059,-71.955
0.44064,-71.959
0.44069,-71.959
0.44074,-71.962
0.44079,-71.965
0.44084,-71.969
0.44089,-71.969
0.44094,-71.969
0.44099,-71.971
0.44104,-71.977
0.44109,-71.982
0.44114,-71.987
0.44119,-71.982
0.44124,-71.988
0.44129,-71.997
0.44134,-72.004
0.44139,-72.005
0.44144,-72.006
0.44149,-72.006
0.44154,-72.007
0.44159,-72.01
0.44164,-72.014
0.44169,-72.017
0.44174,-72.022
0.44179,-72.027
0.44184,-72.029
0.44189,-72.031
0.44194,-72.033
0.44199,-72.036
0.44204,-72.039
0.44209,-72.039
0.44214,-72.039
0.44219,-72.039
0.44224,-72.039
0.44229,-72.037
0.44234,-72.037
0.44239,-72.039
0.44244,-72.04
0.44248,-72.04
0.44253,-72.041
0.44258,-72.043
0.44263,-72.042
0.44268,-72.042
0.44273,-72.042
0.44278,-72.039
0.44283,-72.033
0.44288,-72.036
0.44293,-72.037
0.44298,-72.038
0.44303,-72.034
0.44308,-72.03
0.44313,-72.033
0.44318,-72.037
0.44323,-72.037
0.44328,-72.037
0.44333,-72.037
0.44338,-72.046
0.44343,-72.045
0.44348,-72.055
0.44353,-72.064
0.44358,-72.066
0.44363,-72.071
0.44368,-72.078
0.44373,-72.085
0.44378,-72.086
0.44383,-72.081
0.44388,-72.075
0.44393,-72.075
0.44398,-72.081
0.44403,-72.086
0.44408,-72.087
0.44413,-72.087
0.44418,-72.088
0.44423,-72.089
0.44428,-72.091
0.44433,-72.089
0.44438,-72.087
0.44443,-72.082
0.44448,-72.079
0.44453,-72.078
0.44458,-72.077
0.44463,-72.073
0.44468,-72.072
0.44473,-72.071
0.44478,-72.073
0.44483,-72.072
0.44488,-72.073
0.44493,-72.067
0.44498,-72.066
0.44503,-72.066
0.44508,-72.066
0.44513,-72.066
0.44518,-72.06
0.44522,-72.06
0.44527,-72.061
0.44532,-72.057
0.44537,-72.054
0.44542,-72.048
0.44547,-72.039
0.44552,-72.021
0.44557,-72.024
0.44562,-72.011
0.44567,-72.012
0.44572,-72.012
0.44577,-72.007
0.44582,-72.004
0.44587,-72.006
0.44592,-72.004
0.44597,-72.002
0.44602,-72.003
0.44607,-72.004
0.44612,-72.004
0.44617,-72.004
0.44622,-72.006
0.44627,-72.007
0.44632,-72.007
0.44637,-72.009
0.44642,-72.011
0.44647,-72.013
0.44652,-72.008
0.44657,-71.997
0.44662,-71.993
0.44667,-71.992
0.44672,-71.98
0.44677,-71.973
0.44682,-71.962
0.44687,-71.949
0.44692,-71.933
0.44697,-71.922
0.44702,-71.918
0.44707,-71.905
0.44712,-71.902
0.44717,-71.906
0.44722,-71.912
0.44727,-71.91
0.44732,-71.909
0.44737,-71.907
0.44742,-71.902
0.44747,-71.907
0.44752,-71.908
0.44757,-71.912
0.44762,-71.899
0.44767,-71.893
0.44772,-71.888
0.44777,-71.881
0.44782,-71.869
0.44787,-71.86
0.44792,-71.848
0.44796,-71.849
0.44801,-71.844
0.44806,-71.838
0.44811,-71.834
0.44816,-71.833
0.44821,-71.825
0.44826,-71.817
0.44831,-71.807
0.44836,-71.804
0.44841,-71.798
0.44846,-71.792
0.44851,-71.791
0.44856,-71.786
0.44861,-71.786
0.44866,-71.786
0.44871,-71.786
0.44876,-71.786
0.44881,-71.786
0.44886,-71.781
0.44891,-71.78
0.44896,-71.777
0.44901,-71.777
0.44906,-71.779
0.44911,-71.779
0.44916,-71.78
0.44921,-71.783
0.44926,-71.785
0.44931,-71.789
0.44936,-71.791
0.44941,-71.794
0.44946,-71.8
0.44951,-71.809
0.44956,-71.819
0.44961,-71.832
0.44966,-71.842
0.44971,-71.84
0.44976,-71.84
0.44981,-71.842
0.44986,-71.842
0.44991,-71.841
0.44996,-71.84
0.45001,-71.83
0.45006,-71.828
0.45011,-71.828
0.45016,-71.827
0.45021,-71.827
0.45026,-71.814
0.45031,-71.814
0.45036,-71.812
0.45041,-71.804
0.45046,-71.789
0.45051,-71.784
0.45056,-71.778
0.45061,-71.764
0.45066,-71.759
0.4507,-71.749
0.45075,-71.746
0.4508,-71.741
0.45085,-71.73
0.4509,-71.717
0.45095,-71.715
0.451,-71.714
0.45105,-71.719
0.4511,-71.729
0.45115,-71.717
0.4512,-71.702
0.45125,-71.713
0.4513,-71.711
0.45135,-71.708
0.4514,-71.712
0.45145,-71.722
0.4515,-71.728
0.45155,-71.729
0.4516,-71.733
0.45165,-71.737
0.4517,-71.74
0.45175,-71.738
0.4518,-71.723
0.45185,-71.704
0.4519,-71.697
0.45195,-71.677
0.452,-71.656
0.45205,-71.662
0.4521,-71.664
0.45215,-71.668
0.4522,-71.672
0.45225,-71.676
0.4523,-71.688
0.45235,-71.699
0.4524,-71.71
0.45245,-71.717
0.4525,-71.717
0.45255,-71.719
0.4526,-71.724
0.45265,-71.727
0.4527,-71.73
0.45275,-71.735
0.4528,-71.742
0.45285,-71.749
0.4529,-71.759
0.45295,-71.755
0.453,-71.751
0.45305,-71.761
0.4531,-71.775
0.45315,-71.781
0.4532,-71.782
0.45325,-71.787
0.4533,-71.789
0.45335,-71.791
0.4534,-71.789
0.45344,-71.789
0.45349,-71.792
0.45354,-71.794
0.45359,-71.795
0.45364,-71.801
0.45369,-71.808
0.45374,-71.818
0.45379,-71.834
0.45384,-71.842
0.45389,-71.847
0.45394,-71.856
0.45399,-71.861
0.45404,-71.866
0.45409,-71.869
0.45414,-71.872
0.45419,-71.877
0.45424,-71.882
0.45429,-71.897
0.45434,-71.91
0.45439,-71.914
0.45444,-71.916
0.45449,-71.924
0.45454,-71.933
0.45459,-71.943
0.45464,-71.942
0.45469,-71.936
0.45474,-71.946
0.45479,-71.953
0.45484,-71.952
0.45489,-71.949
0.45494,-71.941
0.45499,-71.936
0.45504,-71.936
0.45509,-71.947
0.45514,-71.96
0.45519,-71.97
0.45524,-71.981
0.45529,-71.976
0.45534,-71.973
0.45539,-71.974
0.45544,-71.977
0.45549,-71.979
0.45554,-71.979
0.45559,-71.977
0.45564,-71.977
0.45569,-71.978
0.45574,-71.977
0.45579,-71.977
0.45584,-71.977
0.45589,-71.979
0.45594,-71.981
0.45599,-71.981
0.45604,-71.981
0.45609,-71.984
0.45614,-71.986
0.45618,-71.992
0.45623,-71.997
0.45628,-71.994
0.45633,-71.994
0.45638,-71.995
0.45643,-71.99
0.45648,-71.98
0.45653,-71.979
0.45658,-71.982
0.45663,-71.991
0.45668,-72.003
0.45673,-72.007
0.45678,-72.007
0.45683,-72.007
0.45688,-72.017
0.45693,-72.03
0.45698,-72.031
0.45703,-72.033
0.45708,-72.038
0.45713,-72.038
0.45718,-72.047
0.45723,-72.056
0.45728,-72.065
0.45733,-72.072
0.45738,-72.073
0.45743,-72.082
0.45748,-72.09
0.45753,-72.093
0.45758,-72.097
0.45763,-72.103
0.45768,-72.107
0.45773,-72.11
0.45778,-72.115
0.45783,-72.119
0.45788,-72.124
0.45793,-72.135
0.45798,-72.149
0.45803,-72.155
0.45808,-72.155
0.45813,-72.156
0.45818,-72.158
0.45823,-72.158
0.45828,-72.16
0.45833,-72.169
0.45838,-72.178
0.45843,-72.188
0.45848,-72.19
0.45853,-72.193
0.45858,-72.2
0.45863,-72.202
0.45868,-72.206
0.45873,-72.203
0.45878,-72.206
0.45883,-72.214
0.45888,-72.221
0.45892,-72.226
0.45897,-72.232
0.45902,-72.239
0.45907,-72.248
0.45912,-72.249
0.45917,-72.257
0.45922,-72.26
0.45927,-72.262
0.45932,-72.268
0.45937,-72.274
0.45942,-72.268
0.45947,-72.268
0.45952,-72.262
0.45957,-72.262
0.45962,-72.262
0.45967,-72.274
0.45972,-72.282
0.45977,-72.287
0.45982,-72.289
0.45987,-72.297
0.45992,-72.306
0.45997,-72.313
0.46002,-72.316
0.46007,-72.312
0.46012,-72.306
0.46017,-72.3
0.46022,-72.297
0.46027,-72.295
0.46032,-72.29
0.46037,-72.282
0.46042,-72.284
0.46047,-72.282
0.46052,-72.28
0.46057,-72.274
0.46062,-72.271
0.46067,-72.271
0.46072,-72.268
0.46077,-72.265
0.46082,-72.261
0.46087,-72.261
0.46092,-72.262
0.46097,-72.261
0.46102,-72.258
0.46107,-72.254
0.46112,-72.25
0.46117,-72.25
0.46122,-72.254
0.46127,-72.254
0.46132,-72.25
0.46137,-72.246
0.46142,-72.246
0.46147,-72.237
0.46152,-72.234
0.46157,-72.232
0.46162,-72.224
0.46166,-72.21
0.46171,-72.194
0.46176,-72.186
0.46181,-72.178
0.46186,-72.173
0.46191,-72.171
0.46196,-72.171
0.46201,-72.165
0.46206,-72.161
0.46211,-72.157
0.46216,-72.151
0.46221,-72.151
0.46226,-72.155
0.46231,-72.155
0.46236,-72.153
0.46241,-72.152
0.46246,-72.147
0.46251,-72.14
0.46256,-72.133
0.46261,-72.125
0.46266,-72.117
0.46271,-72.11
0.46276,-72.11
0.46281,-72.113
0.46286,-72.113
0.46291,-72.11
0.46296,-72.109
0.46301,-72.103
0.46306,-72.096
0.46311,-72.095
0.46316,-72.087
0.46321,-72.084
0.46326,-72.09
0.46331,-72.094
0.46336,-72.086
0.46341,-72.079
0.46346,-72.071
0.46351,-72.071
0.46356,-72.08
0.46361,-72.065
0.46366,-72.058
0.46371,-72.055
0.46376,-72.065
0.46381,-72.065
0.46386,-72.043
0.46391,-72.033
0.46396,-72.035
0.46401,-72.038
0.46406,-72.047
0.46411,-72.058
0.46416,-72.058
0.46421,-72.066
0.46426,-72.074
0.46431,-72.074
0.46436,-72.081
0.4644,-72.082
0.46445,-72.084
0.4645,-72.088
0.46455,-72.088
0.4646,-72.095
0.46465,-72.095
0.4647,-72.094
0.46475,-72.086
0.4648,-72.084
0.46485,-72.082
0.4649,-72.082
0.46495,-72.078
0.465,-72.076
0.46505,-72.076
0.4651,-72.07
0.46515,-72.066
0.4652,-72.072
0.46525,-72.072
0.4653,-72.068
0.46535,-72.066
0.4654,-72.062
0.46545,-72.062
0.4655,-72.062
0.46555,-72.062
0.4656,-72.06
0.46565,-72.056
0.4657,-72.054
0.46575,-72.056
0.4658,-72.049
0.46585,-72.042
0.4659,-72.042
0.46595,-72.042
0.466,-72.04
0.46605,-72.039
0.4661,-72.039
0.46615,-72.043
0.4662,-72.051
0.46625,-72.055
0.4663,-72.055
0.46635,-72.055
0.4664,-72.056
0.46645,-72.058
0.4665,-72.061
0.46655,-72.061
0.4666,-72.055
0.46665,-72.055
0.4667,-72.055
0.46675,-72.055
0.4668,-72.057
0.46685,-72.055
0.4669,-72.051
0.46695,-72.044
0.467,-72.037
0.46705,-72.036
0.4671,-72.036
0.46714,-72.032
0.46719,-72.036
0.46724,-72.04
0.46729,-72.045
0.46734,-72.049
0.46739,-72.05
0.46744,-72.053
0.46749,-72.064
0.46754,-72.074
0.46759,-72.075
0.46764,-72.075
0.46769,-72.036
0.46774,-71.984
0.46779,-71.984
0.46784,-71.984
0.46789,-71.975
0.46794,-71.978
0.46799,-71.975
0.46804,-71.981
0.46809,-71.991
0.46814,-72.004
0.46819,-72.007
0.46824,-72.01
0.46829,-72.012
0.46834,-72.008
0.46839,-72.017
0.46844,-72.02
0.46849,-72.026
0.46854,-72.033
0.46859,-72.041
0.46864,-72.057
0.46869,-72.073
0.46874,-72.093
0.46879,-72.111
0.46884,-72.12
0.46889,-72.121
0.46894,-72.126
0.46899,-72.133
0.46904,-72.136
0.46909,-72.138
0.46914,-72.143
0.46919,-72.147
0.46924,-72.145
0.46929,-72.142
0.46934,-72.142
0.46939,-72.148
0.46944,-72.155
0.46949,-72.158
0.46954,-72.162
0.46959,-72.168
0.46964,-72.174
0.46969,-72.174
0.46974,-72.174
0.46979,-72.174
0.46984,-72.174
0.46988,-72.174
0.46993,-72.169
0.46998,-72.163
0.47003,-72.16
0.47008,-72.16
0.47013,-72.16
0.47018,-72.16
0.47023,-72.161
0.47028,-72.157
0.47033,-72.16
0.47038,-72.168
0.47043,-72.177
0.47048,-72.182
0.47053,-72.183
0.47058,-72.18
0.47063,-72.179
0.47068,-72.185
0.47073,-72.195
0.47078,-72.199
0.47083,-72.194
0.47088,-72.187
0.47093,-72.175
0.47098,-72.165
0.47103,-72.16
0.47108,-72.155
0.47113,-72.158
0.47118,-72.162
0.47123,-72.163
0.47128,-72.16
0.47133,-72.158
0.47138,-72.16
0.47143,-72.157
0.47148,-72.157
0.47153,-72.15
0.47158,-72.14
0.47163,-72.139
0.47168,-72.134
0.47173,-72.134
0.47178,-72.136
0.47183,-72.13
0.47188,-72.123
0.47193,-72.117
0.47198,-72.117
0.47203,-72.117
0.47208,-72.121
0.47213,-72.123
0.47218,-72.128
0.47223,-72.13
0.47228,-72.13
0.47233,-72.137
0.47238,-72.145
0.47243,-72.148
0.47248,-72.154
0.47253,-72.161
0.47258,-72.162
0.47262,-72.164
0.47267,-72.165
0.47272,-72.167
0.47277,-72.168
0.47282,-72.168
0.47287,-72.171
0.47292,-72.177
0.47297,-72.185
0.47302,-72.193
0.47307,-72.195
0.47312,-72.197
0.47317,-72.204
0.47322,-72.205
0.47327,-72.205
0.47332,-72.205
0.47337,-72.213
0.47342,-72.224
0.47347,-72.23
0.47352,-72.232
0.47357,-72.232
0.47362,-72.235
0.47367,-72.237
0.47372,-72.241
0.47377,-72.245
0.47382,-72.244
0.47387,-72.252
0.47392,-72.261
0.47397,-72.27
0.47402,-72.27
0.47407,-72.27
0.47412,-72.274
0.47417,-72.28
0.47422,-72.285
0.47427,-72.291
0.47432,-72.301
0.47437,-72.307
0.47442,-72.309
0.47447,-72.316
0.47452,-72.319
0.47457,-72.323
0.47462,-72.325
0.47467,-72.328
0.47472,-72.331
0.47477,-72.332
0.47482,-72.333
0.47487,-72.334
0.47492,-72.335
0.47497,-72.335
0.47502,-72.335
0.47507,-72.336
0.47512,-72.343
0.47517,-72.348
0.47522,-72.364
0.47527,-72.381
0.47532,-72.381
0.47536,-72.383
0.47541,-72.383
0.47546,-72.383
0.47551,-72.383
0.47556,-72.39
0.47561,-72.39
0.47566,-72.39
0.47571,-72.39
0.47576,-72.391
0.47581,-72.394
0.47586,-72.394
0.47591,-72.394
0.47596,-72.405
0.47601,-72.409
0.47606,-72.409
0.47611,-72.407
0.47616,-72.406
0.47621,-72.406
0.47626,-72.406
0.47631,-72.407
0.47636,-72.417
0.47641,-72.423
0.47646,-72.423
0.47651,-72.431
0.47656,-72.437
0.47661,-72.44
0.47666,-72.444
0.47671,-72.451
0.47676,-72.457
0.47681,-72.455
0.47686,-72.459
0.47691,-72.461
0.47696,-72.461
0.47701,-72.468
0.47706,-72.468
0.47711,-72.468
0.47716,-72.467
0.47721,-72.465
0.47726,-72.467
0.47731,-72.475
0.47736,-72.484
0.47741,-72.484
0.47746,-72.484
0.47751,-72.482
0.47756,-72.483
0.47761,-72.485
0.47766,-72.49
0.47771,-72.49
0.47776,-72.493
0.47781,-72.504
0.47786,-72.511
0.47791,-72.514
0.47796,-72.514
0.47801,-72.508
0.47806,-72.512
0.4781,-72.516
0.47815,-72.521
0.4782,-72.523
0.47825,-72.523
0.4783,-72.522
0.47835,-72.521
0.4784,-72.522
0.47845,-72.522
0.4785,-72.517
0.47855,-72.515
0.4786,-72.512
0.47865,-72.509
0.4787,-72.505
0.47875,-72.497
0.4788,-72.493
0.47885,-72.493
0.4789,-72.491
0.47895,-72.487
0.479,-72.482
0.47905,-72.478
0.4791,-72.481
0.47915,-72.474
0.4792,-72.469
0.47925,-72.474
0.4793,-72.464
0.47935,-72.461
0.4794,-72.468
0.47945,-72.47
0.4795,-72.473
0.47955,-72.475
0.4796,-72.477
0.47965,-72.481
0.4797,-72.481
0.47975,-72.481
0.4798,-72.481
0.47985,-72.486
0.4799,-72.495
0.47995,-72.502
0.48,-72.515
0.48005,-72.515
0.4801,-72.515
0.48015,-72.515
0.4802,-72.515
0.48025,-72.512
0.4803,-72.521
0.48035,-72.509
0.4804,-72.49
0.48045,-72.475
0.4805,-72.475
0.48055,-72.471
0.4806,-72.466
0.48065,-72.461
0.4807,-72.456
0.48075,-72.448
0.4808,-72.432
0.48084,-72.428
0.48089,-72.427
0.48094,-72.423
0.48099,-72.421
0.48104,-72.425
0.48109,-72.429
0.48114,-72.427
0.48119,-72.425
0.48124,-72.421
0.48129,-72.416
0.48134,-72.413
0.48139,-72.413
0.48144,-72.413
0.48149,-72.41
0.48154,-72.408
0.48159,-72.409
0.48164,-72.409
0.48169,-72.409
0.48174,-72.405
0.48179,-72.405
0.48184,-72.41
0.48189,-72.404
0.48194,-72.402
0.48199,-72.397
0.48204,-72.396
0.48209,-72.396
0.48214,-72.394
0.48219,-72.394
0.48224,-72.394
0.48229,-72.394
0.48234,-72.394
0.48239,-72.394
0.48244,-72.394
0.48249,-72.394
0.48254,-72.394
0.48259,-72.396
0.48264,-72.397
0.48269,-72.396
0.48274,-72.399
0.48279,-72.399
0.48284,-72.399
0.48289,-72.403
0.48294,-72.41
0.48299,-72.409
0.48304,-72.408
0.48309,-72.41
0.48314,-72.412
0.48319,-72.415
0.48324,-72.416
0.48329,-72.432
0.48334,-72.453
0.48339,-72.459
0.48344,-72.467
0.48349,-72.468
0.48354,-72.473
0.48358,-72.477
0.48363,-72.48
0.48368,-72.483
0.48373,-72.484
0.48378,-72.497
0.48383,-72.508
0.48388,-72.509
0.48393,-72.522
0.48398,-72.525
0.48403,-72.531
0.48408,-72.536
0.48413,-72.532
0.48418,-72.535
0.48423,-72.539
0.48428,-72.543
0.48433,-72.544
0.48438,-72.544
0.48443,-72.549
0.48448,-72.564
0.48453,-72.579
0.48458,-72.576
0.48463,-72.573
0.48468,-72.571
0.48473,-72.577
0.48478,-72.567
0.48483,-72.56
0.48488,-72.557
0.48493,-72.554
0.48498,-72.553
0.48503,-72.551
0.48508,-72.549
0.48513,-72.549
0.48518,-72.531
0.48523,-72.529
0.48528,-72.526
0.48533,-72.529
0.48538,-72.529
0.48543,-72.531
0.48548,-72.527
0.48553,-72.527
0.48558,-72.527
0.48563,-72.527
0.48568,-72.531
0.48573,-72.531
0.48578,-72.527
0.48583,-72.511
0.48588,-72.502
0.48593,-72.495
0.48598,-72.486
0.48603,-72.442
0.48608,-72.399
0.48613,-72.394
0.48618,-72.388
0.48623,-72.37
0.48628,-72.357
0.48632,-72.361
0.48637,-72.355
0.48642,-72.345
0.48647,-72.333
0.48652,-72.329
0.48657,-72.329
0.48662,-72.32
0.48667,-72.31
0.48672,-72.303
0.48677,-72.296
0.48682,-72.293
0.48687,-72.284
0.48692,-72.275
0.48697,-72.272
0.48702,-72.269
0.48707,-72.268
0.48712,-72.265
0.48717,-72.268
0.48722,-72.268
0.48727,-72.271
0.48732,-72.271
0.48737,-72.269
0.48742,-72.268
0.48747,-72.266
0.48752,-72.266
0.48757,-72.266
0.48762,-72.265
0.48767,-72.264
0.48772,-72.264
0.48777,-72.271
0.48782,-72.276
0.48787,-72.269
0.48792,-72.267
0.48797,-72.274
0.48802,-72.267
0.48807,-72.261
0.48812,-72.261
0.48817,-72.266
0.48822,-72.271
0.48827,-72.272
0.48832,-72.272
0.48837,-72.273
0.48842,-72.273
0.48847,-72.273
0.48852,-72.274
0.48857,-72.278
0.48862,-72.275
0.48867,-72.275
0.48872,-72.268
0.48877,-72.258
0.48882,-72.255
0.48887,-72.251
0.48892,-72.248
0.48897,-72.246
0.48902,-72.246
0.48906,-72.246
0.48911,-72.249
0.48916,-72.251
0.48921,-72.251
0.48926,-72.251
0.48931,-72.248
0.48936,-72.252
0.48941,-72.264
0.48946,-72.267
0.48951,-72.269
0.48956,-72.271
0.48961,-72.274
0.48966,-72.274
0.48971,-72.274
0.48976,-72.278
0.48981,-72.278
0.48986,-72.278
0.48991,-72.282
0.48996,-72.284
0.49001,-72.285
0.49006,-72.289
0.49011,-72.292
0.49016,-72.291
0.49021,-72.29
0.49026,-72.287
0.49031,-72.282
0.49036,-72.283
0.49041,-72.283
0.49046,-72.283
0.49051,-72.286
0.49056,-72.287
0.49061,-72.288
0.49066,-72.29
0.49071,-72.29
0.49076,-72.29
0.49081,-72.292
0.49086,-72.292
0.49091,-72.289
0.49096,-72.289
0.49101,-72.29
0.49106,-72.288
0.49111,-72.29
0.49116,-72.29
0.49121,-72.29
0.49126,-72.29
0.49131,-72.291
0.49136,-72.294
0.49141,-72.291
0.49146,-72.291
0.49151,-72.291
0.49156,-72.295
0.49161,-72.295
0.49166,-72.295
0.49171,-72.298
0.49176,-72.298
0.4918,-72.294
0.49185,-72.289
0.4919,-72.289
0.49195,-72.291
0.492,-72.29
0.49205,-72.287
0.4921,-72.285
0.49215,-72.276
0.4922,-72.263
0.49225,-72.262
0.4923,-72.263
0.49235,-72.261
0.4924,-72.253
0.49245,-72.248
0.4925,-72.245
0.49255,-72.242
0.4926,-72.237
0.49265,-72.228
0.4927,-72.228
0.49275,-72.228
0.4928,-72.228
0.49285,-72.224
0.4929,-72.219
0.49295,-72.219
0.493,-72.216
0.49305,-72.216
0.4931,-72.214
0.49315,-72.198
0.4932,-72.194
0.49325,-72.198
0.4933,-72.198
0.49335,-72.195
0.4934,-72.195
0.49345,-72.189
0.4935,-72.186
0.49355,-72.186
0.4936,-72.186
0.49365,-72.189
0.4937,-72.189
0.49375,-72.185
0.4938,-72.181
0.49385,-72.19
0.4939,-72.2
0.49395,-72.2
0.494,-72.2
0.49405,-72.2
0.4941,-72.207
0.49415,-72.208
0.4942,-72.208
0.49425,-72.221
0.4943,-72.231
0.49435,-72.241
0.4944,-72.247
0.49445,-72.253
0.4945,-72.254
0.49454,-72.255
0.49459,-72.258
0.49464,-72.255
0.49469,-72.26
0.49474,-72.263
0.49479,-72.268
0.49484,-72.271
0.49489,-72.269
0.49494,-72.271
0.49499,-72.273
0.49504,-72.28
0.49509,-72.288
0.49514,-72.293
0.49519,-72.296
0.49524,-72.3
0.49529,-72.3
0.49534,-72.303
0.49539,-72.306
0.49544,-72.306
0.49549,-72.303
0.49554,-72.297
0.49559,-72.293
0.49564,-72.293
0.49569,-72.292
0.49574,-72.283
0.49579,-72.287
0.49584,-72.29
0.49589,-72.293
0.49594,-72.309
0.49599,-72.325
0.49604,-72.34
0.49609,-72.342
0.49614,-72.342
0.49619,-72.346
0.49624,-72.354
0.49629,-72.361
0.49634,-72.364
0.49639,-72.363
0.49644,-72.356
0.49649,-72.349
0.49654,-72.346
0.49659,-72.346
0.49664,-72.346
0.49669,-72.346
0.49674,-72.346
0.49679,-72.342
0.49684,-72.34
0.49689,-72.34
0.49694,-72.335
0.49699,-72.331
0.49704,-72.33
0.49709,-72.33
0.49714,-72.33
0.49719,-72.33
0.49724,-72.319
0.49728,-72.303
0.49733,-72.295
0.49738,-72.285
0.49743,-72.28
0.49748,-72.265
0.49753,-72.252
0.49758,-72.242
0.49763,-72.227
0.49768,-72.226
0.49773,-72.216
0.49778,-72.22
0.49783,-72.223
0.49788,-72.224
0.49793,-72.219
0.49798,-72.219
0.49803,-72.221
0.49808,-72.217
0.49813,-72.217
0.49818,-72.217
0.49823,-72.217
0.49828,-72.217
0.49833,-72.221
0.49838,-72.217
0.49843,-72.215
0.49848,-72.213
0.49853,-72.212
0.49858,-72.212
0.49863,-72.212
0.49868,-72.214
0.49873,-72.207
0.49878,-72.204
0.49883,-72.204
0.49888,-72.204
0.49893,-72.204
0.49898,-72.204
0.49903,-72.21
0.49908,-72.211
0.49913,-72.206
0.49918,-72.2
0.49923,-72.199
0.49928,-72.194
0.49933,-72.183
0.49938,-72.179
0.49943,-72.168
0.49948,-72.161
0.49953,-72.163
0.49958,-72.171
0.49963,-72.172
0.49968,-72.171
0.49973,-72.165
0.49978,-72.165
0.49983,-72.168
0.49988,-72.171
0.49993,-72.162
0.49998,-72.155
0.50002,-72.158
0.50007,-72.158
0.50012,-72.155
0.50017,-72.148
0.50022,-72.141
0.50027,-72.138
0.50032,-72.138
0.50037,-72.135
0.50042,-72.129
0.50047,-72.127
0.50052,-72.123
0.50057,-72.119
0.50062,-72.113
0.50067,-72.108
0.50072,-72.103
0.50077,-72.103
0.50082,-72.103
0.50087,-72.097
0.50092,-72.089
0.50097,-72.084
0.50102,-72.078
0.50107,-72.071
0.50112,-72.068
0.50117,-72.064
0.50122,-72.06
0.50127,-72.057
0.50132,-72.053
0.50137,-72.051
0.50142,-72.033
0.50147,-72.024
0.50152,-72.01
0.50157,-71.998
0.50162,-71.998
0.50167,-71.991
0.50172,-71.988
0.50177,-71.988
0.50182,-71.981
0.50187,-71.978
0.50192,-71.975
0.50197,-71.975
0.50202,-71.975
0.50207,-71.968
0.50212,-71.964
0.50217,-71.959
0.50222,-71.956
0.50227,-71.956
0.50232,-71.955
0.50237,-71.953
0.50242,-71.952
0.50247,-71.952
0.50252,-71.949
0.50257,-71.946
0.50262,-71.952
0.50267,-71.946
0.50272,-71.946
0.50276,-71.949
0.50281,-71.944
0.50286,-71.937
0.50291,-71.939
0.50296,-71.938
0.50301,-71.939
0.50306,-71.93
0.50311,-71.927
0.50316,-71.927
0.50321,-71.929
0.50326,-71.93
0.50331,-71.93
0.50336,-71.932
0.50341,-71.94
0.50346,-71.939
0.50351,-71.939
0.50356,-71.952
0.50361,-71.953
0.50366,-71.96
0.50371,-71.963
0.50376,-71.965
0.50381,-71.966
0.50386,-71.965
0.50391,-71.966
0.50396,-71.967
0.50401,-71.968
0.50406,-71.968
0.50411,-71.968
0.50416,-71.968
0.50421,-71.968
0.50426,-71.968
0.50431,-71.961
0.50436,-71.973
0.50441,-71.982
0.50446,-71.99
0.50451,-71.998
0.50456,-72.002
0.50461,-72
0.50466,-72.002
0.50471,-72.013
0.50476,-72.026
0.50481,-72.029
0.50486,-72.029
0.50491,-72.03
0.50496,-72.036
0.50501,-72.031
0.50506,-72.026
0.50511,-72.027
0.50516,-72.041
0.50521,-72.039
0.50526,-72.039
0.50531,-72.05
0.50536,-72.052
0.50541,-72.055
0.50546,-72.056
0.5055,-72.06
0.50555,-72.071
0.5056,-72.077
0.50565,-72.084
0.5057,-72.084
0.50575,-72.086
0.5058,-72.091
0.50585,-72.094
0.5059,-72.094
0.50595,-72.094
0.506,-72.094
0.50605,-72.095
0.5061,-72.097
0.50615,-72.095
0.5062,-72.09
0.50625,-72.087
0.5063,-72.081
0.50635,-72.077
0.5064,-72.079
0.50645,-72.08
0.5065,-72.08
0.50655,-72.076
0.5066,-72.074
0.50665,-72.074
0.5067,-72.073
0.50675,-72.07
0.5068,-72.07
0.50685,-72.068
0.5069,-72.073
0.50695,-72.074
0.507,-72.073
0.50705,-72.07
0.5071,-72.061
0.50715,-72.053
0.5072,-72.046
0.50725,-72.036
0.5073,-72.033
0.50735,-72.033
0.5074,-72.029
0.50745,-72.027
0.5075,-72.027
0.50755,-72.027
0.5076,-72.027
0.50765,-72.017
0.5077,-72.011
0.50775,-72.009
0.5078,-71.997
0.50785,-71.991
0.5079,-71.988
0.50795,-71.985
0.508,-71.986
0.50805,-71.982
0.5081,-71.971
0.50815,-71.957
0.5082,-71.949
0.50824,-71.942
0.50829,-71.939
0.50834,-71.897
0.50839,-71.843
0.50844,-71.828
0.50849,-71.821
0.50854,-71.819
0.50859,-71.814
0.50864,-71.814
0.50869,-71.81
0.50874,-71.812
0.50879,-71.818
0.50884,-71.823
0.50889,-71.82
0.50894,-71.813
0.50899,-71.807
0.50904,-71.804
0.50909,-71.804
0.50914,-71.804
0.50919,-71.801
0.50924,-71.796
0.50929,-71.791
0.50934,-71.785
0.50939,-71.777
0.50944,-71.774
0.50949,-71.774
0.50954,-71.775
0.50959,-71.772
0.50964,-71.77
0.50969,-71.762
0.50974,-71.77
0.50979,-71.762
0.50984,-71.755
0.50989,-71.752
0.50994,-71.751
0.50999,-71.748
0.51004,-71.746
0.51009,-71.746
0.51014,-71.74
0.51019,-71.738
0.51024,-71.741
0.51029,-71.741
0.51034,-71.746
0.51039,-71.749
0.51044,-71.749
0.51049,-71.747
0.51054,-71.753
0.51059,-71.753
0.51064,-71.759
0.51069,-71.762
0.51074,-71.767
0.51079,-71.77
0.51084,-71.771
0.51089,-71.771
0.51094,-71.773
0.51098,-71.775
0.51103,-71.778
0.51108,-71.772
0.51113,-71.774
0.51118,-71.778
0.51123,-71.782
0.51128,-71.772
0.51133,-71.768
0.51138,-71.77
0.51143,-71.774
0.51148,-71.775
0.51153,-71.771
0.51158,-71.782
0.51163,-71.8
0.51168,-71.797
0.51173,-71.797
0.51178,-71.803
0.51183,-71.804
0.51188,-71.808
0.51193,-71.817
0.51198,-71.827
0.51203,-71.833
0.51208,-71.835
0.51213,-71.84
0.51218,-71.844
0.51223,-71.846
0.51228,-71.85
0.51233,-71.856
0.51238,-71.862
0.51243,-71.868
0.51248,-71.877
0.51253,-71.892
0.51258,-71.901
0.51263,-71.904
0.51268,-71.91
0.51273,-71.925
0.51278,-71.93
0.51283,-71.931
0.51288,-71.928
0.51293,-71.92
0.51298,-71.92
0.51303,-71.917
0.51308,-71.914
0.51313,-71.909
0.51318,-71.909
0.51323,-71.914
0.51328,-71.917
0.51333,-71.923
0.51338,-71.923
0.51343,-71.923
0.51348,-71.925
0.51353,-71.93
0.51358,-71.933
0.51363,-71.93
0.51368,-71.93
0.51372,-71.93
0.51377,-71.933
0.51382,-71.936
0.51387,-71.94
0.51392,-71.946
0.51397,-71.941
0.51402,-71.93
0.51407,-71.919
0.51412,-71.909
0.51417,-71.875
0.51422,-71.836
0.51427,-71.829
0.51432,-71.822
0.51437,-71.817
0.51442,-71.805
0.51447,-71.794
0.51452,-71.788
0.51457,-71.788
0.51462,-71.788
0.51467,-71.785
0.51472,-71.784
0.51477,-71.779
0.51482,-71.775
0.51487,-71.775
0.51492,-71.775
0.51497,-71.773
0.51502,-71.771
0.51507,-71.769
0.51512,-71.767
0.51517,-71.768
0.51522,-71.769
0.51527,-71.771
0.51532,-71.769
0.51537,-71.764
0.51542,-71.764
0.51547,-71.759
0.51552,-71.749
0.51557,-71.746
0.51562,-71.743
0.51567,-71.732
0.51572,-71.724
0.51577,-71.72
0.51582,-71.708
0.51587,-71.695
0.51592,-71.693
0.51597,-71.686
0.51602,-71.685
0.51607,-71.68
0.51612,-71.678
0.51617,-71.675
0.51622,-71.669
0.51627,-71.661
0.51632,-71.65
0.51637,-71.649
0.51642,-71.649
0.51646,-71.648
0.51651,-71.65
0.51656,-71.651
0.51661,-71.653
0.51666,-71.656
0.51671,-71.653
0.51676,-71.653
0.51681,-71.647
0.51686,-71.643
0.51691,-71.644
0.51696,-71.644
0.51701,-71.642
0.51706,-71.64
0.51711,-71.643
0.51716,-71.649
0.51721,-71.657
0.51726,-71.661
0.51731,-71.672
0.51736,-71.681
0.51741,-71.681
0.51746,-71.676
0.51751,-71.673
0.51756,-71.676
0.51761,-71.683
0.51766,-71.685
0.51771,-71.682
0.51776,-71.685
0.51781,-71.69
0.51786,-71.697
0.51791,-71.707
0.51796,-71.708
0.51801,-71.711
0.51806,-71.711
0.51811,-71.716
0.51816,-71.72
0.51821,-71.717
0.51826,-71.716
0.51831,-71.72
0.51836,-71.721
0.51841,-71.724
0.51846,-71.727
0.51851,-71.724
0.51856,-71.722
0.51861,-71.724
0.51866,-71.728
0.51871,-71.728
0.51876,-71.724
0.51881,-71.724
0.51886,-71.728
0.51891,-71.734
0.51896,-71.74
0.51901,-71.741
0.51906,-71.738
0.51911,-71.738
0.51916,-71.741
0.5192,-71.741
0.51925,-71.738
0.5193,-71.735
0.51935,-71.73
0.5194,-71.72
0.51945,-71.73
0.5195,-71.737
0.51955,-71.738
0.5196,-71.74
0.51965,-71.742
0.5197,-71.746
0.51975,-71.747
0.5198,-71.745
0.51985,-71.743
0.5199,-71.743
0.51995,-71.74
0.52,-71.74
0.52005,-71.736
0.5201,-71.73
0.52015,-71.724
0.5202,-71.723
0.52025,-71.72
0.5203,-71.712
0.52035,-71.705
0.5204,-71.698
0.52045,-71.688
0.5205,-71.691
0.52055,-71.693
0.5206,-71.695
0.52065,-71.695
0.5207,-71.7
0.52075,-71.703
0.5208,-71.702
0.52085,-71.704
0.5209,-71.703
0.52095,-71.703
0.521,-71.705
0.52105,-71.705
0.5211,-71.707
0.52115,-71.707
0.5212,-71.707
0.52125,-71.706
0.5213,-71.705
0.52135,-71.702
0.5214,-71.696
0.52145,-71.688
0.5215,-71.684
0.52155,-71.682
0.5216,-71.677
0.52165,-71.666
0.5217,-71.653
0.52175,-71.657
0.5218,-71.662
0.52185,-71.667
0.5219,-71.671
0.52194,-71.67
0.52199,-71.67
0.52204,-71.674
0.52209,-71.68
0.52214,-71.686
0.52219,-71.683
0.52224,-71.678
0.52229,-71.679
0.52234,-71.682
0.52239,-71.685
0.52244,-71.685
0.52249,-71.685
0.52254,-71.694
0.52259,-71.699
0.52264,-71.7
0.52269,-71.7
0.52274,-71.701
0.52279,-71.703
0.52284,-71.704
0.52289,-71.708
0.52294,-71.714
0.52299,-71.733
0.52304,-71.753
0.52309,-71.757
0.52314,-71.761
0.52319,-71.762
0.52324,-71.762
0.52329,-71.764
0.52334,-71.768
0.52339,-71.772
0.52344,-71.778
0.52349,-71.785
0.52354,-71.783
0.52359,-71.788
0.52364,-71.796
0.52369,-71.798
0.52374,-71.799
0.52379,-71.795
0.52384,-71.797
0.52389,-71.804
0.52394,-71.812
0.52399,-71.825
0.52404,-71.84
0.52409,-71.84
0.52414,-71.84
0.52419,-71.843
0.52424,-71.836
0.52429,-71.836
0.52434,-71.84
0.52439,-71.855
0.52444,-71.857
0.52449,-71.857
0.52454,-71.858
0.52459,-71.857
0.52464,-71.859
0.52468,-71.863
0.52473,-71.868
0.52478,-71.869
0.52483,-71.869
0.52488,-71.872
0.52493,-71.878
0.52498,-71.885
0.52503,-71.885
0.52508,-71.886
0.52513,-71.88
0.52518,-71.878
0.52523,-71.881
0.52528,-71.885
0.52533,-71.887
0.52538,-71.887
0.52543,-71.888
0.52548,-71.889
0.52553,-71.895
0.52558,-71.902
0.52563,-71.92
0.52568,-71.925
0.52573,-71.937
0.52578,-71.95
0.52583,-71.96
0.52588,-71.971
0.52593,-71.981
0.52598,-71.983
0.52603,-71.994
0.52608,-72.003
0.52613,-72.008
0.52618,-72.017
0.52623,-72.024
0.52628,-72.029
0.52633,-72.031
0.52638,-72.034
0.52643,-72.045
0.52648,-72.056
0.52653,-72.063
0.52658,-72.072
0.52663,-72.077
0.52668,-72.078
0.52673,-72.087
0.52678,-72.097
0.52683,-72.103
0.52688,-72.112
0.52693,-72.121
0.52698,-72.123
0.52703,-72.126
0.52708,-72.132
0.52713,-72.145
0.52718,-72.152
0.52723,-72.158
0.52728,-72.163
0.52733,-72.163
0.52738,-72.166
0.52742,-72.166
0.52747,-72.171
0.52752,-72.177
0.52757,-72.185
0.52762,-72.187
0.52767,-72.187
0.52772,-72.181
0.52777,-72.181
0.52782,-72.187
0.52787,-72.187
0.52792,-72.194
0.52797,-72.195
0.52802,-72.197
0.52807,-72.198
0.52812,-72.198
0.52817,-72.201
0.52822,-72.203
0.52827,-72.203
0.52832,-72.201
0.52837,-72.201
0.52842,-72.204
0.52847,-72.208
0.52852,-72.209
0.52857,-72.21
0.52862,-72.212
0.52867,-72.212
0.52872,-72.215
0.52877,-72.221
0.52882,-72.217
0.52887,-72.213
0.52892,-72.213
0.52897,-72.213
0.52902,-72.21
0.52907,-72.204
0.52912,-72.197
0.52917,-72.197
0.52922,-72.197
0.52927,-72.197
0.52932,-72.195
0.52937,-72.194
0.52942,-72.193
0.52947,-72.197
0.52952,-72.196
0.52957,-72.189
0.52962,-72.187
0.52967,-72.185
0.52972,-72.178
0.52977,-72.177
0.52982,-72.177
0.52987,-72.174
0.52992,-72.177
0.52997,-72.181
0.53002,-72.181
0.53007,-72.177
0.53012,-72.174
0.53016,-72.174
0.53021,-72.181
0.53026,-72.185
0.53031,-72.185
0.53036,-72.181
0.53041,-72.179
0.53046,-72.179
0.53051,-72.179
0.53056,-72.171
0.53061,-72.172
0.53066,-72.174
0.53071,-72.174
0.53076,-72.176
0.53081,-72.171
0.53086,-72.168
0.53091,-72.161
0.53096,-72.152
0.53101,-72.136
0.53106,-72.129
0.53111,-72.116
0.53116,-72.113
0.53121,-72.113
0.53126,-72.111
0.53131,-72.109
0.53136,-72.1
0.53141,-72.094
0.53146,-72.092
0.53151,-72.094
0.53156,-72.094
0.53161,-72.092
0.53166,-72.09
0.53171,-72.089
0.53176,-72.089
0.53181,-72.084
0.53186,-72.081
0.53191,-72.081
0.53196,-72.081
0.53201,-72.071
0.53206,-72.054
0.53211,-72.043
0.53216,-72.039
0.53221,-72.035
0.53226,-72.031
0.53231,-72.03
0.53236,-71.994
0.53241,-71.963
0.53246,-71.966
0.53251,-71.966
0.53256,-71.966
0.53261,-71.963
0.53266,-71.963
0.53271,-71.963
0.53276,-71.965
0.53281,-71.965
0.53286,-71.965
0.5329,-71.966
0.53295,-71.968
0.533,-71.965
0.53305,-71.963
0.5331,-71.962
0.53315,-71.96
0.5332,-71.96
0.53325,-71.96
0.5333,-71.957
0.53335,-71.957
0.5334,-71.959
0.53345,-71.961
0.5335,-71.961
0.53355,-71.96
0.5336,-71.958
0.53365,-71.952
0.5337,-71.946
0.53375,-71.941
0.5338,-71.939
0.53385,-71.939
0.5339,-71.938
0.53395,-71.931
0.534,-71.92
0.53405,-71.909
0.5341,-71.903
0.53415,-71.884
0.5342,-71.861
0.53425,-71.844
0.5343,-71.831
0.53435,-71.827
0.5344,-71.818
0.53445,-71.801
0.5345,-71.785
0.53455,-71.78
0.5346,-71.772
0.53465,-71.762
0.5347,-71.746
0.53475,-71.73
0.5348,-71.73
0.53485,-71.728
0.5349,-71.704
0.53495,-71.687
0.535,-71.679
0.53505,-71.669
0.5351,-71.666
0.53515,-71.664
0.5352,-71.653
0.53525,-71.65
0.5353,-71.645
0.53535,-71.64
0.5354,-71.63
0.53545,-71.63
0.5355,-71.63
0.53555,-71.63
0.5356,-71.63
0.53564,-71.63
0.53569,-71.63
0.53574,-71.627
0.53579,-71.624
0.53584,-71.624
0.53589,-71.622
0.53594,-71.619
0.53599,-71.609
0.53604,-71.607
0.53609,-71.604
0.53614,-71.602
0.53619,-71.602
0.53624,-71.602
0.53629,-71.602
0.53634,-71.607
0.53639,-71.614
0.53644,-71.614
0.53649,-71.612
0.53654,-71.609
0.53659,-71.608
0.53664,-71.611
0.53669,-71.615
0.53674,-71.614
0.53679,-71.609
0.53684,-71.607
0.53689,-71.61
0.53694,-71.607
0.53699,-71.609
0.53704,-71.609
0.53709,-71.616
0.53714,-71.618
0.53719,-71.62
0.53724,-71.621
0.53729,-71.621
0.53734,-71.62
0.53739,-71.624
0.53744,-71.63
0.53749,-71.637
0.53754,-71.637
0.53759,-71.635
0.53764,-71.635
0.53769,-71.64
0.53774,-71.643
0.53779,-71.65
0.53784,-71.652
0.53789,-71.653
0.53794,-71.654
0.53799,-71.656
0.53804,-71.656
0.53809,-71.653
0.53814,-71.65
0.53819,-71.652
0.53824,-71.653
0.53829,-71.656
0.53834,-71.656
0.53838,-71.658
0.53843,-71.662
0.53848,-71.658
0.53853,-71.665
0.53858,-71.669
0.53863,-71.671
0.53868,-71.673
0.53873,-71.678
0.53878,-71.682
0.53883,-71.682
0.53888,-71.678
0.53893,-71.675
0.53898,-71.674
0.53903,-71.672
0.53908,-71.672
0.53913,-71.682
0.53918,-71.691
0.53923,-71.691
0.53928,-71.694
0.53933,-71.7
0.53938,-71.701
0.53943,-71.705
0.53948,-71.719
0.53953,-71.726
0.53958,-71.73
0.53963,-71.74
0.53968,-71.745
0.53973,-71.756
0.53978,-71.771
0.53983,-71.782
0.53988,-71.785
0.53993,-71.785
0.53998,-71.789
0.54003,-71.792
0.54008,-71.794
0.54013,-71.796
0.54018,-71.792
0.54023,-71.793
0.54028,-71.796
0.54033,-71.8
0.54038,-71.805
0.54043,-71.805
0.54048,-71.805
0.54053,-71.815
0.54058,-71.826
0.54063,-71.829
0.54068,-71.829
0.54073,-71.83
0.54078,-71.831
0.54083,-71.84
0.54088,-71.841
0.54093,-71.836
0.54098,-71.846
0.54103,-71.854
0.54108,-71.857
0.54112,-71.868
0.54117,-71.869
0.54122,-71.868
0.54127,-71.865
0.54132,-71.873
0.54137,-71.881
0.54142,-71.897
0.54147,-71.904
0.54152,-71.914
0.54157,-71.919
0.54162,-71.926
0.54167,-71.933
0.54172,-71.936
0.54177,-71.939
0.54182,-71.943
0.54187,-71.947
0.54192,-71.954
0.54197,-71.959
0.54202,-71.959
0.54207,-71.959
0.54212,-71.965
0.54217,-71.968
0.54222,-71.971
0.54227,-71.972
0.54232,-71.972
0.54237,-71.973
0.54242,-71.969
0.54247,-71.981
0.54252,-71.988
0.54257,-71.995
0.54262,-72
0.54267,-72.008
0.54272,-72.02
0.54277,-72.02
0.54282,-72.03
0.54287,-72.033
0.54292,-72.034
0.54297,-72.04
0.54302,-72.04
0.54307,-72.04
0.54312,-72.042
0.54317,-72.048
0.54322,-72.051
0.54327,-72.058
0.54332,-72.067
0.54337,-72.071
0.54342,-72.074
0.54347,-72.081
0.54352,-72.086
0.54357,-72.087
0.54362,-72.087
0.54367,-72.087
0.54372,-72.087
0.54377,-72.088
0.54382,-72.088
0.54386,-72.088
0.54391,-72.088
0.54396,-72.091
0.54401,-72.087
0.54406,-72.087
0.54411,-72.087
0.54416,-72.084
0.54421,-72.084
0.54426,-72.071
0.54431,-72.062
0.54436,-72.058
0.54441,-72.053
0.54446,-72.036
0.54451,-72.015
0.54456,-72.013
0.54461,-72.011
0.54466,-72.009
0.54471,-72.006
0.54476,-72.007
0.54481,-72.007
0.54486,-72.01
0.54491,-72.015
0.54496,-72.01
0.54501,-72.007
0.54506,-72.005
0.54511,-72.003
0.54516,-71.998
0.54521,-71.995
0.54526,-72.002
0.54531,-72.006
0.54536,-72.01
0.54541,-72.01
0.54546,-72.01
0.54551,-72.01
0.54556,-72.007
0.54561,-72.01
0.54566,-72.017
0.54571,-72.025
0.54576,-72.025
0.54581,-72.023
0.54586,-72.023
0.54591,-72.026
0.54596,-72.041
0.54601,-72.062
0.54606,-72.077
0.54611,-72.086
0.54616,-72.096
0.54621,-72.106
0.54626,-72.107
0.54631,-72.107
0.54636,-72.12
0.54641,-72.132
0.54646,-72.139
0.54651,-72.139
0.54656,-72.14
0.5466,-72.148
0.54665,-72.162
0.5467,-72.177
0.54675,-72.185
0.5468,-72.188
0.54685,-72.191
0.5469,-72.196
0.54695,-72.197
0.547,-72.199
0.54705,-72.2
0.5471,-72.202
0.54715,-72.204
0.5472,-72.207
0.54725,-72.207
0.5473,-72.207
0.54735,-72.213
0.5474,-72.217
0.54745,-72.219
0.5475,-72.219
0.54755,-72.222
0.5476,-72.225
0.54765,-72.226
0.5477,-72.223
0.54775,-72.222
0.5478,-72.219
0.54785,-72.213
0.5479,-72.21
0.54795,-72.21
0.548,-72.21
0.54805,-72.213
0.5481,-72.213
0.54815,-72.216
0.5482,-72.218
0.54825,-72.221
0.5483,-72.224
0.54835,-72.22
0.5484,-72.216
0.54845,-72.214
0.5485,-72.206
0.54855,-72.201
0.5486,-72.201
0.54865,-72.198
0.5487,-72.198
0.54875,-72.202
0.5488,-72.203
0.54885,-72.203
0.5489,-72.205
0.54895,-72.206
0.549,-72.208
0.54905,-72.211
0.5491,-72.211
0.54915,-72.211
0.5492,-72.208
0.54925,-72.206
0.5493,-72.206
0.54934,-72.206
0.54939,-72.205
0.54944,-72.203
0.54949,-72.203
0.54954,-72.203
0.54959,-72.202
0.54964,-72.202
0.54969,-72.203
0.54974,-72.202
0.54979,-72.202
0.54984,-72.202
0.54989,-72.202
0.54994,-72.203
0.54999,-72.205
0.55004,-72.205
0.55009,-72.205
0.55014,-72.205
0.55019,-72.206
0.55024,-72.21
0.55029,-72.213
0.55034,-72.213
0.55039,-72.216
0.55044,-72.22
0.55049,-72.223
0.55054,-72.223
0.55059,-72.222
0.55064,-72.224
0.55069,-72.224
0.55074,-72.222
0.55079,-72.221
0.55084,-72.221
0.55089,-72.222
0.55094,-72.226
0.55099,-72.228
0.55104,-72.231
0.55109,-72.229
0.55114,-72.229
0.55119,-72.228
0.55124,-72.226
0.55129,-72.222
0.55134,-72.219
0.55139,-72.214
0.55144,-72.214
0.55149,-72.216
0.55154,-72.214
0.55159,-72.212
0.55164,-72.207
0.55169,-72.212
0.55174,-72.214
0.55179,-72.214
0.55184,-72.213
0.55189,-72.215
0.55194,-72.221
0.55199,-72.225
0.55204,-72.229
0.55208,-72.229
0.55213,-72.229
0.55218,-72.229
0.55223,-72.235
0.55228,-72.24
0.55233,-72.239
0.55238,-72.234
0.55243,-72.234
0.55248,-72.234
0.55253,-72.242
0.55258,-72.246
0.55263,-72.25
0.55268,-72.258
0.55273,-72.258
0.55278,-72.258
0.55283,-72.258
0.55288,-72.258
0.55293,-72.255
0.55298,-72.258
0.55303,-72.259
0.55308,-72.261
0.55313,-72.253
0.55318,-72.245
0.55323,-72.243
0.55328,-72.243
0.55333,-72.247
0.55338,-72.255
0.55343,-72.247
0.55348,-72.243
0.55353,-72.247
0.55358,-72.26
0.55363,-72.277
0.55368,-72.268
0.55373,-72.268
0.55378,-72.277
0.55383,-72.277
0.55388,-72.279
0.55393,-72.271
0.55398,-72.267
0.55403,-72.277
0.55408,-72.285
0.55413,-72.286
0.55418,-72.286
0.55423,-72.283
0.55428,-72.283
0.55433,-72.283
0.55438,-72.286
0.55443,-72.286
0.55448,-72.282
0.55453,-72.275
0.55458,-72.269
0.55463,-72.264
0.55468,-72.258
0.55473,-72.258
0.55478,-72.256
0.55482,-72.256
0.55487,-72.261
0.55492,-72.262
0.55497,-72.258
0.55502,-72.251
0.55507,-72.251
0.55512,-72.251
0.55517,-72.249
0.55522,-72.239
0.55527,-72.227
0.55532,-72.223
0.55537,-72.227
0.55542,-72.228
0.55547,-72.225
0.55552,-72.222
0.55557,-72.218
0.55562,-72.21
0.55567,-72.21
0.55572,-72.21
0.55577,-72.214
0.55582,-72.21
0.55587,-72.215
0.55592,-72.219
0.55597,-72.221
0.55602,-72.221
0.55607,-72.217
0.55612,-72.216
0.55617,-72.219
0.55622,-72.219
0.55627,-72.219
0.55632,-72.219
0.55637,-72.223
0.55642,-72.226
0.55647,-72.226
0.55652,-72.223
0.55657,-72.219
0.55662,-72.219
0.55667,-72.219
0.55672,-72.221
0.55677,-72.222
0.55682,-72.213
0.55687,-72.202
0.55692,-72.202
0.55697,-72.213
0.55702,-72.224
0.55707,-72.232
0.55712,-72.237
0.55717,-72.245
0.55722,-72.251
0.55727,-72.255
0.55732,-72.259
0.55737,-72.257
0.55742,-72.257
0.55747,-72.26
0.55752,-72.262
0.55756,-72.264
0.55761,-72.27
0.55766,-72.274
0.55771,-72.276
0.55776,-72.277
0.55781,-72.281
0.55786,-72.284
0.55791,-72.285
0.55796,-72.286
0.55801,-72.288
0.55806,-72.292
0.55811,-72.294
0.55816,-72.297
0.55821,-72.298
0.55826,-72.299
0.55831,-72.303
0.55836,-72.308
0.55841,-72.307
0.55846,-72.305
0.55851,-72.305
0.55856,-72.306
0.55861,-72.306
0.55866,-72.304
0.55871,-72.309
0.55876,-72.311
0.55881,-72.307
0.55886,-72.301
0.55891,-72.298
0.55896,-72.293
0.55901,-72.29
0.55906,-72.29
0.55911,-72.286
0.55916,-72.281
0.55921,-72.277
0.55926,-72.274
0.55931,-72.274
0.55936,-72.274
0.55941,-72.27
0.55946,-72.255
0.55951,-72.242
0.55956,-72.233
0.55961,-72.233
0.55966,-72.223
0.55971,-72.212
0.55976,-72.199
0.55981,-72.192
0.55986,-72.19
0.55991,-72.185
0.55996,-72.179
0.56001,-72.172
0.56006,-72.154
0.56011,-72.14
0.56016,-72.134
0.56021,-72.122
0.56026,-72.112
0.5603,-72.103
0.56035,-72.089
0.5604,-72.071
0.56045,-72.055
0.5605,-72.046
0.56055,-72.042
0.5606,-72.039
0.56065,-72.038
0.5607,-72.029
0.56075,-72.02
0.5608,-72.017
0.56085,-72.016
0.5609,-72.013
0.56095,-72.005
0.561,-71.988
0.56105,-71.971
0.5611,-71.962
0.56115,-71.958
0.5612,-71.953
0.56125,-71.946
0.5613,-71.941
0.56135,-71.933
0.5614,-71.93
0.56145,-71.933
0.5615,-71.933
0.56155,-71.933
0.5616,-71.933
0.56165,-71.933
0.5617,-71.935
0.56175,-71.941
0.5618,-71.941
0.56185,-71.939
0.5619,-71.943
0.56195,-71.944
0.562,-71.945
0.56205,-71.943
0.5621,-71.941
0.56215,-71.941
0.5622,-71.943
0.56225,-71.945
0.5623,-71.948
0.56235,-71.945
0.5624,-71.943
0.56245,-71.946
0.5625,-71.951
0.56255,-71.952
0.5626,-71.959
0.56265,-71.959
0.5627,-71.97
0.56275,-71.981
0.5628,-71.992
0.56285,-71.988
0.5629,-71.992
0.56295,-72.003
0.563,-72.014
0.56304,-72.023
0.56309,-72.03
0.56314,-72.023
0.56319,-72.026
0.56324,-72.032
0.56329,-72.045
0.56334,-72.076
0.56339,-72.1
0.56344,-72.104
0.56349,-72.105
0.56354,-72.109
0.56359,-72.111
0.56364,-72.118
0.56369,-72.126
0.56374,-72.129
0.56379,-72.134
0.56384,-72.14
0.56389,-72.142
0.56394,-72.151
0.56399,-72.158
0.56404,-72.161
0.56409,-72.163
0.56414,-72.166
0.56419,-72.17
0.56424,-72.173
0.56429,-72.178
0.56434,-72.185
0.56439,-72.19
0.56444,-72.194
0.56449,-72.202
0.56454,-72.213
0.56459,-72.221
0.56464,-72.226
0.56469,-72.233
0.56474,-72.232
0.56479,-72.232
0.56484,-72.245
0.56489,-72.252
0.56494,-72.258
0.56499,-72.261
0.56504,-72.261
0.56509,-72.264
0.56514,-72.266
0.56519,-72.271
0.56524,-72.266
0.56529,-72.266
0.56534,-72.271
0.56539,-72.274
0.56544,-72.275
0.56549,-72.28
0.56554,-72.29
0.56559,-72.29
0.56564,-72.292
0.56569,-72.294
0.56574,-72.305
0.56578,-72.308
0.56583,-72.3
0.56588,-72.3
0.56593,-72.304
0.56598,-72.304
0.56603,-72.301
0.56608,-72.301
0.56613,-72.301
0.56618,-72.304
0.56623,-72.3
0.56628,-72.296
0.56633,-72.298
0.56638,-72.296
0.56643,-72.293
0.56648,-72.29
0.56653,-72.287
0.56658,-72.285
0.56663,-72.288
0.56668,-72.284
0.56673,-72.268
0.56678,-72.253
0.56683,-72.239
0.56688,-72.229
0.56693,-72.224
0.56698,-72.22
0.56703,-72.218
0.56708,-72.216
0.56713,-72.216
0.56718,-72.216
0.56723,-72.216
0.56728,-72.219
0.56733,-72.216
0.56738,-72.211
0.56743,-72.209
0.56748,-72.202
0.56753,-72.194
0.56758,-72.197
0.56763,-72.203
0.56768,-72.203
0.56773,-72.203
0.56778,-72.203
0.56783,-72.203
0.56788,-72.207
0.56793,-72.216
0.56798,-72.211
0.56803,-72.211
0.56808,-72.211
0.56813,-72.203
0.56818,-72.202
0.56823,-72.199
0.56828,-72.198
0.56833,-72.2
0.56838,-72.2
0.56843,-72.201
0.56848,-72.199
0.56852,-72.197
0.56857,-72.198
0.56862,-72.203
0.56867,-72.206
0.56872,-72.206
0.56877,-72.209
0.56882,-72.211
0.56887,-72.214
0.56892,-72.215
0.56897,-72.212
0.56902,-72.21
0.56907,-72.214
0.56912,-72.217
0.56917,-72.217
0.56922,-72.219
0.56927,-72.222
0.56932,-72.224
0.56937,-72.223
0.56942,-72.228
0.56947,-72.232
0.56952,-72.233
0.56957,-72.233
0.56962,-72.233
0.56967,-72.233
0.56972,-72.233
0.56977,-72.233
0.56982,-72.233
0.56987,-72.235
0.56992,-72.235
0.56997,-72.237
0.57002,-72.236
0.57007,-72.241
0.57012,-72.246
0.57017,-72.248
0.57022,-72.251
0.57027,-72.252
0.57032,-72.255
0.57037,-72.255
0.57042,-72.258
0.57047,-72.264
0.57052,-72.272
0.57057,-72.274
0.57062,-72.274
0.57067,-72.274
0.57072,-72.274
0.57077,-72.28
0.57082,-72.28
0.57087,-72.275
0.57092,-72.268
0.57097,-72.27
0.57102,-72.268
0.57107,-72.268
0.57112,-72.268
0.57117,-72.264
0.57122,-72.262
0.57126,-72.258
0.57131,-72.249
0.57136,-72.248
0.57141,-72.246
0.57146,-72.246
0.57151,-72.246
0.57156,-72.234
0.57161,-72.222
0.57166,-72.213
0.57171,-72.21
0.57176,-72.197
0.57181,-72.181
0.57186,-72.177
0.57191,-72.174
0.57196,-72.169
0.57201,-72.154
0.57206,-72.146
0.57211,-72.121
0.57216,-72.098
0.57221,-72.094
0.57226,-72.092
0.57231,-72.085
0.57236,-72.069
0.57241,-72.059
0.57246,-72.052
0.57251,-72.052
0.57256,-72.049
0.57261,-72.038
0.57266,-72.036
0.57271,-72.035
0.57276,-72.032
0.57281,-72.027
0.57286,-72.025
0.57291,-72.022
0.57296,-72.02
0.57301,-72.019
0.57306,-72.015
0.57311,-72.011
0.57316,-72.01
0.57321,-72.01
0.57326,-72.01
0.57331,-72.01
0.57336,-72.01
0.57341,-72.01
0.57346,-72.01
0.57351,-72.013
0.57356,-72.017
0.57361,-72.018
0.57366,-72.022
0.57371,-72.03
0.57376,-72.033
0.57381,-72.035
0.57386,-72.035
0.57391,-72.032
0.57396,-72.034
0.574,-72.041
0.57405,-72.038
0.5741,-72.031
0.57415,-72.034
0.5742,-72.036
0.57425,-72.043
0.5743,-72.043
0.57435,-72.036
0.5744,-72.033
0.57445,-72.033
0.5745,-72.036
0.57455,-72.049
0.5746,-72.059
0.57465,-72.058
0.5747,-72.057
0.57475,-72.06
0.5748,-72.063
0.57485,-72.073
0.5749,-72.084
0.57495,-72.091
0.575,-72.091
0.57505,-72.094
0.5751,-72.103
0.57515,-72.107
0.5752,-72.117
0.57525,-72.123
0.5753,-72.124
0.57535,-72.126
0.5754,-72.13
0.57545,-72.134
0.5755,-72.138
0.57555,-72.139
0.5756,-72.139
0.57565,-72.139
0.5757,-72.145
0.57575,-72.146
0.5758,-72.153
0.57585,-72.153
0.5759,-72.158
0.57595,-72.165
0.576,-72.161
0.57605,-72.164
0.5761,-72.171
0.57615,-72.171
0.5762,-72.164
0.57625,-72.165
0.5763,-72.172
0.57635,-72.181
0.5764,-72.187
0.57645,-72.19
0.5765,-72.19
0.57655,-72.196
0.5766,-72.206
0.57665,-72.21
0.5767,-72.21
0.57674,-72.215
0.57679,-72.223
0.57684,-72.231
0.57689,-72.235
0.57694,-72.239
0.57699,-72.237
0.57704,-72.234
0.57709,-72.24
0.57714,-72.247
0.57719,-72.251
0.57724,-72.261
0.57729,-72.266
0.57734,-72.267
0.57739,-72.268
0.57744,-72.268
0.57749,-72.269
0.57754,-72.275
0.57759,-72.278
0.57764,-72.287
0.57769,-72.295
0.57774,-72.298
0.57779,-72.298
0.57784,-72.299
0.57789,-72.301
0.57794,-72.305
0.57799,-72.31
0.57804,-72.314
0.57809,-72.321
0.57814,-72.329
0.57819,-72.343
0.57824,-72.356
0.57829,-72.356
0.57834,-72.355
0.57839,-72.354
0.57844,-72.355
0.57849,-72.36
0.57854,-72.362
0.57859,-72.36
0.57864,-72.366
0.57869,-72.378
0.57874,-72.387
0.57879,-72.383
0.57884,-72.374
0.57889,-72.383
0.57894,-72.381
0.57899,-72.373
0.57904,-72.376
0.57909,-72.375
0.57914,-72.374
0.57919,-72.374
0.57924,-72.374
0.57929,-72.374
0.57934,-72.374
0.57939,-72.371
0.57944,-72.371
0.57948,-72.371
0.57953,-72.371
0.57958,-72.367
0.57963,-72.367
0.57968,-72.361
0.57973,-72.357
0.57978,-72.351
0.57983,-72.351
0.57988,-72.344
0.57993,-72.339
0.57998,-72.347
0.58003,-72.345
0.58008,-72.336
0.58013,-72.329
0.58018,-72.318
0.58023,-72.316
0.58028,-72.319
0.58033,-72.319
0.58038,-72.316
0.58043,-72.311
0.58048,-72.307
0.58053,-72.299
0.58058,-72.29
0.58063,-72.279
0.58068,-72.264
0.58073,-72.248
0.58078,-72.241
0.58083,-72.241
0.58088,-72.241
0.58093,-72.239
0.58098,-72.235
0.58103,-72.235
0.58108,-72.235
0.58113,-72.235
0.58118,-72.235
0.58123,-72.232
0.58128,-72.229
0.58133,-72.226
0.58138,-72.222
0.58143,-72.222
0.58148,-72.217
0.58153,-72.211
0.58158,-72.211
0.58163,-72.212
0.58168,-72.213
0.58173,-72.21
0.58178,-72.177
0.58183,-72.17
0.58188,-72.161
0.58193,-72.158
0.58198,-72.152
0.58203,-72.138
0.58208,-72.138
0.58213,-72.138
0.58218,-72.139
0.58222,-72.131
0.58227,-72.131
0.58232,-72.129
0.58237,-72.129
0.58242,-72.129
0.58247,-72.129
0.58252,-72.123
0.58257,-72.123
0.58262,-72.123
0.58267,-72.123
0.58272,-72.123
0.58277,-72.123
0.58282,-72.112
0.58287,-72.108
0.58292,-72.108
0.58297,-72.102
0.58302,-72.101
0.58307,-72.099
0.58312,-72.099
0.58317,-72.103
0.58322,-72.113
0.58327,-72.117
0.58332,-72.121
0.58337,-72.126
0.58342,-72.128
0.58347,-72.133
0.58352,-72.136
0.58357,-72.138
0.58362,-72.141
0.58367,-72.14
0.58372,-72.14
0.58377,-72.143
0.58382,-72.145
0.58387,-72.146
0.58392,-72.144
0.58397,-72.148
0.58402,-72.158
0.58407,-72.168
0.58412,-72.173
0.58417,-72.173
0.58422,-72.177
0.58427,-72.179
0.58432,-72.18
0.58437,-72.18
0.58442,-72.199
0.58447,-72.203
0.58452,-72.205
0.58457,-72.204
0.58462,-72.201
0.58467,-72.2
0.58472,-72.19
0.58477,-72.184
0.58482,-72.171
0.58487,-72.168
0.58492,-72.165
0.58496,-72.161
0.58501,-72.156
0.58506,-72.156
0.58511,-72.162
0.58516,-72.156
0.58521,-72.152
0.58526,-72.154
0.58531,-72.154
0.58536,-72.154
0.58541,-72.152
0.58546,-72.151
0.58551,-72.149
0.58556,-72.139
0.58561,-72.131
0.58566,-72.131
0.58571,-72.131
0.58576,-72.13
0.58581,-72.129
0.58586,-72.124
0.58591,-72.116
0.58596,-72.11
0.58601,-72.107
0.58606,-72.1
0.58611,-72.094
0.58616,-72.092
0.58621,-72.092
0.58626,-72.087
0.58631,-72.084
0.58636,-72.087
0.58641,-72.091
0.58646,-72.091
0.58651,-72.065
0.58656,-72.042
0.58661,-72.042
0.58666,-72.035
0.58671,-72.02
0.58676,-72.005
0.58681,-72
0.58686,-71.994
0.58691,-71.981
0.58696,-71.971
0.58701,-71.962
0.58706,-71.939
0.58711,-71.92
0.58716,-71.891
0.58721,-71.892
0.58726,-71.894
0.58731,-71.894
0.58736,-71.894
0.58741,-71.894
0.58746,-71.894
0.58751,-71.894
0.58756,-71.894
0.58761,-71.868
0.58766,-71.867
0.5877,-71.863
0.58775,-71.834
0.5878,-71.807
0.58785,-71.806
0.5879,-71.806
0.58795,-71.806
0.588,-71.803
0.58805,-71.799
0.5881,-71.799
0.58815,-71.803
0.5882,-71.806
0.58825,-71.807
0.5883,-71.807
0.58835,-71.803
0.5884,-71.799
0.58845,-71.799
0.5885,-71.807
0.58855,-71.821
0.5886,-71.822
0.58865,-71.83
0.5887,-71.837
0.58875,-71.84
0.5888,-71.84
0.58885,-71.845
0.5889,-71.84
0.58895,-71.841
0.589,-71.855
0.58905,-71.866
0.5891,-71.871
0.58915,-71.875
0.5892,-71.882
0.58925,-71.888
0.5893,-71.891
0.58935,-71.894
0.5894,-71.893
0.58945,-71.904
0.5895,-71.905
0.58955,-71.91
0.5896,-71.917
0.58965,-71.92
0.5897,-71.913
0.58975,-71.91
0.5898,-71.91
0.58985,-71.91
0.5899,-71.905
0.58995,-71.898
0.59,-71.898
0.59005,-71.891
0.5901,-71.891
0.59015,-71.891
0.5902,-71.891
0.59025,-71.897
0.5903,-71.899
0.59035,-71.901
0.5904,-71.903
0.59044,-71.905
0.59049,-71.908
0.59054,-71.913
0.59059,-71.92
0.59064,-71.916
0.59069,-71.912
0.59074,-71.913
0.59079,-71.914
0.59084,-71.917
0.59089,-71.917
0.59094,-71.915
0.59099,-71.922
0.59104,-71.92
0.59109,-71.912
0.59114,-71.908
0.59119,-71.898
0.59124,-71.89
0.59129,-71.883
0.59134,-71.877
0.59139,-71.868
0.59144,-71.864
0.59149,-71.862
0.59154,-71.859
0.59159,-71.856
0.59164,-71.854
0.59169,-71.849
0.59174,-71.84
0.59179,-71.83
0.59184,-71.821
0.59189,-71.822
0.59194,-71.816
0.59199,-71.807
0.59204,-71.803
0.59209,-71.8
0.59214,-71.798
0.59219,-71.792
0.59224,-71.782
0.59229,-71.77
0.59234,-71.772
0.59239,-71.782
0.59244,-71.783
0.59249,-71.784
0.59254,-71.786
0.59259,-71.794
0.59264,-71.807
0.59269,-71.817
0.59274,-71.832
0.59279,-71.844
0.59284,-71.85
0.59289,-71.859
0.59294,-71.868
0.59299,-71.868
0.59304,-71.868
0.59309,-71.875
0.59314,-71.878
0.59318,-71.873
0.59323,-71.872
0.59328,-71.865
0.59333,-71.86
0.59338,-71.862
0.59343,-71.866
0.59348,-71.864
0.59353,-71.866
0.59358,-71.867
0.59363,-71.874
0.59368,-71.879
0.59373,-71.879
0.59378,-71.885
0.59383,-71.892
0.59388,-71.898
0.59393,-71.917
0.59398,-71.926
0.59403,-71.928
0.59408,-71.931
0.59413,-71.933
0.59418,-71.933
0.59423,-71.938
0.59428,-71.944
0.59433,-71.946
0.59438,-71.948
0.59443,-71.947
0.59448,-71.943
0.59453,-71.947
0.59458,-71.954
0.59463,-71.954
0.59468,-71.959
0.59473,-71.968
0.59478,-71.981
0.59483,-71.981
0.59488,-71.984
0.59493,-71.988
0.59498,-71.992
0.59503,-71.996
0.59508,-71.994
0.59513,-71.994
0.59518,-72.002
0.59523,-72.004
0.59528,-72.005
0.59533,-72.005
0.59538,-72.007
0.59543,-72.007
0.59548,-72.007
0.59553,-72.01
0.59558,-72.015
0.59563,-72.016
0.59568,-72.016
0.59573,-72.01
0.59578,-72.016
0.59583,-72.021
0.59588,-72.023
0.59592,-72.023
0.59597,-72.03
0.59602,-72.042
0.59607,-72.052
0.59612,-72.059
0.59617,-72.065
0.59622,-72.07
0.59627,-72.07
0.59632,-72.07
0.59637,-72.07
0.59642,-72.07
0.59647,-72.065
0.59652,-72.054
0.59657,-72.054
0.59662,-72.065
0.59667,-72.07
0.59672,-72.07
0.59677,-72.07
0.59682,-72.07
0.59687,-72.07
0.59692,-72.071
0.59697,-72.074
0.59702,-72.074
0.59707,-72.069
0.59712,-72.069
0.59717,-72.077
0.59722,-72.086
0.59727,-72.093
0.59732,-72.103
0.59737,-72.106
0.59742,-72.094
0.59747,-72.085
0.59752,-72.085
0.59757,-72.094
0.59762,-72.106
0.59767,-72.11
0.59772,-72.117
0.59777,-72.123
0.59782,-72.126
0.59787,-72.128
0.59792,-72.135
0.59797,-72.135
0.59802,-72.135
0.59807,-72.135
0.59812,-72.142
0.59817,-72.151
0.59822,-72.159
0.59827,-72.163
0.59832,-72.161
0.59837,-72.165
0.59842,-72.168
0.59847,-72.175
0.59852,-72.18
0.59857,-72.179
0.59862,-72.177
0.59866,-72.172
0.59871,-72.166
0.59876,-72.175
0.59881,-72.187
0.59886,-72.196
0.59891,-72.204
0.59896,-72.206
0.59901,-72.209
0.59906,-72.2
0.59911,-72.203
0.59916,-72.207
0.59921,-72.21
0.59926,-72.2
0.59931,-72.196
0.59936,-72.194
0.59941,-72.194
0.59946,-72.194
0.59951,-72.196
0.59956,-72.196
0.59961,-72.194
0.59966,-72.194
0.59971,-72.193
0.59976,-72.193
0.59981,-72.194
0.59986,-72.203
0.59991,-72.206
0.59996,-72.212
0.60001,-72.213
0.60006,-72.213
0.60011,-72.214
0.60016,-72.217
0.60021,-72.218
0.60026,-72.218
0.60031,-72.214
0.60036,-72.214
0.60041,-72.216
0.60046,-72.217
0.60051,-72.219
0.60056,-72.221
0.60061,-72.223
0.60066,-72.226
0.60071,-72.226
0.60076,-72.229
0.60081,-72.229
0.60086,-72.229
0.60091,-72.226
0.60096,-72.222
0.60101,-72.219
0.60106,-72.222
0.60111,-72.226
0.60116,-72.233
0.60121,-72.239
0.60126,-72.241
0.60131,-72.246
0.60136,-72.249
0.6014,-72.249
0.60145,-72.251
0.6015,-72.251
0.60155,-72.251
0.6016,-72.261
0.60165,-72.271
0.6017,-72.277
0.60175,-72.282
0.6018,-72.283
0.60185,-72.285
0.6019,-72.285
0.60195,-72.284
0.602,-72.286
0.60205,-72.287
0.6021,-72.287
0.60215,-72.29
0.6022,-72.293
0.60225,-72.293
0.6023,-72.291
0.60235,-72.28
0.6024,-72.27
0.60245,-72.267
0.6025,-72.267
0.60255,-72.266
0.6026,-72.266
0.60265,-72.263
0.6027,-72.262
0.60275,-72.26
0.6028,-72.262
0.60285,-72.262
0.6029,-72.26
0.60295,-72.258
0.603,-72.257
0.60305,-72.256
0.6031,-72.255
0.60315,-72.256
0.6032,-72.258
0.60325,-72.261
0.6033,-72.267
0.60335,-72.273
0.6034,-72.275
0.60345,-72.277
0.6035,-72.28
0.60355,-72.281
0.6036,-72.281
0.60365,-72.278
0.6037,-72.275
0.60375,-72.272
0.6038,-72.27
0.60385,-72.27
0.6039,-72.265
0.60395,-72.268
0.604,-72.268
0.60405,-72.271
0.6041,-72.275
0.60414,-72.273
0.60419,-72.256
0.60424,-72.242
0.60429,-72.255
0.60434,-72.249
0.60439,-72.249
0.60444,-72.261
0.60449,-72.256
0.60454,-72.255
0.60459,-72.262
0.60464,-72.262
0.60469,-72.271
0.60474,-72.28
0.60479,-72.288
0.60484,-72.3
0.60489,-72.305
0.60494,-72.311
0.60499,-72.317
0.60504,-72.319
0.60509,-72.321
0.60514,-72.319
0.60519,-72.313
0.60524,-72.316
0.60529,-72.32
0.60534,-72.323
0.60539,-72.334
0.60544,-72.339
0.60549,-72.345
0.60554,-72.355
0.60559,-72.361
0.60564,-72.356
0.60569,-72.356
0.60574,-72.356
0.60579,-72.36
0.60584,-72.36
0.60589,-72.363
0.60594,-72.367
0.60599,-72.364
0.60604,-72.361
0.60609,-72.361
0.60614,-72.361
0.60619,-72.358
0.60624,-72.355
0.60629,-72.351
0.60634,-72.351
0.60639,-72.355
0.60644,-72.359
0.60649,-72.372
0.60654,-72.383
0.60659,-72.377
0.60664,-72.368
0.60669,-72.364
0.60674,-72.357
0.60679,-72.354
0.60684,-72.361
0.60688,-72.361
0.60693,-72.356
0.60698,-72.356
0.60703,-72.352
0.60708,-72.345
0.60713,-72.34
0.60718,-72.337
0.60723,-72.316
0.60728,-72.307
0.60733,-72.303
0.60738,-72.29
0.60743,-72.268
0.60748,-72.255
0.60753,-72.245
0.60758,-72.235
0.60763,-72.226
0.60768,-72.215
0.60773,-72.215
0.60778,-72.215
0.60783,-72.212
0.60788,-72.212
0.60793,-72.209
0.60798,-72.209
0.60803,-72.218
0.60808,-72.217
0.60813,-72.23
0.60818,-72.239
0.60823,-72.231
0.60828,-72.231
0.60833,-72.234
0.60838,-72.234
0.60843,-72.235
0.60848,-72.236
0.60853,-72.239
0.60858,-72.242
0.60863,-72.251
0.60868,-72.261
0.60873,-72.269
0.60878,-72.271
0.60883,-72.274
0.60888,-72.277
0.60893,-72.28
0.60898,-72.282
0.60903,-72.283
0.60908,-72.287
0.60913,-72.287
0.60918,-72.287
0.60923,-72.286
0.60928,-72.284
0.60933,-72.286
0.60938,-72.287
0.60943,-72.296
0.60948,-72.308
0.60953,-72.308
0.60958,-72.313
0.60962,-72.321
0.60967,-72.322
0.60972,-72.322
0.60977,-72.329
0.60982,-72.327
0.60987,-72.326
0.60992,-72.325
0.60997,-72.326
0.61002,-72.326
0.61007,-72.321
0.61012,-72.314
0.61017,-72.305
0.61022,-72.296
0.61027,-72.292
0.61032,-72.29
0.61037,-72.29
0.61042,-72.287
0.61047,-72.284
0.61052,-72.28
0.61057,-72.273
0.61062,-72.265
0.61067,-72.259
0.61072,-72.258
0.61077,-72.251
0.61082,-72.248
0.61087,-72.245
0.61092,-72.237
0.61097,-72.232
0.61102,-72.222
0.61107,-72.216
0.61112,-72.208
0.61117,-72.186
0.61122,-72.166
0.61127,-72.15
0.61132,-72.139
0.61137,-72.126
0.61142,-72.103
0.61147,-72.082
0.61152,-72.058
0.61157,-72.034
0.61162,-72.023
0.61167,-72.02
0.61172,-72.02
0.61177,-72.013
0.61182,-72.009
0.61187,-72.003
0.61192,-71.994
0.61197,-71.991
0.61202,-71.986
0.61207,-71.986
0.61212,-71.979
0.61217,-71.975
0.61222,-71.965
0.61227,-71.956
0.61232,-71.952
0.61236,-71.943
0.61241,-71.931
0.61246,-71.929
0.61251,-71.926
0.61256,-71.927
0.61261,-71.93
0.61266,-71.93
0.61271,-71.933
0.61276,-71.935
0.61281,-71.936
0.61286,-71.936
0.61291,-71.94
0.61296,-71.952
0.61301,-71.961
0.61306,-71.963
0.61311,-71.968
0.61316,-71.965
0.61321,-71.967
0.61326,-71.972
0.61331,-71.977
0.61336,-71.981
0.61341,-71.986
0.61346,-71.988
0.61351,-71.988
0.61356,-71.991
0.61361,-71.994
0.61366,-72.001
0.61371,-72.01
0.61376,-72.015
0.61381,-72.017
0.61386,-72.018
0.61391,-72.018
0.61396,-72.02
0.61401,-72.02
0.61406,-72.021
0.61411,-72.02
0.61416,-72.02
0.61421,-72.019
0.61426,-72.016
0.61431,-72.016
0.61436,-72.014
0.61441,-72.014
0.61446,-72.016
0.61451,-72.016
0.61456,-72.014
0.61461,-72.007
0.61466,-72.007
0.61471,-72.015
0.61476,-72.016
0.61481,-72.013
0.61486,-72.01
0.61491,-72.01
0.61496,-72.009
0.61501,-72.01
0.61506,-72.009
0.6151,-72.007
0.61515,-72.007
0.6152,-71.994
0.61525,-71.981
0.6153,-71.979
0.61535,-71.977
0.6154,-71.971
0.61545,-71.955
0.6155,-71.948
0.61555,-71.951
0.6156,-71.946
0.61565,-71.942
0.6157,-71.935
0.61575,-71.926
0.6158,-71.923
0.61585,-71.923
0.6159,-71.911
0.61595,-71.903
0.616,-71.895
0.61605,-71.892
0.6161,-71.891
0.61615,-71.888
0.6162,-71.888
0.61625,-71.888
0.6163,-71.889
0.61635,-71.884
0.6164,-71.879
0.61645,-71.877
0.6165,-71.876
0.61655,-71.878
0.6166,-71.878
0.61665,-71.874
0.6167,-71.869
0.61675,-71.867
0.6168,-71.864
0.61685,-71.864
0.6169,-71.862
0.61695,-71.858
0.617,-71.855
0.61705,-71.849
0.6171,-71.845
0.61715,-71.845
0.6172,-71.839
0.61725,-71.842
0.6173,-71.845
0.61735,-71.845
0.6174,-71.84
0.61745,-71.837
0.6175,-71.833
0.61755,-71.827
0.6176,-71.815
0.61765,-71.814
0.6177,-71.804
0.61775,-71.793
0.6178,-71.788
0.61784,-71.782
0.61789,-71.779
0.61794,-71.778
0.61799,-71.772
0.61804,-71.769
0.61809,-71.768
0.61814,-71.759
0.61819,-71.752
0.61824,-71.75
0.61829,-71.748
0.61834,-71.74
0.61839,-71.733
0.61844,-71.726
0.61849,-71.732
0.61854,-71.732
0.61859,-71.732
0.61864,-71.732
0.61869,-71.72
0.61874,-71.714
0.61879,-71.711
0.61884,-71.71
0.61889,-71.707
0.61894,-71.713
0.61899,-71.708
0.61904,-71.701
0.61909,-71.701
0.61914,-71.701
0.61919,-71.7
0.61924,-71.701
0.61929,-71.699
0.61934,-71.697
0.61939,-71.698
0.61944,-71.701
0.61949,-71.704
0.61954,-71.706
0.61959,-71.711
0.61964,-71.713
0.61969,-71.715
0.61974,-71.715
0.61979,-71.715
0.61984,-71.714
0.61989,-71.713
0.61994,-71.713
0.61999,-71.717
0.62004,-71.72
0.62009,-71.727
0.62014,-71.727
0.62019,-71.727
0.62024,-71.736
0.62029,-71.737
0.62034,-71.74
0.62039,-71.744
0.62044,-71.748
0.62049,-71.747
0.62054,-71.748
0.62058,-71.746
0.62063,-71.743
0.62068,-71.747
0.62073,-71.749
0.62078,-71.751
0.62083,-71.751
0.62088,-71.75
0.62093,-71.75
0.62098,-71.75
0.62103,-71.749
0.62108,-71.747
0.62113,-71.744
0.62118,-71.744
0.62123,-71.744
0.62128,-71.744
0.62133,-71.744
0.62138,-71.749
0.62143,-71.753
0.62148,-71.748
0.62153,-71.765
0.62158,-71.765
0.62163,-71.771
0.62168,-71.765
0.62173,-71.762
0.62178,-71.762
0.62183,-71.757
0.62188,-71.75
0.62193,-71.743
0.62198,-71.743
0.62203,-71.743
0.62208,-71.743
0.62213,-71.74
0.62218,-71.739
0.62223,-71.738
0.62228,-71.737
0.62233,-71.737
0.62238,-71.734
0.62243,-71.731
0.62248,-71.733
0.62253,-71.731
0.62258,-71.731
0.62263,-71.727
0.62268,-71.725
0.62273,-71.724
0.62278,-71.723
0.62283,-71.72
0.62288,-71.717
0.62293,-71.714
0.62298,-71.708
0.62303,-71.711
0.62308,-71.712
0.62313,-71.715
0.62318,-71.713
0.62323,-71.706
0.62328,-71.706
0.62332,-71.7
0.62337,-71.698
0.62342,-71.695
0.62347,-71.695
0.62352,-71.698
0.62357,-71.699
0.62362,-71.701
0.62367,-71.704
0.62372,-71.704
0.62377,-71.705
0.62382,-71.707
0.62387,-71.707
0.62392,-71.71
0.62397,-71.714
0.62402,-71.714
0.62407,-71.717
0.62412,-71.72
0.62417,-71.727
0.62422,-71.733
0.62427,-71.741
0.62432,-71.746
0.62437,-71.761
0.62442,-71.773
0.62447,-71.779
0.62452,-71.788
0.62457,-71.793
0.62462,-71.794
0.62467,-71.796
0.62472,-71.802
0.62477,-71.808
0.62482,-71.811
0.62487,-71.811
0.62492,-71.812
0.62497,-71.814
0.62502,-71.817
0.62507,-71.826
0.62512,-71.833
0.62517,-71.842
0.62522,-71.849
0.62527,-71.854
0.62532,-71.861
0.62537,-71.868
0.62542,-71.872
0.62547,-71.878
0.62552,-71.88
0.62557,-71.887
0.62562,-71.89
0.62567,-71.894
0.62572,-71.896
0.62577,-71.902
0.62582,-71.905
0.62587,-71.907
0.62592,-71.91
0.62597,-71.914
0.62602,-71.917
0.62606,-71.92
0.62611,-71.925
0.62616,-71.93
0.62621,-71.93
0.62626,-71.936
0.62631,-71.941
0.62636,-71.945
0.62641,-71.952
0.62646,-71.955
0.62651,-71.956
0.62656,-71.954
0.62661,-71.955
0.62666,-71.958
0.62671,-71.958
0.62676,-71.959
0.62681,-71.962
0.62686,-71.962
0.62691,-71.963
0.62696,-71.965
0.62701,-71.972
0.62706,-71.972
0.62711,-71.973
0.62716,-71.975
0.62721,-71.975
0.62726,-71.975
0.62731,-71.981
0.62736,-71.981
0.62741,-71.981
0.62746,-71.981
0.62751,-71.981
0.62756,-71.982
0.62761,-71.986
0.62766,-71.992
0.62771,-71.992
0.62776,-72.001
0.62781,-72.008
0.62786,-72.008
0.62791,-72.008
0.62796,-72.013
0.62801,-72.013
0.62806,-72.016
0.62811,-72.019
0.62816,-72.019
0.62821,-72.021
0.62826,-72.027
0.62831,-72.036
0.62836,-72.045
0.62841,-72.05
0.62846,-72.05
0.62851,-72.052
0.62856,-72.055
0.62861,-72.055
0.62866,-72.058
0.62871,-72.059
0.62876,-72.062
0.6288,-72.062
0.62885,-72.065
0.6289,-72.067
0.62895,-72.071
0.629,-72.068
0.62905,-72.068
0.6291,-72.072
0.62915,-72.072
0.6292,-72.082
0.62925,-72.088
0.6293,-72.088
0.62935,-72.087
0.6294,-72.089
0.62945,-72.096
0.6295,-72.1
0.62955,-72.103
0.6296,-72.106
0.62965,-72.104
0.6297,-72.099
0.62975,-72.094
0.6298,-72.091
0.62985,-72.088
0.6299,-72.087
0.62995,-72.087
0.63,-72.085
0.63005,-72.081
0.6301,-72.081
0.63015,-72.081
0.6302,-72.077
0.63025,-72.075
0.6303,-72.065
0.63035,-72.059
0.6304,-72.061
0.63045,-72.059
0.6305,-72.063
0.63055,-72.065
0.6306,-72.061
0.63065,-72.061
0.6307,-72.062
0.63075,-72.054
0.6308,-72.049
0.63085,-72.042
0.6309,-72.04
0.63095,-72.038
0.631,-72.031
0.63105,-72.027
0.6311,-72.024
0.63115,-72.024
0.6312,-72.024
0.63125,-72.024
0.6313,-72.029
0.63135,-72.033
0.6314,-72.033
0.63145,-72.039
0.6315,-72.038
0.63154,-72.036
0.63159,-72.026
0.63164,-72.026
0.63169,-72.026
0.63174,-72.026
0.63179,-72.025
0.63184,-72.017
0.63189,-72.01
0.63194,-72.007
0.63199,-72.012
0.63204,-72.016
0.63209,-72.014
0.63214,-72.014
0.63219,-72.018
0.63224,-72.017
0.63229,-72.017
0.63234,-72.018
0.63239,-72.02
0.63244,-72.026
0.63249,-72.024
0.63254,-72.026
0.63259,-72.028
0.63264,-72.03
0.63269,-72.031
0.63274,-72.035
0.63279,-72.036
0.63284,-72.032
0.63289,-72.029
0.63294,-72.026
0.63299,-72.023
0.63304,-72.021
0.63309,-72.019
0.63314,-72.019
0.63319,-72.021
0.63324,-72.023
0.63329,-72.029
0.63334,-72.03
0.63339,-72.029
0.63344,-72.034
0.63349,-72.036
0.63354,-72.036
0.63359,-72.036
0.63364,-72.034
0.63369,-72.026
0.63374,-72.026
0.63379,-72.026
0.63384,-72.03
0.63389,-72.03
0.63394,-72.03
0.63399,-72.034
0.63404,-72.037
0.63409,-72.043
0.63414,-72.047
0.63419,-72.047
0.63424,-72.047
0.63428,-72.047
0.63433,-72.05
0.63438,-72.052
0.63443,-72.052
0.63448,-72.045
0.63453,-72.038
0.63458,-72.038
0.63463,-72.033
0.63468,-72.026
0.63473,-72.026
0.63478,-72.022
0.63483,-72.026
0.63488,-72.03
0.63493,-72.028
0.63498,-72.026
0.63503,-72.027
0.63508,-72.023
0.63513,-72.023
0.63518,-72.029
0.63523,-72.029
0.63528,-72.033
0.63533,-72.034
0.63538,-72.039
0.63543,-72.039
0.63548,-72.039
0.63553,-72.04
0.63558,-72.046
0.63563,-72.049
0.63568,-72.049
0.63573,-72.046
0.63578,-72.045
0.63583,-72.043
0.63588,-72.044
0.63593,-72.045
0.63598,-72.047
0.63603,-72.05
0.63608,-72.053
0.63613,-72.054
0.63618,-72.054
0.63623,-72.05
0.63628,-72.043
0.63633,-72.038
0.63638,-72.038
0.63643,-72.039
0.63648,-72.039
0.63653,-72.036
0.63658,-72.035
0.63663,-72.035
0.63668,-72.035
0.63673,-72.035
0.63678,-72.031
0.63683,-72.031
0.63688,-72.029
0.63693,-72.029
0.63698,-72.032
0.63702,-72.033
0.63707,-72.032
0.63712,-72.03
0.63717,-72.03
0.63722,-72.032
0.63727,-72.034
0.63732,-72.036
0.63737,-72.04
0.63742,-72.048
0.63747,-72.057
0.63752,-72.062
0.63757,-72.062
0.63762,-72.057
0.63767,-72.049
0.63772,-72.057
0.63777,-72.058
0.63782,-72.051
0.63787,-72.051
0.63792,-72.058
0.63797,-72.063
0.63802,-72.063
0.63807,-72.058
0.63812,-72.051
0.63817,-72.045
0.63822,-72.044
0.63827,-72.047
0.63832,-72.049
0.63837,-72.048
0.63842,-72.045
0.63847,-72.043
0.63852,-72.044
0.63857,-72.045
0.63862,-72.054
0.63867,-72.052
0.63872,-72.049
0.63877,-72.055
0.63882,-72.051
0.63887,-72.058
0.63892,-72.055
0.63897,-72.055
0.63902,-72.055
0.63907,-72.058
0.63912,-72.061
0.63917,-72.061
0.63922,-72.061
0.63927,-72.056
0.63932,-72.056
0.63937,-72.061
0.63942,-72.061
0.63947,-72.067
0.63952,-72.069
0.63957,-72.076
0.63962,-72.089
0.63967,-72.089
0.63972,-72.086
0.63976,-72.09
0.63981,-72.092
0.63986,-72.095
0.63991,-72.097
0.63996,-72.097
0.64001,-72.103
0.64006,-72.11
0.64011,-72.113
0.64016,-72.114
0.64021,-72.116
0.64026,-72.122
0.64031,-72.129
0.64036,-72.13
0.64041,-72.126
0.64046,-72.12
0.64051,-72.114
0.64056,-72.12
0.64061,-72.123
0.64066,-72.123
0.64071,-72.122
0.64076,-72.12
0.64081,-72.12
0.64086,-72.12
0.64091,-72.12
0.64096,-72.12
0.64101,-72.116
0.64106,-72.116
0.64111,-72.122
0.64116,-72.124
0.64121,-72.124
0.64126,-72.126
0.64131,-72.124
0.64136,-72.123
0.64141,-72.123
0.64146,-72.123
0.64151,-72.123
0.64156,-72.119
0.64161,-72.113
0.64166,-72.113
0.64171,-72.119
0.64176,-72.119
0.64181,-72.119
0.64186,-72.112
0.64191,-72.107
0.64196,-72.102
0.64201,-72.102
0.64206,-72.103
0.64211,-72.097
0.64216,-72.096
0.64221,-72.092
0.64226,-72.094
0.64231,-72.091
0.64236,-72.089
0.64241,-72.087
0.64246,-72.085
0.6425,-72.082
0.64255,-72.074
0.6426,-72.074
0.64265,-72.057
0.6427,-72.04
0.64275,-72.04
0.6428,-72.04
0.64285,-72.049
0.6429,-72.059
0.64295,-72.059
0.643,-72.058
0.64305,-72.058
0.6431,-72.061
0.64315,-72.057
0.6432,-72.06
0.64325,-72.06
0.6433,-72.058
0.64335,-72.054
0.6434,-72.052
0.64345,-72.047
0.6435,-72.047
0.64355,-72.044
0.6436,-72.022
0.64365,-72.008
0.6437,-72.013
0.64375,-72.023
0.6438,-72.033
0.64385,-72.039
0.6439,-72.042
0.64395,-72.042
0.644,-72.044
0.64405,-72.048
0.6441,-72.051
0.64415,-72.053
0.6442,-72.048
0.64425,-72.041
0.6443,-72.041
0.64435,-72.041
0.6444,-72.043
0.64445,-72.045
0.6445,-72.044
0.64455,-72.039
0.6446,-72.045
0.64465,-72.05
0.6447,-72.055
0.64475,-72.052
0.6448,-72.052
0.64485,-72.058
0.6449,-72.058
0.64495,-72.065
0.645,-72.065
0.64505,-72.068
0.6451,-72.072
0.64515,-72.076
0.6452,-72.083
0.64524,-72.074
0.64529,-72.071
0.64534,-72.072
0.64539,-72.072
0.64544,-72.069
0.64549,-72.068
0.64554,-72.065
0.64559,-72.06
0.64564,-72.058
0.64569,-72.057
0.64574,-72.057
0.64579,-72.062
0.64584,-72.056
0.64589,-72.055
0.64594,-72.052
0.64599,-72.052
0.64604,-72.06
0.64609,-72.062
0.64614,-72.065
0.64619,-72.065
0.64624,-72.06
0.64629,-72.062
0.64634,-72.07
0.64639,-72.081
0.64644,-72.084
0.64649,-72.084
0.64654,-72.085
0.64659,-72.084
0.64664,-72.087
0.64669,-72.091
0.64674,-72.091
0.64679,-72.091
0.64684,-72.088
0.64689,-72.084
0.64694,-72.084
0.64699,-72.09
0.64704,-72.094
0.64709,-72.094
0.64714,-72.09
0.64719,-72.089
0.64724,-72.089
0.64729,-72.089
0.64734,-72.087
0.64739,-72.085
0.64744,-72.084
0.64749,-72.08
0.64754,-72.077
0.64759,-72.075
0.64764,-72.07
0.64769,-72.072
0.64774,-72.075
0.64779,-72.075
0.64784,-72.078
0.64789,-72.077
0.64794,-72.083
0.64798,-72.093
0.64803,-72.093
0.64808,-72.093
0.64813,-72.093
0.64818,-72.093
0.64823,-72.096
0.64828,-72.096
0.64833,-72.1
0.64838,-72.1
0.64843,-72.1
0.64848,-72.1
0.64853,-72.099
0.64858,-72.099
0.64863,-72.099
0.64868,-72.094
0.64873,-72.088
0.64878,-72.084
0.64883,-72.082
0.64888,-72.078
0.64893,-72.074
0.64898,-72.074
0.64903,-72.071
0.64908,-72.068
0.64913,-72.068
0.64918,-72.068
0.64923,-72.065
0.64928,-72.062
0.64933,-72.063
0.64938,-72.062
0.64943,-72.06
0.64948,-72.052
0.64953,-72.049
0.64958,-72.046
0.64963,-72.049
0.64968,-72.039
0.64973,-72.031
0.64978,-72.03
0.64983,-72.029
0.64988,-72.026
0.64993,-72.025
0.64998,-72.022
0.65003,-72.02
0.65008,-72.016
0.65013,-72.011
0.65018,-72.012
0.65023,-72.011
0.65028,-72.012
0.65033,-72.01
0.65038,-72.007
0.65043,-72.003
0.65048,-71.999
0.65053,-71.995
0.65058,-71.991
0.65063,-71.991
0.65068,-71.996
0.65072,-71.998
0.65077,-71.999
0.65082,-72
0.65087,-72.002
0.65092,-72.007
0.65097,-72.002
0.65102,-72.002
0.65107,-72.002
0.65112,-72
0.65117,-71.997
0.65122,-71.996
0.65127,-71.996
0.65132,-71.996
0.65137,-71.997
0.65142,-71.994
0.65147,-71.992
0.65152,-71.996
0.65157,-71.997
0.65162,-71.993
0.65167,-71.991
0.65172,-71.991
0.65177,-71.988
0.65182,-71.986
0.65187,-71.992
0.65192,-71.998
0.65197,-72.001
0.65202,-72.007
0.65207,-72.01
0.65212,-72.005
0.65217,-72.007
0.65222,-72.009
0.65227,-72.01
0.65232,-72.012
0.65237,-72.012
0.65242,-72.012
0.65247,-72.013
0.65252,-72.01
0.65257,-72.002
0.65262,-71.997
0.65267,-71.993
0.65272,-71.99
0.65277,-71.982
0.65282,-71.978
0.65287,-71.978
0.65292,-71.978
0.65297,-71.977
0.65302,-71.973
0.65307,-71.969
0.65312,-71.963
0.65317,-71.955
0.65322,-71.95
0.65327,-71.947
0.65332,-71.946
0.65337,-71.933
0.65342,-71.922
0.65346,-71.919
0.65351,-71.925
0.65356,-71.932
0.65361,-71.931
0.65366,-71.923
0.65371,-71.931
0.65376,-71.922
0.65381,-71.919
0.65386,-71.924
0.65391,-71.925
0.65396,-71.926
0.65401,-71.926
0.65406,-71.926
0.65411,-71.928
0.65416,-71.928
0.65421,-71.928
0.65426,-71.928
0.65431,-71.931
0.65436,-71.923
0.65441,-71.902
0.65446,-71.902
0.65451,-71.902
0.65456,-71.88
0.65461,-71.868
0.65466,-71.859
0.65471,-71.852
0.65476,-71.843
0.65481,-71.833
0.65486,-71.832
0.65491,-71.84
0.65496,-71.846
0.65501,-71.846
0.65506,-71.849
0.65511,-71.849
0.65516,-71.849
0.65521,-71.849
0.65526,-71.848
0.65531,-71.84
0.65536,-71.836
0.65541,-71.836
0.65546,-71.844
0.65551,-71.852
0.65556,-71.863
0.65561,-71.865
0.65566,-71.867
0.65571,-71.87
0.65576,-71.87
0.65581,-71.87
0.65586,-71.87
0.65591,-71.87
0.65596,-71.867
0.65601,-71.864
0.65606,-71.864
0.65611,-71.859
0.65616,-71.848
0.6562,-71.836
0.65625,-71.836
0.6563,-71.836
0.65635,-71.833
0.6564,-71.827
0.65645,-71.827
0.6565,-71.819
0.65655,-71.817
0.6566,-71.817
0.65665,-71.814
0.6567,-71.807
0.65675,-71.808
0.6568,-71.813
0.65685,-71.811
0.6569,-71.806
0.65695,-71.795
0.657,-71.795
0.65705,-71.795
0.6571,-71.797
0.65715,-71.81
0.6572,-71.82
0.65725,-71.82
0.6573,-71.82
0.65735,-71.825
0.6574,-71.825
0.65745,-71.833
0.6575,-71.838
0.65755,-71.831
0.6576,-71.831
0.65765,-71.831
0.6577,-71.83
0.65775,-71.832
0.6578,-71.832
0.65785,-71.832
0.6579,-71.83
0.65795,-71.824
0.658,-71.823
0.65805,-71.818
0.6581,-71.816
0.65815,-71.816
0.6582,-71.817
0.65825,-71.821
0.6583,-71.821
0.65835,-71.827
0.6584,-71.833
0.65845,-71.837
0.6585,-71.839
0.65855,-71.84
0.6586,-71.846
0.65865,-71.846
0.6587,-71.842
0.65875,-71.842
0.6588,-71.842
0.65885,-71.846
0.6589,-71.843
0.65894,-71.843
0.65899,-71.844
0.65904,-71.845
0.65909,-71.84
0.65914,-71.84
0.65919,-71.842
0.65924,-71.846
0.65929,-71.848
0.65934,-71.851
0.65939,-71.855
0.65944,-71.857
0.65949,-71.859
0.65954,-71.862
0.65959,-71.862
0.65964,-71.86
0.65969,-71.86
0.65974,-71.86
0.65979,-71.864
0.65984,-71.864
0.65989,-71.864
0.65994,-71.873
0.65999,-71.882
0.66004,-71.887
0.66009,-71.888
0.66014,-71.888
0.66019,-71.888
0.66024,-71.891
0.66029,-71.894
0.66034,-71.899
0.66039,-71.903
0.66044,-71.903
0.66049,-71.903
0.66054,-71.904
0.66059,-71.904
0.66064,-71.904
0.66069,-71.907
0.66074,-71.91
0.66079,-71.917
0.66084,-71.928
0.66089,-71.928
0.66094,-71.93
0.66099,-71.926
0.66104,-71.93
0.66109,-71.936
0.66114,-71.933
0.66119,-71.935
0.66124,-71.933
0.66129,-71.933
0.66134,-71.935
0.66139,-71.943
0.66144,-71.949
0.66149,-71.957
0.66154,-71.957
0.66159,-71.962
0.66164,-71.964
0.66168,-71.962
0.66173,-71.959
0.66178,-71.962
0.66183,-71.965
0.66188,-71.965
0.66193,-71.965
0.66198,-71.964
0.66203,-71.967
0.66208,-71.963
0.66213,-71.967
0.66218,-71.97
0.66223,-71.97
0.66228,-71.967
0.66233,-71.967
0.66238,-71.967
0.66243,-71.963
0.66248,-71.955
0.66253,-71.947
0.66258,-71.947
0.66263,-71.947
0.66268,-71.947
0.66273,-71.947
0.66278,-71.947
0.66283,-71.947
0.66288,-71.939
0.66293,-71.94
0.66298,-71.935
0.66303,-71.914
0.66308,-71.896
0.66313,-71.888
0.66318,-71.875
0.66323,-71.867
0.66328,-71.865
0.66333,-71.858
0.66338,-71.827
0.66343,-71.789
0.66348,-71.778
0.66353,-71.773
0.66358,-71.772
0.66363,-71.775
0.66368,-71.772
0.66373,-71.765
0.66378,-71.758
0.66383,-71.753
0.66388,-71.752
0.66393,-71.75
0.66398,-71.749
0.66403,-71.749
0.66408,-71.748
0.66413,-71.748
0.66418,-71.749
0.66423,-71.748
0.66428,-71.748
0.66433,-71.748
0.66438,-71.748
0.66442,-71.749
0.66447,-71.749
0.66452,-71.749
0.66457,-71.75
0.66462,-71.75
0.66467,-71.75
0.66472,-71.75
0.66477,-71.753
0.66482,-71.753
0.66487,-71.758
0.66492,-71.764
0.66497,-71.775
0.66502,-71.781
0.66507,-71.794
0.66512,-71.808
0.66517,-71.808
0.66522,-71.803
0.66527,-71.808
0.66532,-71.817
0.66537,-71.823
0.66542,-71.828
0.66547,-71.833
0.66552,-71.839
0.66557,-71.844
0.66562,-71.851
0.66567,-71.851
0.66572,-71.851
0.66577,-71.853
0.66582,-71.859
0.66587,-71.86
0.66592,-71.861
0.66597,-71.863
0.66602,-71.866
0.66607,-71.867
0.66612,-71.872
0.66617,-71.878
0.66622,-71.882
0.66627,-71.885
0.66632,-71.89
0.66637,-71.892
0.66642,-71.892
0.66647,-71.889
0.66652,-71.888
0.66657,-71.892
0.66662,-71.894
0.66667,-71.897
0.66672,-71.906
0.66677,-71.908
0.66682,-71.916
0.66687,-71.922
0.66692,-71.93
0.66697,-71.931
0.66702,-71.933
0.66707,-71.934
0.66712,-71.936
0.66716,-71.936
0.66721,-71.933
0.66726,-71.932
0.66731,-71.93
0.66736,-71.934
0.66741,-71.936
0.66746,-71.936
0.66751,-71.937
0.66756,-71.936
0.66761,-71.936
0.66766,-71.936
0.66771,-71.937
0.66776,-71.94
0.66781,-71.949
0.66786,-71.955
0.66791,-71.956
0.66796,-71.955
0.66801,-71.952
0.66806,-71.95
0.66811,-71.946
0.66816,-71.949
0.66821,-71.942
0.66826,-71.937
0.66831,-71.936
0.66836,-71.936
0.66841,-71.936
0.66846,-71.935
0.66851,-71.929
0.66856,-71.923
0.66861,-71.921
0.66866,-71.92
0.66871,-71.923
0.66876,-71.926
0.66881,-71.931
0.66886,-71.931
0.66891,-71.93
0.66896,-71.921
0.66901,-71.918
0.66906,-71.914
0.66911,-71.908
0.66916,-71.903
0.66921,-71.9
0.66926,-71.893
0.66931,-71.887
0.66936,-71.879
0.66941,-71.871
0.66946,-71.87
0.66951,-71.856
0.66956,-71.844
0.66961,-71.836
0.66966,-71.827
0.66971,-71.825
0.66976,-71.825
0.66981,-71.825
0.66986,-71.819
0.6699,-71.811
0.66995,-71.801
0.67,-71.794
0.67005,-71.79
0.6701,-71.795
0.67015,-71.794
0.6702,-71.792
0.67025,-71.792
0.6703,-71.781
0.67035,-71.778
0.6704,-71.776
0.67045,-71.774
0.6705,-71.771
0.67055,-71.762
0.6706,-71.757
0.67065,-71.746
0.6707,-71.744
0.67075,-71.731
0.6708,-71.717
0.67085,-71.713
0.6709,-71.698
0.67095,-71.684
0.671,-71.674
0.67105,-71.67
0.6711,-71.656
0.67115,-71.643
0.6712,-71.64
0.67125,-71.635
0.6713,-71.635
0.67135,-71.637
0.6714,-71.638
0.67145,-71.64
0.6715,-71.643
0.67155,-71.643
0.6716,-71.641
0.67165,-71.641
0.6717,-71.638
0.67175,-71.636
0.6718,-71.635
0.67185,-71.638
0.6719,-71.638
0.67195,-71.638
0.672,-71.635
0.67205,-71.634
0.6721,-71.634
0.67215,-71.629
0.6722,-71.629
0.67225,-71.624
0.6723,-71.624
0.67235,-71.624
0.6724,-71.627
0.67245,-71.634
0.6725,-71.641
0.67255,-71.634
0.6726,-71.631
0.67264,-71.629
0.67269,-71.629
0.67274,-71.627
0.67279,-71.626
0.67284,-71.622
0.67289,-71.622
0.67294,-71.614
0.67299,-71.613
0.67304,-71.605
0.67309,-71.599
0.67314,-71.598
0.67319,-71.598
0.67324,-71.601
0.67329,-71.601
0.67334,-71.601
0.67339,-71.605
0.67344,-71.609
0.67349,-71.614
0.67354,-71.616
0.67359,-71.611
0.67364,-71.597
0.67369,-71.591
0.67374,-71.579
0.67379,-71.548
0.67384,-71.53
0.67389,-71.519
0.67394,-71.505
0.67399,-71.492
0.67404,-71.482
0.67409,-71.474
0.67414,-71.461
0.67419,-71.447
0.67424,-71.428
0.67429,-71.411
0.67434,-71.405
0.67439,-71.394
0.67444,-71.383
0.67449,-71.38
0.67454,-71.38
0.67459,-71.38
0.67464,-71.379
0.67469,-71.379
0.67474,-71.388
0.67479,-71.395
0.67484,-71.401
0.67489,-71.4
0.67494,-71.399
0.67499,-71.392
0.67504,-71.383
0.67509,-71.374
0.67514,-71.372
0.67519,-71.37
0.67524,-71.364
0.67529,-71.37
0.67534,-71.37
0.67538,-71.372
0.67543,-71.372
0.67548,-71.372
0.67553,-71.373
0.67558,-71.376
0.67563,-71.383
0.67568,-71.392
0.67573,-71.39
0.67578,-71.386
0.67583,-71.386
0.67588,-71.386
0.67593,-71.386
0.67598,-71.39
0.67603,-71.391
0.67608,-71.389
0.67613,-71.392
0.67618,-71.399
0.67623,-71.399
0.67628,-71.399
0.67633,-71.399
0.67638,-71.395
0.67643,-71.392
0.67648,-71.38
0.67653,-71.37
0.67658,-71.376
0.67663,-71.39
0.67668,-71.392
0.67673,-71.384
0.67678,-71.359
0.67683,-71.339
0.67688,-71.339
0.67693,-71.341
0.67698,-71.348
0.67703,-71.357
0.67708,-71.37
0.67713,-71.38
0.67718,-71.383
0.67723,-71.386
0.67728,-71.386
0.67733,-71.39
0.67738,-71.391
0.67743,-71.391
0.67748,-71.395
0.67753,-71.395
0.67758,-71.398
0.67763,-71.4
0.67768,-71.4
0.67773,-71.403
0.67778,-71.408
0.67783,-71.408
0.67788,-71.408
0.67793,-71.403
0.67798,-71.408
0.67803,-71.411
0.67808,-71.415
0.67812,-71.421
0.67817,-71.424
0.67822,-71.438
0.67827,-71.457
0.67832,-71.466
0.67837,-71.466
0.67842,-71.469
0.67847,-71.475
0.67852,-71.482
0.67857,-71.489
0.67862,-71.495
0.67867,-71.498
0.67872,-71.499
0.67877,-71.499
0.67882,-71.5
0.67887,-71.51
0.67892,-71.52
0.67897,-71.521
0.67902,-71.524
0.67907,-71.523
0.67912,-71.522
0.67917,-71.526
0.67922,-71.527
0.67927,-71.527
0.67932,-71.525
0.67937,-71.522
0.67942,-71.524
0.67947,-71.529
0.67952,-71.533
0.67957,-71.531
0.67962,-71.527
0.67967,-71.522
0.67972,-71.514
0.67977,-71.514
0.67982,-71.485
0.67987,-71.466
0.67992,-71.46
0.67997,-71.453
0.68002,-71.448
0.68007,-71.444
0.68012,-71.437
0.68017,-71.437
0.68022,-71.441
0.68027,-71.439
0.68032,-71.437
0.68037,-71.433
0.68042,-71.428
0.68047,-71.428
0.68052,-71.43
0.68057,-71.424
0.68062,-71.423
0.68067,-71.417
0.68072,-71.413
0.68077,-71.417
0.68082,-71.42
0.68086,-71.42
0.68091,-71.42
0.68096,-71.42
0.68101,-71.42
0.68106,-71.417
0.68111,-71.413
0.68116,-71.417
0.68121,-71.42
0.68126,-71.422
0.68131,-71.426
0.68136,-71.428
0.68141,-71.427
0.68146,-71.427
0.68151,-71.428
0.68156,-71.428
0.68161,-71.428
0.68166,-71.428
0.68171,-71.429
0.68176,-71.427
0.68181,-71.426
0.68186,-71.424
0.68191,-71.424
0.68196,-71.422
0.68201,-71.42
0.68206,-71.42
0.68211,-71.422
0.68216,-71.417
0.68221,-71.408
0.68226,-71.402
0.68231,-71.395
0.68236,-71.4
0.68241,-71.407
0.68246,-71.409
0.68251,-71.41
0.68256,-71.411
0.68261,-71.413
0.68266,-71.399
0.68271,-71.389
0.68276,-71.39
0.68281,-71.386
0.68286,-71.383
0.68291,-71.374
0.68296,-71.365
0.68301,-71.343
0.68306,-71.331
0.68311,-71.331
0.68316,-71.335
0.68321,-71.325
0.68326,-71.318
0.68331,-71.318
0.68336,-71.316
0.68341,-71.306
0.68346,-71.298
0.68351,-71.3
0.68356,-71.3
0.6836,-71.295
0.68365,-71.288
0.6837,-71.286
0.68375,-71.283
0.6838,-71.283
0.68385,-71.284
0.6839,-71.286
0.68395,-71.289
0.684,-71.289
0.68405,-71.291
0.6841,-71.297
0.68415,-71.302
0.6842,-71.305
0.68425,-71.31
0.6843,-71.316
0.68435,-71.326
0.6844,-71.333
0.68445,-71.338
0.6845,-71.341
0.68455,-71.339
0.6846,-71.334
0.68465,-71.333
0.6847,-71.333
0.68475,-71.335
0.6848,-71.343
0.68485,-71.348
0.6849,-71.355
0.68495,-71.361
0.685,-71.361
0.68505,-71.364
0.6851,-71.362
0.68515,-71.359
0.6852,-71.356
0.68525,-71.361
0.6853,-71.366
0.68535,-71.369
0.6854,-71.375
0.68545,-71.383
0.6855,-71.39
0.68555,-71.402
0.6856,-71.406
0.68565,-71.405
0.6857,-71.408
0.68575,-71.419
0.6858,-71.418
0.68585,-71.426
0.6859,-71.446
0.68595,-71.462
0.686,-71.463
0.68605,-71.452
0.6861,-71.437
0.68615,-71.44
0.6862,-71.449
0.68625,-71.457
0.6863,-71.468
0.68634,-71.466
0.68639,-71.455
0.68644,-71.447
0.68649,-71.442
0.68654,-71.435
0.68659,-71.435
0.68664,-71.434
0.68669,-71.424
0.68674,-71.407
0.68679,-71.399
0.68684,-71.415
0.68689,-71.429
0.68694,-71.432
0.68699,-71.424
0.68704,-71.438
0.68709,-71.438
0.68714,-71.437
0.68719,-71.432
0.68724,-71.429
0.68729,-71.429
0.68734,-71.429
0.68739,-71.429
0.68744,-71.425
0.68749,-71.428
0.68754,-71.438
0.68759,-71.443
0.68764,-71.45
0.68769,-71.459
0.68774,-71.455
0.68779,-71.45
0.68784,-71.447
0.68789,-71.445
0.68794,-71.445
0.68799,-71.445
0.68804,-71.445
0.68809,-71.447
0.68814,-71.45
0.68819,-71.456
0.68824,-71.456
0.68829,-71.457
0.68834,-71.453
0.68839,-71.452
0.68844,-71.452
0.68849,-71.457
0.68854,-71.458
0.68859,-71.466
0.68864,-71.466
0.68869,-71.466
0.68874,-71.469
0.68879,-71.466
0.68884,-71.469
0.68889,-71.478
0.68894,-71.485
0.68899,-71.492
0.68904,-71.499
0.68908,-71.501
0.68913,-71.51
0.68918,-71.518
0.68923,-71.527
0.68928,-71.534
0.68933,-71.54
0.68938,-71.543
0.68943,-71.551
0.68948,-71.56
0.68953,-71.563
0.68958,-71.568
0.68963,-71.569
0.68968,-71.576
0.68973,-71.583
0.68978,-71.584
0.68983,-71.584
0.68988,-71.587
0.68993,-71.589
0.68998,-71.591
0.69003,-71.595
0.69008,-71.595
0.69013,-71.595
0.69018,-71.598
0.69023,-71.605
0.69028,-71.613
0.69033,-71.617
0.69038,-71.62
0.69043,-71.62
0.69048,-71.62
0.69053,-71.619
0.69058,-71.618
0.69063,-71.617
0.69068,-71.617
0.69073,-71.617
0.69078,-71.619
0.69083,-71.624
0.69088,-71.63
0.69093,-71.63
0.69098,-71.629
0.69103,-71.623
0.69108,-71.618
0.69113,-71.618
0.69118,-71.627
0.69123,-71.634
0.69128,-71.634
0.69133,-71.629
0.69138,-71.636
0.69143,-71.639
0.69148,-71.639
0.69153,-71.642
0.69158,-71.639
0.69163,-71.637
0.69168,-71.635
0.69173,-71.634
0.69178,-71.634
0.69182,-71.632
0.69187,-71.622
0.69192,-71.609
0.69197,-71.602
0.69202,-71.595
0.69207,-71.595
0.69212,-71.595
0.69217,-71.587
0.69222,-71.585
0.69227,-71.581
0.69232,-71.581
0.69237,-71.581
0.69242,-71.57
0.69247,-71.566
0.69252,-71.566
0.69257,-71.568
0.69262,-71.561
0.69267,-71.548
0.69272,-71.539
0.69277,-71.531
0.69282,-71.521
0.69287,-71.515
0.69292,-71.511
0.69297,-71.511
0.69302,-71.513
0.69307,-71.531
0.69312,-71.537
0.69317,-71.54
0.69322,-71.545
0.69327,-71.555
0.69332,-71.563
0.69337,-71.561
0.69342,-71.561
0.69347,-71.561
0.69352,-71.56
0.69357,-71.563
0.69362,-71.563
0.69367,-71.566
0.69372,-71.566
0.69377,-71.566
0.69382,-71.561
0.69387,-71.553
0.69392,-71.561
0.69397,-71.561
0.69402,-71.553
0.69407,-71.551
0.69412,-71.554
0.69417,-71.557
0.69422,-71.566
0.69427,-71.569
0.69432,-71.566
0.69437,-71.556
0.69442,-71.547
0.69447,-71.543
0.69452,-71.541
0.69456,-71.537
0.69461,-71.526
0.69466,-71.526
0.69471,-71.526
0.69476,-71.522
0.69481,-71.511
0.69486,-71.506
0.69491,-71.506
0.69496,-71.505
0.69501,-71.494
0.69506,-71.485
0.69511,-71.484
0.69516,-71.484
0.69521,-71.484
0.69526,-71.484
0.69531,-71.484
0.69536,-71.484
0.69541,-71.481
0.69546,-71.481
0.69551,-71.48
0.69556,-71.48
0.69561,-71.48
0.69566,-71.476
0.69571,-71.476
0.69576,-71.481
0.69581,-71.481
0.69586,-71.485
0.69591,-71.493
0.69596,-71.497
0.69601,-71.507
0.69606,-71.507
0.69611,-71.507
0.69616,-71.498
0.69621,-71.5
0.69626,-71.501
0.69631,-71.505
0.69636,-71.518
0.69641,-71.524
0.69646,-71.527
0.69651,-71.541
0.69656,-71.548
0.69661,-71.55
0.69666,-71.554
0.69671,-71.557
0.69676,-71.56
0.69681,-71.566
0.69686,-71.571
0.69691,-71.573
0.69696,-71.58
0.69701,-71.588
0.69706,-71.598
0.69711,-71.605
0.69716,-71.616
0.69721,-71.629
0.69726,-71.622
0.6973,-71.639
0.69735,-71.659
0.6974,-71.668
0.69745,-71.677
0.6975,-71.689
0.69755,-71.694
0.6976,-71.698
0.69765,-71.695
0.6977,-71.695
0.69775,-71.688
0.6978,-71.695
0.69785,-71.696
0.6979,-71.7
0.69795,-71.7
0.698,-71.703
0.69805,-71.707
0.6981,-71.708
0.69815,-71.709
0.6982,-71.711
0.69825,-71.712
0.6983,-71.717
0.69835,-71.721
0.6984,-71.726
0.69845,-71.724
0.6985,-71.724
0.69855,-71.732
0.6986,-71.737
0.69865,-71.739
0.6987,-71.74
0.69875,-71.74
0.6988,-71.739
0.69885,-71.739
0.6989,-71.74
0.69895,-71.739
0.699,-71.741
0.69905,-71.736
0.6991,-71.738
0.69915,-71.739
0.6992,-71.733
0.69925,-71.729
0.6993,-71.724
0.69935,-71.724
0.6994,-71.72
0.69945,-71.728
0.6995,-71.728
0.69955,-71.72
0.6996,-71.72
0.69965,-71.714
0.6997,-71.714
0.69975,-71.72
0.6998,-71.72
0.69985,-71.714
0.6999,-71.719
0.69995,-71.721
0.7,-71.724
0.70004,-71.724
0.70009,-71.733
0.70014,-71.728
0.70019,-71.725
0.70024,-71.72
0.70029,-71.72
0.70034,-71.716
0.70039,-71.717
0.70044,-71.717
0.70049,-71.717
0.70054,-71.712
0.70059,-71.711
0.70064,-71.711
0.70069,-71.711
0.70074,-71.714
0.70079,-71.72
0.70084,-71.727
0.70089,-71.735
0.70094,-71.742
0.70099,-71.746
0.70104,-71.751
0.70109,-71.756
0.70114,-71.758
0.70119,-71.761
0.70124,-71.772
0.70129,-71.788
0.70134,-71.788
0.70139,-71.772
0.70144,-71.765
0.70149,-71.771
0.70154,-71.778
0.70159,-71.777
0.70164,-71.786
0.70169,-71.777
0.70174,-71.788
0.70179,-71.807
0.70184,-71.817
0.70189,-71.817
0.70194,-71.814
0.70199,-71.814
0.70204,-71.819
0.70209,-71.818
0.70214,-71.818
0.70219,-71.814
0.70224,-71.806
0.70229,-71.804
0.70234,-71.805
0.70239,-71.804
0.70244,-71.797
0.70249,-71.795
0.70254,-71.785
0.70259,-71.772
0.70264,-71.772
0.70269,-71.772
0.70274,-71.772
0.70278,-71.772
0.70283,-71.772
0.70288,-71.785
0.70293,-71.794
0.70298,-71.791
0.70303,-71.791
0.70308,-71.791
0.70313,-71.79
0.70318,-71.782
0.70323,-71.78
0.70328,-71.783
0.70333,-71.785
0.70338,-71.786
0.70343,-71.786
0.70348,-71.784
0.70353,-71.78
0.70358,-71.779
0.70363,-71.781
0.70368,-71.775
0.70373,-71.769
0.70378,-71.771
0.70383,-71.769
0.70388,-71.771
0.70393,-71.771
0.70398,-71.769
0.70403,-71.769
0.70408,-71.771
0.70413,-71.77
0.70418,-71.775
0.70423,-71.777
0.70428,-71.775
0.70433,-71.775
0.70438,-71.775
0.70443,-71.777
0.70448,-71.777
0.70453,-71.775
0.70458,-71.778
0.70463,-71.787
0.70468,-71.792
0.70473,-71.786
0.70478,-71.779
0.70483,-71.784
0.70488,-71.789
0.70493,-71.793
0.70498,-71.793
0.70503,-71.793
0.70508,-71.793
0.70513,-71.797
0.70518,-71.805
0.70523,-71.811
0.70528,-71.811
0.70533,-71.808
0.70538,-71.808
0.70543,-71.811
0.70548,-71.811
0.70552,-71.811
0.70557,-71.814
0.70562,-71.814
0.70567,-71.816
0.70572,-71.817
0.70577,-71.82
0.70582,-71.823
0.70587,-71.824
0.70592,-71.827
0.70597,-71.833
0.70602,-71.836
0.70607,-71.838
0.70612,-71.842
0.70617,-71.846
0.70622,-71.852
0.70627,-71.855
0.70632,-71.853
0.70637,-71.857
0.70642,-71.862
0.70647,-71.871
0.70652,-71.88
0.70657,-71.89
0.70662,-71.89
0.70667,-71.89
0.70672,-71.89
0.70677,-71.89
0.70682,-71.89
0.70687,-71.89
0.70692,-71.9
0.70697,-71.9
0.70702,-71.901
0.70707,-71.901
0.70712,-71.901
0.70717,-71.901
0.70722,-71.906
0.70727,-71.914
0.70732,-71.924
0.70737,-71.924
0.70742,-71.924
0.70747,-71.929
0.70752,-71.934
0.70757,-71.943
0.70762,-71.941
0.70767,-71.937
0.70772,-71.937
0.70777,-71.941
0.70782,-71.946
0.70787,-71.942
0.70792,-71.939
0.70797,-71.937
0.70802,-71.943
0.70807,-71.947
0.70812,-71.949
0.70817,-71.95
0.70822,-71.952
0.70826,-71.953
0.70831,-71.955
0.70836,-71.957
0.70841,-71.959
0.70846,-71.962
0.70851,-71.963
0.70856,-71.963
0.70861,-71.963
0.70866,-71.963
0.70871,-71.969
0.70876,-71.975
0.70881,-71.979
0.70886,-71.984
0.70891,-71.988
0.70896,-71.982
0.70901,-71.978
0.70906,-71.978
0.70911,-71.979
0.70916,-71.979
0.70921,-71.975
0.70926,-71.975
0.70931,-71.978
0.70936,-71.972
0.70941,-71.977
0.70946,-71.981
0.70951,-71.981
0.70956,-71.981
0.70961,-71.981
0.70966,-71.973
0.70971,-71.973
0.70976,-71.964
0.70981,-71.962
0.70986,-71.949
0.70991,-71.935
0.70996,-71.926
0.71001,-71.917
0.71006,-71.91
0.71011,-71.908
0.71016,-71.901
0.71021,-71.891
0.71026,-71.891
0.71031,-71.89
0.71036,-71.868
0.71041,-71.792
0.71046,-71.721
0.71051,-71.711
0.71056,-71.701
0.71061,-71.687
0.71066,-71.669
0.71071,-71.652
0.71076,-71.641
0.71081,-71.63
0.71086,-71.629
0.71091,-71.617
0.71096,-71.605
0.711,-71.598
0.71105,-71.596
0.7111,-71.595
0.71115,-71.589
0.7112,-71.578
0.71125,-71.559
0.7113,-71.55
0.71135,-71.541
0.7114,-71.532
0.71145,-71.524
0.7115,-71.514
0.71155,-71.508
0.7116,-71.505
0.71165,-71.505
0.7117,-71.505
0.71175,-71.5
0.7118,-71.492
0.71185,-71.485
0.7119,-71.482
0.71195,-71.487
0.712,-71.487
0.71205,-71.487
0.7121,-71.485
0.71215,-71.482
0.7122,-71.487
0.71225,-71.494
0.7123,-71.497
0.71235,-71.495
0.7124,-71.493
0.71245,-71.493
0.7125,-71.495
0.71255,-71.496
0.7126,-71.496
0.71265,-71.496
0.7127,-71.495
0.71275,-71.495
0.7128,-71.492
0.71285,-71.495
0.7129,-71.495
0.71295,-71.497
0.713,-71.497
0.71305,-71.498
0.7131,-71.491
0.71315,-71.49
0.7132,-71.49
0.71325,-71.482
0.7133,-71.479
0.71335,-71.474
0.7134,-71.479
0.71345,-71.485
0.7135,-71.489
0.71355,-71.494
0.7136,-71.494
0.71365,-71.503
0.7137,-71.506
0.71374,-71.506
0.71379,-71.506
0.71384,-71.506
0.71389,-71.505
0.71394,-71.5
0.71399,-71.498
0.71404,-71.5
0.71409,-71.505
0.71414,-71.502
0.71419,-71.502
0.71424,-71.505
0.71429,-71.509
0.71434,-71.513
0.71439,-71.515
0.71444,-71.511
0.71449,-71.51
0.71454,-71.51
0.71459,-71.512
0.71464,-71.511
0.71469,-71.51
0.71474,-71.508
0.71479,-71.509
0.71484,-71.509
0.71489,-71.51
0.71494,-71.512
0.71499,-71.514
0.71504,-71.515
0.71509,-71.518
0.71514,-71.521
0.71519,-71.525
0.71524,-71.528
0.71529,-71.529
0.71534,-71.529
0.71539,-71.527
0.71544,-71.527
0.71549,-71.527
0.71554,-71.525
0.71559,-71.528
0.71564,-71.534
0.71569,-71.54
0.71574,-71.543
0.71579,-71.547
0.71584,-71.547
0.71589,-71.548
0.71594,-71.548
0.71599,-71.546
0.71604,-71.543
0.71609,-71.543
0.71614,-71.54
0.71619,-71.54
0.71624,-71.543
0.71629,-71.546
0.71634,-71.547
0.71639,-71.547
0.71644,-71.547
0.71648,-71.547
0.71653,-71.547
0.71658,-71.556
0.71663,-71.57
0.71668,-71.57
0.71673,-71.576
0.71678,-71.581
0.71683,-71.582
0.71688,-71.595
0.71693,-71.605
0.71698,-71.617
0.71703,-71.621
0.71708,-71.623
0.71713,-71.626
0.71718,-71.63
0.71723,-71.63
0.71728,-71.633
0.71733,-71.653
0.71738,-71.678
0.71743,-71.682
0.71748,-71.691
0.71753,-71.699
0.71758,-71.708
0.71763,-71.711
0.71768,-71.714
0.71773,-71.719
0.71778,-71.724
0.71783,-71.729
0.71788,-71.735
0.71793,-71.759
0.71798,-71.779
0.71803,-71.781
0.71808,-71.782
0.71813,-71.79
0.71818,-71.802
0.71823,-71.814
0.71828,-71.82
0.71833,-71.824
0.71838,-71.826
0.71843,-71.827
0.71848,-71.83
0.71853,-71.833
0.71858,-71.84
0.71863,-71.848
0.71868,-71.851
0.71873,-71.859
0.71878,-71.868
0.71883,-71.868
0.71888,-71.868
0.71893,-71.87
0.71898,-71.883
0.71903,-71.892
0.71908,-71.892
0.71913,-71.887
0.71918,-71.896
0.71922,-71.903
0.71927,-71.905
0.71932,-71.91
0.71937,-71.913
0.71942,-71.913
0.71947,-71.91
0.71952,-71.914
0.71957,-71.918
0.71962,-71.92
0.71967,-71.923
0.71972,-71.926
0.71977,-71.937
0.71982,-71.947
0.71987,-71.955
0.71992,-71.962
0.71997,-71.963
0.72002,-71.963
0.72007,-71.964
0.72012,-71.967
0.72017,-71.971
0.72022,-71.974
0.72027,-71.975
0.72032,-71.975
0.72037,-71.975
0.72042,-71.974
0.72047,-71.97
0.72052,-71.964
0.72057,-71.965
0.72062,-71.965
0.72067,-71.965
0.72072,-71.964
0.72077,-71.963
0.72082,-71.969
0.72087,-71.973
0.72092,-71.972
0.72097,-71.971
0.72102,-71.975
0.72107,-71.975
0.72112,-71.975
0.72117,-71.975
0.72122,-71.975
0.72127,-71.976
0.72132,-71.978
0.72137,-71.98
0.72142,-71.98
0.72147,-71.98
0.72152,-71.979
0.72157,-71.978
0.72162,-71.976
0.72167,-71.971
0.72172,-71.965
0.72177,-71.959
0.72182,-71.952
0.72187,-71.952
0.72192,-71.947
0.72196,-71.943
0.72201,-71.94
0.72206,-71.935
0.72211,-71.94
0.72216,-71.939
0.72221,-71.931
0.72226,-71.92
0.72231,-71.909
0.72236,-71.909
0.72241,-71.91
0.72246,-71.902
0.72251,-71.905
0.72256,-71.902
0.72261,-71.899
0.72266,-71.89
0.72271,-71.89
0.72276,-71.89
0.72281,-71.888
0.72286,-71.887
0.72291,-71.885
0.72296,-71.889
0.72301,-71.881
0.72306,-71.881
0.72311,-71.881
0.72316,-71.883
0.72321,-71.889
0.72326,-71.895
0.72331,-71.897
0.72336,-71.901
0.72341,-71.901
0.72346,-71.897
0.72351,-71.892
0.72356,-71.889
0.72361,-71.885
0.72366,-71.882
0.72371,-71.882
0.72376,-71.882
0.72381,-71.882
0.72386,-71.882
0.72391,-71.882
0.72396,-71.882
0.72401,-71.878
0.72406,-71.883
0.72411,-71.893
0.72416,-71.896
0.72421,-71.902
0.72426,-71.908
0.72431,-71.918
0.72436,-71.918
0.72441,-71.924
0.72446,-71.924
0.72451,-71.929
0.72456,-71.936
0.72461,-71.939
0.72466,-71.94
0.7247,-71.94
0.72475,-71.943
0.7248,-71.949
0.72485,-71.952
0.7249,-71.949
0.72495,-71.95
0.725,-71.954
0.72505,-71.956
0.7251,-71.959
0.72515,-71.96
0.7252,-71.957
0.72525,-71.958
0.7253,-71.968
0.72535,-71.973
0.7254,-71.981
0.72545,-71.981
0.7255,-71.987
0.72555,-71.988
0.7256,-72.002
0.72565,-72.01
0.7257,-72.01
0.72575,-72.008
0.7258,-72
0.72585,-72.005
0.7259,-72.008
0.72595,-72.01
0.726,-72.01
0.72605,-72.011
0.7261,-72.015
0.72615,-72.023
0.7262,-72.023
0.72625,-72.028
0.7263,-72.022
0.72635,-72.021
0.7264,-72.021
0.72645,-72.021
0.7265,-72.014
0.72655,-72.011
0.7266,-72.011
0.72665,-72.011
0.7267,-72.015
0.72675,-72.023
0.7268,-72.023
0.72685,-72.023
0.7269,-72.023
0.72695,-72.023
0.727,-72.024
0.72705,-72.035
0.7271,-72.031
0.72715,-72.04
0.7272,-72.06
0.72725,-72.052
0.7273,-72.041
0.72735,-72.032
0.7274,-72.035
0.72744,-72.038
0.72749,-72.038
0.72754,-72.039
0.72759,-72.035
0.72764,-72.029
0.72769,-72.026
0.72774,-72.023
0.72779,-72.022
0.72784,-72.017
0.72789,-72.009
0.72794,-72.008
0.72799,-72.007
0.72804,-72.005
0.72809,-72.005
0.72814,-71.997
0.72819,-71.997
0.72824,-71.994
0.72829,-71.994
0.72834,-71.99
0.72839,-71.974
0.72844,-71.955
0.72849,-71.96
0.72854,-71.974
0.72859,-71.956
0.72864,-71.95
0.72869,-71.949
0.72874,-71.948
0.72879,-71.942
0.72884,-71.947
0.72889,-71.946
0.72894,-71.943
0.72899,-71.945
0.72904,-71.945
0.72909,-71.944
0.72914,-71.942
0.72919,-71.942
0.72924,-71.942
0.72929,-71.942
0.72934,-71.942
0.72939,-71.938
0.72944,-71.935
0.72949,-71.935
0.72954,-71.935
0.72959,-71.939
0.72964,-71.939
0.72969,-71.935
0.72974,-71.927
0.72979,-71.923
0.72984,-71.916
0.72989,-71.91
0.72994,-71.91
0.72999,-71.907
0.73004,-71.907
0.73009,-71.913
0.73014,-71.916
0.73018,-71.917
0.73023,-71.917
0.73028,-71.919
0.73033,-71.919
0.73038,-71.919
0.73043,-71.92
0.73048,-71.922
0.73053,-71.93
0.73058,-71.93
0.73063,-71.939
0.73068,-71.943
0.73073,-71.941
0.73078,-71.941
0.73083,-71.941
0.73088,-71.943
0.73093,-71.94
0.73098,-71.939
0.73103,-71.933
0.73108,-71.922
0.73113,-71.911
0.73118,-71.9
0.73123,-71.889
0.73128,-71.888
0.73133,-71.888
0.73138,-71.888
0.73143,-71.882
0.73148,-71.882
0.73153,-71.878
0.73158,-71.864
0.73163,-71.85
0.73168,-71.848
0.73173,-71.843
0.73178,-71.829
0.73183,-71.82
0.73188,-71.818
0.73193,-71.818
0.73198,-71.82
0.73203,-71.818
0.73208,-71.817
0.73213,-71.812
0.73218,-71.812
0.73223,-71.813
0.73228,-71.818
0.73233,-71.817
0.73238,-71.816
0.73243,-71.814
0.73248,-71.809
0.73253,-71.807
0.73258,-71.804
0.73263,-71.804
0.73268,-71.794
0.73273,-71.794
0.73278,-71.779
0.73283,-71.77
0.73288,-71.756
0.73292,-71.753
0.73297,-71.756
0.73302,-71.759
0.73307,-71.743
0.73312,-71.742
0.73317,-71.743
0.73322,-71.739
0.73327,-71.74
0.73332,-71.739
0.73337,-71.738
0.73342,-71.74
0.73347,-71.735
0.73352,-71.735
0.73357,-71.727
0.73362,-71.721
0.73367,-71.722
0.73372,-71.717
0.73377,-71.722
0.73382,-71.735
0.73387,-71.737
0.73392,-71.743
0.73397,-71.743
0.73402,-71.743
0.73407,-71.743
0.73412,-71.743
0.73417,-71.743
0.73422,-71.743
0.73427,-71.746
0.73432,-71.746
0.73437,-71.746
0.73442,-71.746
0.73447,-71.743
0.73452,-71.74
0.73457,-71.745
0.73462,-71.747
0.73467,-71.747
0.73472,-71.745
0.73477,-71.743
0.73482,-71.743
0.73487,-71.743
0.73492,-71.746
0.73497,-71.749
0.73502,-71.752
0.73507,-71.757
0.73512,-71.76
0.73517,-71.76
0.73522,-71.762
0.73527,-71.762
0.73532,-71.768
0.73537,-71.774
0.73542,-71.777
0.73547,-71.777
0.73552,-71.777
0.73557,-71.777
0.73562,-71.782
0.73566,-71.787
0.73571,-71.792
0.73576,-71.792
0.73581,-71.799
0.73586,-71.799
0.73591,-71.801
0.73596,-71.805
0.73601,-71.807
0.73606,-71.81
0.73611,-71.816
0.73616,-71.821
0.73621,-71.827
0.73626,-71.827
0.73631,-71.828
0.73636,-71.828
0.73641,-71.828
0.73646,-71.828
0.73651,-71.828
0.73656,-71.828
0.73661,-71.832
0.73666,-71.837
0.73671,-71.843
0.73676,-71.843
0.73681,-71.846
0.73686,-71.848
0.73691,-71.849
0.73696,-71.854
0.73701,-71.859
0.73706,-71.859
0.73711,-71.858
0.73716,-71.859
0.73721,-71.859
0.73726,-71.861
0.73731,-71.862
0.73736,-71.862
0.73741,-71.865
0.73746,-71.866
0.73751,-71.867
0.73756,-71.865
0.73761,-71.862
0.73766,-71.865
0.73771,-71.863
0.73776,-71.864
0.73781,-71.864
0.73786,-71.87
0.73791,-71.872
0.73796,-71.873
0.73801,-71.878
0.73806,-71.885
0.73811,-71.894
0.73816,-71.898
0.73821,-71.899
0.73826,-71.899
0.73831,-71.899
0.73836,-71.903
0.7384,-71.905
0.73845,-71.905
0.7385,-71.905
0.73855,-71.905
0.7386,-71.905
0.73865,-71.904
0.7387,-71.91
0.73875,-71.923
0.7388,-71.933
0.73885,-71.934
0.7389,-71.934
0.73895,-71.938
0.739,-71.941
0.73905,-71.942
0.7391,-71.945
0.73915,-71.945
0.7392,-71.95
0.73925,-71.95
0.7393,-71.948
0.73935,-71.948
0.7394,-71.952
0.73945,-71.955
0.7395,-71.959
0.73955,-71.962
0.7396,-71.965
0.73965,-71.971
0.7397,-71.972
0.73975,-71.974
0.7398,-71.971
0.73985,-71.976
0.7399,-71.984
0.73995,-71.984
0.74,-71.982
0.74005,-71.979
0.7401,-71.981
0.74015,-71.981
0.7402,-71.981
0.74025,-71.981
0.7403,-71.979
0.74035,-71.98
0.7404,-71.98
0.74045,-71.98
0.7405,-71.982
0.74055,-71.982
0.7406,-71.977
0.74065,-71.973
0.7407,-71.97
0.74075,-71.968
0.7408,-71.968
0.74085,-71.965
0.7409,-71.965
0.74095,-71.965
0.741,-71.965
0.74105,-71.962
0.7411,-71.956
0.74114,-71.951
0.74119,-71.947
0.74124,-71.943
0.74129,-71.947
0.74134,-71.947
0.74139,-71.95
0.74144,-71.95
0.74149,-71.943
0.74154,-71.94
0.74159,-71.939
0.74164,-71.934
0.74169,-71.934
0.74174,-71.941
0.74179,-71.945
0.74184,-71.945
0.74189,-71.949
0.74194,-71.959
0.74199,-71.958
0.74204,-71.956
0.74209,-71.955
0.74214,-71.953
0.74219,-71.944
0.74224,-71.944
0.74229,-71.944
0.74234,-71.942
0.74239,-71.935
0.74244,-71.935
0.74249,-71.944
0.74254,-71.936
0.74259,-71.915
0.74264,-71.918
0.74269,-71.918
0.74274,-71.904
0.74279,-71.9
0.74284,-71.895
0.74289,-71.904
0.74294,-71.907
0.74299,-71.912
0.74304,-71.917
0.74309,-71.92
0.74314,-71.92
0.74319,-71.917
0.74324,-71.917
0.74329,-71.917
0.74334,-71.92
0.74339,-71.923
0.74344,-71.926
0.74349,-71.926
0.74354,-71.93
0.74359,-71.93
0.74364,-71.932
0.74369,-71.933
0.74374,-71.93
0.74379,-71.928
0.74384,-71.932
0.74388,-71.925
0.74393,-71.922
0.74398,-71.911
0.74403,-71.906
0.74408,-71.896
0.74413,-71.887
0.74418,-71.883
0.74423,-71.873
0.74428,-71.859
0.74433,-71.857
0.74438,-71.857
0.74443,-71.857
0.74448,-71.857
0.74453,-71.857
0.74458,-71.854
0.74463,-71.85
0.74468,-71.85
0.74473,-71.84
0.74478,-71.829
0.74483,-71.823
0.74488,-71.809
0.74493,-71.8
0.74498,-71.793
0.74503,-71.797
0.74508,-71.803
0.74513,-71.809
0.74518,-71.809
0.74523,-71.81
0.74528,-71.816
0.74533,-71.815
0.74538,-71.814
0.74543,-71.811
0.74548,-71.811
0.74553,-71.811
0.74558,-71.807
0.74563,-71.803
0.74568,-71.789
0.74573,-71.78
0.74578,-71.783
0.74583,-71.778
0.74588,-71.773
0.74593,-71.763
0.74598,-71.757
0.74603,-71.752
0.74608,-71.744
0.74613,-71.745
0.74618,-71.744
0.74623,-71.736
0.74628,-71.735
0.74633,-71.736
0.74638,-71.736
0.74643,-71.731
0.74648,-71.727
0.74653,-71.719
0.74658,-71.718
0.74662,-71.712
0.74667,-71.706
0.74672,-71.709
0.74677,-71.715
0.74682,-71.719
0.74687,-71.719
0.74692,-71.715
0.74697,-71.704
0.74702,-71.704
0.74707,-71.708
0.74712,-71.71
0.74717,-71.71
0.74722,-71.71
0.74727,-71.71
0.74732,-71.71
0.74737,-71.71
0.74742,-71.71
0.74747,-71.721
0.74752,-71.721
0.74757,-71.721
0.74762,-71.725
0.74767,-71.721
0.74772,-71.719
0.74777,-71.716
0.74782,-71.716
0.74787,-71.724
0.74792,-71.728
0.74797,-71.731
0.74802,-71.749
0.74807,-71.749
0.74812,-71.755
0.74817,-71.783
0.74822,-71.794
0.74827,-71.796
0.74832,-71.799
0.74837,-71.804
0.74842,-71.804
0.74847,-71.804
0.74852,-71.806
0.74857,-71.812
0.74862,-71.82
0.74867,-71.826
0.74872,-71.835
0.74877,-71.842
0.74882,-71.843
0.74887,-71.846
0.74892,-71.843
0.74897,-71.847
0.74902,-71.855
0.74907,-71.852
0.74912,-71.858
0.74917,-71.862
0.74922,-71.866
0.74927,-71.877
0.74932,-71.882
0.74936,-71.878
0.74941,-71.874
0.74946,-71.875
0.74951,-71.872
0.74956,-71.874
0.74961,-71.885
0.74966,-71.894
0.74971,-71.899
0.74976,-71.902
0.74981,-71.902
0.74986,-71.91
0.74991,-71.91
0.74996,-71.915
0.75001,-71.936
0.75006,-71.943
0.75011,-71.948
0.75016,-71.949
0.75021,-71.946
0.75026,-71.948
0.75031,-71.949
0.75036,-71.947
0.75041,-71.947
0.75046,-71.949
0.75051,-71.953
0.75056,-71.959
0.75061,-71.962
0.75066,-71.961
0.75071,-71.956
0.75076,-71.955
0.75081,-71.955
0.75086,-71.958
0.75091,-71.971
0.75096,-71.977
0.75101,-71.977
0.75106,-71.968
0.75111,-71.977
0.75116,-71.98
0.75121,-71.988
0.75126,-71.994
0.75131,-71.997
0.75136,-72
0.75141,-71.997
0.75146,-71.988
0.75151,-71.992
0.75156,-71.997
0.75161,-71.994
0.75166,-71.997
0.75171,-72
0.75176,-72.007
0.75181,-72.014
0.75186,-72.017
0.75191,-72.013
0.75196,-72.005
0.75201,-72
0.75205,-72
0.7521,-72.005
0.75215,-72.005
0.7522,-72.005
0.75225,-72.006
0.7523,-72.009
0.75235,-72.012
0.7524,-72.009
0.75245,-72.001
0.7525,-71.999
0.75255,-71.999
0.7526,-72.002
0.75265,-72.011
0.7527,-72
0.75275,-72
0.7528,-72.002
0.75285,-72.013
0.7529,-72.025
0.75295,-72.023
0.753,-72.01
0.75305,-72.013
0.7531,-72.03
0.75315,-72.033
0.7532,-72.037
0.75325,-72.032
0.7533,-72.017
0.75335,-72.032
0.7534,-72.039
0.75345,-72.039
0.7535,-72.034
0.75355,-72.023
0.7536,-72.026
0.75365,-72.02
0.7537,-72.02
0.75375,-72.013
0.7538,-72.003
0.75385,-72
0.7539,-71.996
0.75395,-71.996
0.754,-71.991
0.75405,-71.982
0.7541,-71.975
0.75415,-71.965
0.7542,-71.965
0.75425,-71.957
0.7543,-71.953
0.75435,-71.949
0.7544,-71.946
0.75445,-71.946
0.7545,-71.949
0.75455,-71.946
0.7546,-71.943
0.75465,-71.939
0.7547,-71.926
0.75475,-71.915
0.75479,-71.915
0.75484,-71.915
0.75489,-71.915
0.75494,-71.915
0.75499,-71.915
0.75504,-71.908
0.75509,-71.904
0.75514,-71.897
0.75519,-71.886
0.75524,-71.887
0.75529,-71.888
0.75534,-71.88
0.75539,-71.883
0.75544,-71.875
0.75549,-71.875
0.75554,-71.875
0.75559,-71.883
0.75564,-71.883
0.75569,-71.883
0.75574,-71.89
0.75579,-71.888
0.75584,-71.888
0.75589,-71.887
0.75594,-71.887
0.75599,-71.888
0.75604,-71.888
0.75609,-71.89
0.75614,-71.891
0.75619,-71.89
0.75624,-71.891
0.75629,-71.896
0.75634,-71.898
0.75639,-71.902
0.75644,-71.901
0.75649,-71.904
0.75654,-71.904
0.75659,-71.911
0.75664,-71.918
0.75669,-71.918
0.75674,-71.918
0.75679,-71.923
0.75684,-71.93
0.75689,-71.93
0.75694,-71.929
0.75699,-71.932
0.75704,-71.934
0.75709,-71.936
0.75714,-71.943
0.75719,-71.943
0.75724,-71.955
0.75729,-71.975
0.75734,-71.977
0.75739,-71.973
0.75744,-71.975
0.75749,-71.975
0.75753,-71.981
0.75758,-71.981
0.75763,-71.982
0.75768,-71.984
0.75773,-71.982
0.75778,-71.983
0.75783,-71.984
0.75788,-71.988
0.75793,-71.986
0.75798,-71.991
0.75803,-71.989
0.75808,-71.994
0.75813,-71.995
0.75818,-71.992
0.75823,-71.991
0.75828,-71.989
0.75833,-71.994
0.75838,-71.997
0.75843,-71.997
0.75848,-71.994
0.75853,-71.991
0.75858,-71.991
0.75863,-71.992
0.75868,-71.993
0.75873,-71.988
0.75878,-71.984
0.75883,-71.982
0.75888,-71.985
0.75893,-71.985
0.75898,-71.988
0.75903,-71.992
0.75908,-71.991
0.75913,-71.991
0.75918,-71.996
0.75923,-71.996
0.75928,-71.999
0.75933,-71.995
0.75938,-71.994
0.75943,-71.992
0.75948,-71.994
0.75953,-71.994
0.75958,-71.991
0.75963,-71.997
0.75968,-72.003
0.75973,-72.003
0.75978,-71.997
0.75983,-71.988
0.75988,-71.983
0.75993,-71.988
0.75998,-71.993
0.76003,-71.988
0.76008,-71.982
0.76013,-71.988
0.76018,-71.988
0.76023,-71.988
0.76027,-71.988
0.76032,-71.984
0.76037,-71.982
0.76042,-71.985
0.76047,-71.985
0.76052,-71.98
0.76057,-71.975
0.76062,-71.97
0.76067,-71.968
0.76072,-71.971
0.76077,-71.974
0.76082,-71.974
0.76087,-71.972
0.76092,-71.975
0.76097,-71.979
0.76102,-71.977
0.76107,-71.975
0.76112,-71.978
0.76117,-71.978
0.76122,-71.981
0.76127,-71.986
0.76132,-71.991
0.76137,-71.993
0.76142,-71.992
0.76147,-71.984
0.76152,-71.98
0.76157,-71.98
0.76162,-71.98
0.76167,-71.975
0.76172,-71.968
0.76177,-71.968
0.76182,-71.977
0.76187,-71.983
0.76192,-71.984
0.76197,-71.987
0.76202,-71.98
0.76207,-71.977
0.76212,-71.975
0.76217,-71.975
0.76222,-71.973
0.76227,-71.971
0.76232,-71.976
0.76237,-71.976
0.76242,-71.978
0.76247,-71.979
0.76252,-71.978
0.76257,-71.976
0.76262,-71.973
0.76267,-71.971
0.76272,-71.97
0.76277,-71.97
0.76282,-71.97
0.76287,-71.971
0.76292,-71.973
0.76297,-71.973
0.76301,-71.972
0.76306,-71.972
0.76311,-71.972
0.76316,-71.971
0.76321,-71.971
0.76326,-71.971
0.76331,-71.97
0.76336,-71.966
0.76341,-71.966
0.76346,-71.963
0.76351,-71.963
0.76356,-71.953
0.76361,-71.96
0.76366,-71.961
0.76371,-71.965
0.76376,-71.967
0.76381,-71.962
0.76386,-71.958
0.76391,-71.965
0.76396,-71.972
0.76401,-71.974
0.76406,-71.972
0.76411,-71.971
0.76416,-71.965
0.76421,-71.955
0.76426,-71.958
0.76431,-71.967
0.76436,-71.97
0.76441,-71.97
0.76446,-71.983
0.76451,-72.004
0.76456,-72.023
0.76461,-72.023
0.76466,-72.026
0.76471,-72.028
0.76476,-72.029
0.76481,-72.029
0.76486,-72.029
0.76491,-72.03
0.76496,-72.032
0.76501,-72.034
0.76506,-72.04
0.76511,-72.047
0.76516,-72.055
0.76521,-72.059
0.76526,-72.068
0.76531,-72.071
0.76536,-72.082
0.76541,-72.082
0.76546,-72.084
0.76551,-72.091
0.76556,-72.092
0.76561,-72.092
0.76566,-72.099
0.76571,-72.095
0.76575,-72.097
0.7658,-72.097
0.76585,-72.096
0.7659,-72.094
0.76595,-72.094
0.766,-72.094
0.76605,-72.094
0.7661,-72.096
0.76615,-72.1
0.7662,-72.111
0.76625,-72.126
0.7663,-72.135
0.76635,-72.135
0.7664,-72.135
0.76645,-72.132
0.7665,-72.132
0.76655,-72.125
0.7666,-72.122
0.76665,-72.122
0.7667,-72.126
0.76675,-72.13
0.7668,-72.125
0.76685,-72.128
0.7669,-72.123
0.76695,-72.12
0.767,-72.118
0.76705,-72.118
0.7671,-72.115
0.76715,-72.113
0.7672,-72.113
0.76725,-72.113
0.7673,-72.11
0.76735,-72.11
0.7674,-72.109
0.76745,-72.102
0.7675,-72.085
0.76755,-72.071
0.7676,-72.061
0.76765,-72.058
0.7677,-72.052
0.76775,-72.042
0.7678,-72.04
0.76785,-72.04
0.7679,-72.04
0.76795,-72.039
0.768,-72.036
0.76805,-72.025
0.7681,-72.005
0.76815,-72.005
0.7682,-72.004
0.76825,-72.003
0.7683,-71.995
0.76835,-71.987
0.7684,-71.981
0.76845,-71.981
0.76849,-71.981
0.76854,-71.978
0.76859,-71.971
0.76864,-71.969
0.76869,-71.968
0.76874,-71.968
0.76879,-71.968
0.76884,-71.966
0.76889,-71.962
0.76894,-71.966
0.76899,-71.961
0.76904,-71.954
0.76909,-71.952
0.76914,-71.952
0.76919,-71.952
0.76924,-71.95
0.76929,-71.946
0.76934,-71.946
0.76939,-71.947
0.76944,-71.943
0.76949,-71.944
0.76954,-71.951
0.76959,-71.959
0.76964,-71.956
0.76969,-71.958
0.76974,-71.956
0.76979,-71.949
0.76984,-71.943
0.76989,-71.943
0.76994,-71.938
0.76999,-71.938
0.77004,-71.938
0.77009,-71.938
0.77014,-71.938
0.77019,-71.943
0.77024,-71.94
0.77029,-71.932
0.77034,-71.929
0.77039,-71.929
0.77044,-71.937
0.77049,-71.939
0.77054,-71.938
0.77059,-71.936
0.77064,-71.932
0.77069,-71.926
0.77074,-71.925
0.77079,-71.923
0.77084,-71.93
0.77089,-71.931
0.77094,-71.929
0.77099,-71.92
0.77104,-71.914
0.77109,-71.912
0.77114,-71.91
0.77119,-71.907
0.77123,-71.904
0.77128,-71.904
0.77133,-71.896
0.77138,-71.891
0.77143,-71.891
0.77148,-71.894
0.77153,-71.894
0.77158,-71.891
0.77163,-71.883
0.77168,-71.874
0.77173,-71.872
0.77178,-71.868
0.77183,-71.867
0.77188,-71.865
0.77193,-71.863
0.77198,-71.848
0.77203,-71.832
0.77208,-71.826
0.77213,-71.825
0.77218,-71.814
0.77223,-71.798
0.77228,-71.789
0.77233,-71.778
0.77238,-71.767
0.77243,-71.761
0.77248,-71.754
0.77253,-71.753
0.77258,-71.745
0.77263,-71.745
0.77268,-71.73
0.77273,-71.742
0.77278,-71.746
0.77283,-71.733
0.77288,-71.733
0.77293,-71.733
0.77298,-71.733
0.77303,-71.727
0.77308,-71.733
0.77313,-71.733
0.77318,-71.727
0.77323,-71.721
0.77328,-71.714
0.77333,-71.709
0.77338,-71.706
0.77343,-71.704
0.77348,-71.714
0.77353,-71.727
0.77358,-71.737
0.77363,-71.741
0.77368,-71.745
0.77373,-71.745
0.77378,-71.743
0.77383,-71.75
0.77388,-71.764
0.77393,-71.76
0.77397,-71.76
0.77402,-71.76
0.77407,-71.759
0.77412,-71.767
0.77417,-71.769
0.77422,-71.777
0.77427,-71.779
0.77432,-71.783
0.77437,-71.786
0.77442,-71.79
0.77447,-71.794
0.77452,-71.798
0.77457,-71.795
0.77462,-71.791
0.77467,-71.793
0.77472,-71.798
0.77477,-71.796
0.77482,-71.792
0.77487,-71.791
0.77492,-71.79
0.77497,-71.788
0.77502,-71.787
0.77507,-71.782
0.77512,-71.782
0.77517,-71.784
0.77522,-71.769
0.77527,-71.753
0.77532,-71.744
0.77537,-71.74
0.77542,-71.734
0.77547,-71.733
0.77552,-71.732
0.77557,-71.724
0.77562,-71.715
0.77567,-71.704
0.77572,-71.697
0.77577,-71.686
0.77582,-71.674
0.77587,-71.652
0.77592,-71.637
0.77597,-71.634
0.77602,-71.616
0.77607,-71.605
0.77612,-71.587
0.77617,-71.572
0.77622,-71.566
0.77627,-71.551
0.77632,-71.544
0.77637,-71.539
0.77642,-71.532
0.77647,-71.508
0.77652,-71.485
0.77657,-71.479
0.77662,-71.475
0.77667,-71.473
0.77671,-71.468
0.77676,-71.463
0.77681,-71.458
0.77686,-71.453
0.77691,-71.448
0.77696,-71.448
0.77701,-71.44
0.77706,-71.432
0.77711,-71.421
0.77716,-71.408
0.77721,-71.406
0.77726,-71.406
0.77731,-71.404
0.77736,-71.402
0.77741,-71.399
0.77746,-71.399
0.77751,-71.399
0.77756,-71.397
0.77761,-71.395
0.77766,-71.392
0.77771,-71.389
0.77776,-71.392
0.77781,-71.399
0.77786,-71.408
0.77791,-71.417
0.77796,-71.422
0.77801,-71.434
0.77806,-71.443
0.77811,-71.445
0.77816,-71.451
0.77821,-71.457
0.77826,-71.466
0.77831,-71.48
0.77836,-71.491
0.77841,-71.497
0.77846,-71.505
0.77851,-71.512
0.77856,-71.514
0.77861,-71.517
0.77866,-71.523
0.77871,-71.523
0.77876,-71.531
0.77881,-71.54
0.77886,-71.551
0.77891,-71.561
0.77896,-71.571
0.77901,-71.592
0.77906,-71.604
0.77911,-71.611
0.77916,-71.617
0.77921,-71.621
0.77926,-71.626
0.77931,-71.641
0.77936,-71.653
0.77941,-71.663
0.77945,-71.676
0.7795,-71.684
0.77955,-71.688
0.7796,-71.691
0.77965,-71.691
0.7797,-71.695
0.77975,-71.698
0.7798,-71.698
0.77985,-71.701
0.7799,-71.712
0.77995,-71.724
0.78,-71.733
0.78005,-71.74
0.7801,-71.74
0.78015,-71.743
0.7802,-71.749
0.78025,-71.753
0.7803,-71.762
0.78035,-71.768
0.7804,-71.775
0.78045,-71.772
0.7805,-71.772
0.78055,-71.774
0.7806,-71.785
0.78065,-71.785
0.7807,-71.791
0.78075,-71.803
0.7808,-71.804
0.78085,-71.798
0.7809,-71.802
0.78095,-71.807
0.781,-71.809
0.78105,-71.813
0.7811,-71.814
0.78115,-71.818
0.7812,-71.823
0.78125,-71.824
0.7813,-71.823
0.78135,-71.823
0.7814,-71.825
0.78145,-71.835
0.7815,-71.835
0.78155,-71.842
0.7816,-71.843
0.78165,-71.846
0.7817,-71.846
0.78175,-71.846
0.7818,-71.847
0.78185,-71.845
0.7819,-71.842
0.78195,-71.842
0.782,-71.845
0.78205,-71.856
0.7821,-71.865
0.78215,-71.865
0.78219,-71.874
0.78224,-71.882
0.78229,-71.886
0.78234,-71.879
0.78239,-71.875
0.78244,-71.876
0.78249,-71.878
0.78254,-71.885
0.78259,-71.883
0.78264,-71.875
0.78269,-71.875
0.78274,-71.881
0.78279,-71.879
0.78284,-71.88
0.78289,-71.878
0.78294,-71.88
0.78299,-71.885
0.78304,-71.894
0.78309,-71.894
0.78314,-71.894
0.78319,-71.891
0.78324,-71.889
0.78329,-71.891
0.78334,-71.899
0.78339,-71.907
0.78344,-71.91
0.78349,-71.918
0.78354,-71.931
0.78359,-71.936
0.78364,-71.94
0.78369,-71.946
0.78374,-71.953
0.78379,-71.962
0.78384,-71.967
0.78389,-71.967
0.78394,-71.967
0.78399,-71.968
0.78404,-71.973
0.78409,-71.974
0.78414,-71.982
0.78419,-71.982
0.78424,-71.982
0.78429,-71.983
0.78434,-71.986
0.78439,-71.992
0.78444,-71.992
0.78449,-71.998
0.78454,-72
0.78459,-72
0.78464,-72.007
0.78469,-72.007
0.78474,-72.004
0.78479,-72.004
0.78484,-72.007
0.78489,-72.008
0.78493,-72.011
0.78498,-72.011
0.78503,-72.018
0.78508,-72.026
0.78513,-72.03
0.78518,-72.034
0.78523,-72.034
0.78528,-72.03
0.78533,-72.03
0.78538,-72.041
0.78543,-72.047
0.78548,-72.05
0.78553,-72.047
0.78558,-72.047
0.78563,-72.047
0.78568,-72.05
0.78573,-72.054
0.78578,-72.058
0.78583,-72.05
0.78588,-72.047
0.78593,-72.048
0.78598,-72.048
0.78603,-72.043
0.78608,-72.036
0.78613,-72.032
0.78618,-72.032
0.78623,-72.038
0.78628,-72.042
0.78633,-72.042
0.78638,-72.042
0.78643,-72.048
0.78648,-72.045
0.78653,-72.036
0.78658,-72.036
0.78663,-72.034
0.78668,-72.032
0.78673,-72.028
0.78678,-72.026
0.78683,-72.024
0.78688,-72.022
0.78693,-72.02
0.78698,-72.018
0.78703,-72.023
0.78708,-72.022
0.78713,-72.014
0.78718,-72.007
0.78723,-72.007
0.78728,-72.007
0.78733,-72.007
0.78738,-72.007
0.78743,-72.004
0.78748,-72.007
0.78753,-72.006
0.78758,-72
0.78763,-71.984
0.78767,-71.978
0.78772,-71.978
0.78777,-71.978
0.78782,-71.975
0.78787,-71.966
0.78792,-71.962
0.78797,-71.959
0.78802,-71.955
0.78807,-71.944
0.78812,-71.936
0.78817,-71.927
0.78822,-71.918
0.78827,-71.912
0.78832,-71.908
0.78837,-71.907
0.78842,-71.904
0.78847,-71.899
0.78852,-71.897
0.78857,-71.898
0.78862,-71.897
0.78867,-71.896
0.78872,-71.885
0.78877,-71.875
0.78882,-71.869
0.78887,-71.868
0.78892,-71.865
0.78897,-71.862
0.78902,-71.865
0.78907,-71.866
0.78912,-71.868
0.78917,-71.865
0.78922,-71.855
0.78927,-71.844
0.78932,-71.847
0.78937,-71.85
0.78942,-71.856
0.78947,-71.859
0.78952,-71.855
0.78957,-71.855
0.78962,-71.859
0.78967,-71.86
0.78972,-71.862
0.78977,-71.86
0.78982,-71.859
0.78987,-71.855
0.78992,-71.851
0.78997,-71.851
0.79002,-71.851
0.79007,-71.851
0.79012,-71.851
0.79017,-71.849
0.79022,-71.852
0.79027,-71.856
0.79032,-71.859
0.79037,-71.859
0.79041,-71.86
0.79046,-71.861
0.79051,-71.867
0.79056,-71.867
0.79061,-71.867
0.79066,-71.874
0.79071,-71.878
0.79076,-71.881
0.79081,-71.889
0.79086,-71.896
0.79091,-71.898
0.79096,-71.901
0.79101,-71.902
0.79106,-71.907
0.79111,-71.907
0.79116,-71.911
0.79121,-71.913
0.79126,-71.913
0.79131,-71.911
0.79136,-71.914
0.79141,-71.917
0.79146,-71.913
0.79151,-71.91
0.79156,-71.907
0.79161,-71.909
0.79166,-71.912
0.79171,-71.912
0.79176,-71.912
0.79181,-71.909
0.79186,-71.906
0.79191,-71.902
0.79196,-71.897
0.79201,-71.888
0.79206,-71.881
0.79211,-71.872
0.79216,-71.856
0.79221,-71.848
0.79226,-71.844
0.79231,-71.838
0.79236,-71.835
0.79241,-71.826
0.79246,-71.814
0.79251,-71.807
0.79256,-71.806
0.79261,-71.804
0.79266,-71.801
0.79271,-71.796
0.79276,-71.796
0.79281,-71.783
0.79286,-71.763
0.79291,-71.752
0.79296,-71.749
0.79301,-71.747
0.79306,-71.746
0.79311,-71.741
0.79315,-71.732
0.7932,-71.727
0.79325,-71.727
0.7933,-71.727
0.79335,-71.724
0.7934,-71.722
0.79345,-71.72
0.7935,-71.717
0.79355,-71.716
0.7936,-71.716
0.79365,-71.718
0.7937,-71.721
0.79375,-71.723
0.7938,-71.727
0.79385,-71.726
0.7939,-71.723
0.79395,-71.723
0.794,-71.724
0.79405,-71.73
0.7941,-71.73
0.79415,-71.727
0.7942,-71.728
0.79425,-71.724
0.7943,-71.726
0.79435,-71.74
0.7944,-71.753
0.79445,-71.759
0.7945,-71.763
0.79455,-71.766
0.7946,-71.768
0.79465,-71.768
0.7947,-71.772
0.79475,-71.772
0.7948,-71.775
0.79485,-71.777
0.7949,-71.777
0.79495,-71.786
0.795,-71.792
0.79505,-71.792
0.7951,-71.792
0.79515,-71.793
0.7952,-71.794
0.79525,-71.798
0.7953,-71.797
0.79535,-71.797
0.7954,-71.801
0.79545,-71.799
0.7955,-71.796
0.79555,-71.793
0.7956,-71.794
0.79565,-71.797
0.7957,-71.798
0.79575,-71.799
0.7958,-71.796
0.79585,-71.793
0.79589,-71.791
0.79594,-71.798
0.79599,-71.811
0.79604,-71.808
0.79609,-71.805
0.79614,-71.802
0.79619,-71.802
0.79624,-71.802
0.79629,-71.798
0.79634,-71.798
0.79639,-71.794
0.79644,-71.791
0.79649,-71.785
0.79654,-71.779
0.79659,-71.77
0.79664,-71.769
0.79669,-71.764
0.79674,-71.769
0.79679,-71.769
0.79684,-71.774
0.79689,-71.77
0.79694,-71.767
0.79699,-71.768
0.79704,-71.769
0.79709,-71.77
0.79714,-71.773
0.79719,-71.782
0.79724,-71.782
0.79729,-71.782
0.79734,-71.782
0.79739,-71.79
0.79744,-71.782
0.79749,-71.782
0.79754,-71.772
0.79759,-71.772
0.79764,-71.77
0.79769,-71.767
0.79774,-71.77
0.79779,-71.777
0.79784,-71.79
0.79789,-71.802
0.79794,-71.81
0.79799,-71.81
0.79804,-71.808
0.79809,-71.805
0.79814,-71.805
0.79819,-71.806
0.79824,-71.803
0.79829,-71.784
0.79834,-71.798
0.79839,-71.801
0.79844,-71.798
0.79849,-71.798
0.79854,-71.799
0.79859,-71.799
0.79863,-71.799
0.79868,-71.809
0.79873,-71.813
0.79878,-71.817
0.79883,-71.817
0.79888,-71.82
0.79893,-71.824
0.79898,-71.824
0.79903,-71.829
0.79908,-71.824
0.79913,-71.824
0.79918,-71.824
0.79923,-71.824
0.79928,-71.818
0.79933,-71.819
0.79938,-71.823
0.79943,-71.823
0.79948,-71.822
0.79953,-71.817
0.79958,-71.811
0.79963,-71.807
0.79968,-71.812
0.79973,-71.814
0.79978,-71.811
0.79983,-71.805
0.79988,-71.798
0.79993,-71.794
0.79998,-71.794
0.80003,-71.798
0.80008,-71.803
0.80013,-71.811
0.80018,-71.811
0.80023,-71.814
0.80028,-71.816
0.80033,-71.816
0.80038,-71.811
0.80043,-71.812
0.80048,-71.812
0.80053,-71.809
0.80058,-71.807
0.80063,-71.805
0.80068,-71.804
0.80073,-71.804
0.80078,-71.807
0.80083,-71.804
0.80088,-71.801
0.80093,-71.801
0.80098,-71.802
0.80103,-71.809
0.80108,-71.812
0.80113,-71.818
0.80118,-71.811
0.80123,-71.805
0.80128,-71.805
0.80133,-71.798
0.80137,-71.794
0.80142,-71.791
0.80147,-71.796
0.80152,-71.794
0.80157,-71.797
0.80162,-71.797
0.80167,-71.79
0.80172,-71.788
0.80177,-71.788
0.80182,-71.789
0.80187,-71.785
0.80192,-71.772
0.80197,-71.765
0.80202,-71.763
0.80207,-71.758
0.80212,-71.739
0.80217,-71.72
0.80222,-71.708
0.80227,-71.7
0.80232,-71.694
0.80237,-71.688
0.80242,-71.686
0.80247,-71.685
0.80252,-71.682
0.80257,-71.668
0.80262,-71.647
0.80267,-71.637
0.80272,-71.637
0.80277,-71.634
0.80282,-71.615
0.80287,-71.6
0.80292,-71.595
0.80297,-71.58
0.80302,-71.571
0.80307,-71.565
0.80312,-71.558
0.80317,-71.55
0.80322,-71.537
0.80327,-71.524
0.80332,-71.509
0.80337,-71.494
0.80342,-71.478
0.80347,-71.467
0.80352,-71.456
0.80357,-71.445
0.80362,-71.445
0.80367,-71.44
0.80372,-71.432
0.80377,-71.42
0.80382,-71.42
0.80387,-71.42
0.80392,-71.41
0.80397,-71.406
0.80402,-71.403
0.80407,-71.389
0.80411,-71.381
0.80416,-71.374
0.80421,-71.377
0.80426,-71.376
0.80431,-71.373
0.80436,-71.363
0.80441,-71.363
0.80446,-71.358
0.80451,-71.358
0.80456,-71.357
0.80461,-71.351
0.80466,-71.346
0.80471,-71.341
0.80476,-71.337
0.80481,-71.344
0.80486,-71.344
0.80491,-71.347
0.80496,-71.354
0.80501,-71.356
0.80506,-71.355
0.80511,-71.356
0.80516,-71.354
0.80521,-71.354
0.80526,-71.354
0.80531,-71.35
0.80536,-71.35
0.80541,-71.349
0.80546,-71.346
0.80551,-71.339
0.80556,-71.33
0.80561,-71.322
0.80566,-71.321
0.80571,-71.318
0.80576,-71.31
0.80581,-71.299
0.80586,-71.283
0.80591,-71.271
0.80596,-71.268
0.80601,-71.27
0.80606,-71.273
0.80611,-71.26
0.80616,-71.256
0.80621,-71.261
0.80626,-71.265
0.80631,-71.261
0.80636,-71.258
0.80641,-71.259
0.80646,-71.262
0.80651,-71.264
0.80656,-71.271
0.80661,-71.271
0.80666,-71.264
0.80671,-71.264
0.80676,-71.268
0.80681,-71.277
0.80685,-71.288
0.8069,-71.288
0.80695,-71.277
0.807,-71.28
0.80705,-71.284
0.8071,-71.284
0.80715,-71.283
0.8072,-71.281
0.80725,-71.28
0.8073,-71.281
0.80735,-71.286
0.8074,-71.296
0.80745,-71.301
0.8075,-71.297
0.80755,-71.298
0.8076,-71.301
0.80765,-71.306
0.8077,-71.306
0.80775,-71.306
0.8078,-71.305
0.80785,-71.307
0.8079,-71.317
0.80795,-71.325
0.808,-71.325
0.80805,-71.327
0.8081,-71.328
0.80815,-71.328
0.8082,-71.328
0.80825,-71.328
0.8083,-71.324
0.80835,-71.323
0.8084,-71.325
0.80845,-71.322
0.8085,-71.315
0.80855,-71.313
0.8086,-71.315
0.80865,-71.316
0.8087,-71.315
0.80875,-71.314
0.8088,-71.315
0.80885,-71.316
0.8089,-71.326
0.80895,-71.334
0.809,-71.347
0.80905,-71.355
0.8091,-71.359
0.80915,-71.363
0.8092,-71.368
0.80925,-71.366
0.8093,-71.369
0.80935,-71.374
0.8094,-71.371
0.80945,-71.365
0.8095,-71.365
0.80955,-71.376
0.80959,-71.365
0.80964,-71.36
0.80969,-71.36
0.80974,-71.365
0.80979,-71.375
0.80984,-71.38
0.80989,-71.386
0.80994,-71.386
0.80999,-71.388
0.81004,-71.382
0.81009,-71.378
0.81014,-71.375
0.81019,-71.375
0.81024,-71.375
0.81029,-71.37
0.81034,-71.367
0.81039,-71.363
0.81044,-71.365
0.81049,-71.365
0.81054,-71.363
0.81059,-71.363
0.81064,-71.362
0.81069,-71.359
0.81074,-71.353
0.81079,-71.35
0.81084,-71.35
0.81089,-71.35
0.81094,-71.347
0.81099,-71.349
0.81104,-71.352
0.81109,-71.354
0.81114,-71.355
0.81119,-71.349
0.81124,-71.354
0.81129,-71.352
0.81134,-71.349
0.81139,-71.349
0.81144,-71.354
0.81149,-71.35
0.81154,-71.337
0.81159,-71.337
0.81164,-71.331
0.81169,-71.326
0.81174,-71.326
0.81179,-71.326
0.81184,-71.329
0.81189,-71.339
0.81194,-71.344
0.81199,-71.35
0.81204,-71.347
0.81209,-71.347
0.81214,-71.35
0.81219,-71.347
0.81224,-71.344
0.81229,-71.34
0.81233,-71.338
0.81238,-71.341
0.81243,-71.345
0.81248,-71.345
0.81253,-71.341
0.81258,-71.338
0.81263,-71.336
0.81268,-71.333
0.81273,-71.325
0.81278,-71.323
0.81283,-71.31
0.81288,-71.293
0.81293,-71.293
0.81298,-71.293
0.81303,-71.293
0.81308,-71.292
0.81313,-71.297
0.81318,-71.305
0.81323,-71.318
0.81328,-71.318
0.81333,-71.323
0.81338,-71.325
0.81343,-71.328
0.81348,-71.32
0.81353,-71.312
0.81358,-71.305
0.81363,-71.298
0.81368,-71.296
0.81373,-71.291
0.81378,-71.291
0.81383,-71.294
0.81388,-71.294
0.81393,-71.292
0.81398,-71.292
0.81403,-71.287
0.81408,-71.28
0.81413,-71.28
0.81418,-71.279
0.81423,-71.274
0.81428,-71.267
0.81433,-71.267
0.81438,-71.267
0.81443,-71.262
0.81448,-71.26
0.81453,-71.253
0.81458,-71.246
0.81463,-71.244
0.81468,-71.24
0.81473,-71.233
0.81478,-71.229
0.81483,-71.225
0.81488,-71.219
0.81493,-71.219
0.81498,-71.222
0.81503,-71.225
0.81507,-71.233
0.81512,-71.228
0.81517,-71.228
0.81522,-71.234
0.81527,-71.234
0.81532,-71.245
0.81537,-71.251
0.81542,-71.251
0.81547,-71.252
0.81552,-71.252
0.81557,-71.25
0.81562,-71.251
0.81567,-71.253
0.81572,-71.253
0.81577,-71.254
0.81582,-71.257
0.81587,-71.258
0.81592,-71.258
0.81597,-71.258
0.81602,-71.265
0.81607,-71.27
0.81612,-71.267
0.81617,-71.27
0.81622,-71.27
0.81627,-71.273
0.81632,-71.273
0.81637,-71.273
0.81642,-71.27
0.81647,-71.27
0.81652,-71.267
0.81657,-71.263
0.81662,-71.257
0.81667,-71.261
0.81672,-71.265
0.81677,-71.259
0.81682,-71.252
0.81687,-71.251
0.81692,-71.251
0.81697,-71.25
0.81702,-71.25
0.81707,-71.25
0.81712,-71.25
0.81717,-71.251
0.81722,-71.252
0.81727,-71.251
0.81732,-71.251
0.81737,-71.254
0.81742,-71.254
0.81747,-71.254
0.81752,-71.254
0.81757,-71.254
0.81762,-71.258
0.81767,-71.258
0.81772,-71.257
0.81777,-71.254
0.81781,-71.25
0.81786,-71.25
0.81791,-71.25
0.81796,-71.25
0.81801,-71.252
0.81806,-71.248
0.81811,-71.246
0.81816,-71.244
0.81821,-71.251
0.81826,-71.251
0.81831,-71.244
0.81836,-71.245
0.81841,-71.256
0.81846,-71.263
0.81851,-71.263
0.81856,-71.266
0.81861,-71.268
0.81866,-71.268
0.81871,-71.268
0.81876,-71.266
0.81881,-71.266
0.81886,-71.263
0.81891,-71.261
0.81896,-71.263
0.81901,-71.262
0.81906,-71.259
0.81911,-71.26
0.81916,-71.269
0.81921,-71.276
0.81926,-71.282
0.81931,-71.286
0.81936,-71.291
0.81941,-71.286
0.81946,-71.291
0.81951,-71.295
0.81956,-71.296
0.81961,-71.301
0.81966,-71.301
0.81971,-71.301
0.81976,-71.306
0.81981,-71.309
0.81986,-71.308
0.81991,-71.303
0.81996,-71.299
0.82001,-71.299
0.82006,-71.296
0.82011,-71.286
0.82016,-71.28
0.82021,-71.285
0.82026,-71.289
0.82031,-71.292
0.82036,-71.296
0.82041,-71.303
0.82046,-71.312
0.82051,-71.32
0.82055,-71.327
0.8206,-71.334
0.82065,-71.344
0.8207,-71.355
0.82075,-71.364
0.8208,-71.373
0.82085,-71.38
0.8209,-71.386
0.82095,-71.389
0.821,-71.404
0.82105,-71.414
0.8211,-71.418
0.82115,-71.419
0.8212,-71.424
0.82125,-71.435
0.8213,-71.448
0.82135,-71.458
0.8214,-71.461
0.82145,-71.464
0.8215,-71.466
0.82155,-71.469
0.8216,-71.478
0.82165,-71.487
0.8217,-71.485
0.82175,-71.485
0.8218,-71.487
0.82185,-71.489
0.8219,-71.499
0.82195,-71.511
0.822,-71.518
0.82205,-71.518
0.8221,-71.518
0.82215,-71.518
0.8222,-71.516
0.82225,-71.514
0.8223,-71.506
0.82235,-71.495
0.8224,-71.5
0.82245,-71.507
0.8225,-71.507
0.82255,-71.494
0.8226,-71.488
0.82265,-71.485
0.8227,-71.485
0.82275,-71.485
0.8228,-71.478
0.82285,-71.473
0.8229,-71.477
0.82295,-71.481
0.823,-71.482
0.82305,-71.476
0.8231,-71.465
0.82315,-71.457
0.8232,-71.455
0.82325,-71.455
0.82329,-71.453
0.82334,-71.449
0.82339,-71.437
0.82344,-71.437
0.82349,-71.429
0.82354,-71.417
0.82359,-71.415
0.82364,-71.4
0.82369,-71.382
0.82374,-71.383
0.82379,-71.383
0.82384,-71.387
0.82389,-71.398
0.82394,-71.402
0.82399,-71.404
0.82404,-71.404
0.82409,-71.407
0.82414,-71.413
0.82419,-71.421
0.82424,-71.424
0.82429,-71.418
0.82434,-71.422
0.82439,-71.427
0.82444,-71.44
0.82449,-71.44
0.82454,-71.431
0.82459,-71.428
0.82464,-71.431
0.82469,-71.435
0.82474,-71.445
0.82479,-71.445
0.82484,-71.455
0.82489,-71.457
0.82494,-71.46
0.82499,-71.46
0.82504,-71.46
0.82509,-71.463
0.82514,-71.468
0.82519,-71.474
0.82524,-71.479
0.82529,-71.486
0.82534,-71.487
0.82539,-71.482
0.82544,-71.482
0.82549,-71.479
0.82554,-71.479
0.82559,-71.479
0.82564,-71.479
0.82569,-71.475
0.82574,-71.472
0.82579,-71.469
0.82584,-71.467
0.82589,-71.464
0.82594,-71.467
0.82599,-71.469
0.82603,-71.469
0.82608,-71.469
0.82613,-71.469
0.82618,-71.469
0.82623,-71.468
0.82628,-71.468
0.82633,-71.467
0.82638,-71.466
0.82643,-71.466
0.82648,-71.468
0.82653,-71.468
0.82658,-71.468
0.82663,-71.466
0.82668,-71.463
0.82673,-71.46
0.82678,-71.46
0.82683,-71.457
0.82688,-71.452
0.82693,-71.45
0.82698,-71.452
0.82703,-71.452
0.82708,-71.452
0.82713,-71.444
0.82718,-71.451
0.82723,-71.45
0.82728,-71.45
0.82733,-71.45
0.82738,-71.45
0.82743,-71.451
0.82748,-71.45
0.82753,-71.45
0.82758,-71.444
0.82763,-71.441
0.82768,-71.435
0.82773,-71.431
0.82778,-71.431
0.82783,-71.432
0.82788,-71.437
0.82793,-71.437
0.82798,-71.435
0.82803,-71.437
0.82808,-71.44
0.82813,-71.44
0.82818,-71.438
0.82823,-71.437
0.82828,-71.438
0.82833,-71.441
0.82838,-71.445
0.82843,-71.445
0.82848,-71.442
0.82853,-71.44
0.82858,-71.44
0.82863,-71.444
0.82868,-71.444
0.82873,-71.443
0.82877,-71.441
0.82882,-71.441
0.82887,-71.441
0.82892,-71.44
0.82897,-71.438
0.82902,-71.434
0.82907,-71.424
0.82912,-71.421
0.82917,-71.415
0.82922,-71.406
0.82927,-71.406
0.82932,-71.406
0.82937,-71.406
0.82942,-71.4
0.82947,-71.395
0.82952,-71.394
0.82957,-71.392
0.82962,-71.39
0.82967,-71.392
0.82972,-71.389
0.82977,-71.389
0.82982,-71.389
0.82987,-71.389
0.82992,-71.389
0.82997,-71.379
0.83002,-71.368
0.83007,-71.366
0.83012,-71.363
0.83017,-71.352
0.83022,-71.34
0.83027,-71.334
0.83032,-71.306
0.83037,-71.306
0.83042,-71.305
0.83047,-71.288
0.83052,-71.279
0.83057,-71.277
0.83062,-71.277
0.83067,-71.279
0.83072,-71.278
0.83077,-71.276
0.83082,-71.267
0.83087,-71.263
0.83092,-71.263
0.83097,-71.264
0.83102,-71.273
0.83107,-71.279
0.83112,-71.281
0.83117,-71.281
0.83122,-71.283
0.83127,-71.285
0.83132,-71.286
0.83137,-71.286
0.83142,-71.286
0.83147,-71.286
0.83151,-71.292
0.83156,-71.292
0.83161,-71.297
0.83166,-71.299
0.83171,-71.309
0.83176,-71.32
0.83181,-71.325
0.83186,-71.325
0.83191,-71.325
0.83196,-71.328
0.83201,-71.334
0.83206,-71.334
0.83211,-71.328
0.83216,-71.326
0.83221,-71.329
0.83226,-71.329
0.83231,-71.329
0.83236,-71.326
0.83241,-71.326
0.83246,-71.325
0.83251,-71.322
0.83256,-71.317
0.83261,-71.312
0.83266,-71.311
0.83271,-71.309
0.83276,-71.312
0.83281,-71.318
0.83286,-71.323
0.83291,-71.325
0.83296,-71.327
0.83301,-71.328
0.83306,-71.331
0.83311,-71.331
0.83316,-71.331
0.83321,-71.331
0.83326,-71.328
0.83331,-71.326
0.83336,-71.326
0.83341,-71.329
0.83346,-71.33
0.83351,-71.328
0.83356,-71.326
0.83361,-71.322
0.83366,-71.32
0.83371,-71.32
0.83376,-71.317
0.83381,-71.317
0.83386,-71.317
0.83391,-71.314
0.83396,-71.309
0.83401,-71.306
0.83406,-71.308
0.83411,-71.311
0.83416,-71.31
0.83421,-71.305
0.83425,-71.3
0.8343,-71.298
0.83435,-71.298
0.8344,-71.289
0.83445,-71.289
0.8345,-71.28
0.83455,-71.276
0.8346,-71.278
0.83465,-71.281
0.8347,-71.275
0.83475,-71.275
0.8348,-71.275
0.83485,-71.268
0.8349,-71.267
0.83495,-71.268
0.835,-71.268
0.83505,-71.268
0.8351,-71.265
0.83515,-71.265
0.8352,-71.261
0.83525,-71.257
0.8353,-71.254
0.83535,-71.25
0.8354,-71.252
0.83545,-71.254
0.8355,-71.254
0.83555,-71.254
0.8356,-71.254
0.83565,-71.256
0.8357,-71.26
0.83575,-71.263
0.8358,-71.268
0.83585,-71.268
0.8359,-71.268
0.83595,-71.271
0.836,-71.27
0.83605,-71.269
0.8361,-71.267
0.83615,-71.263
0.8362,-71.267
0.83625,-71.273
0.8363,-71.282
0.83635,-71.292
0.8364,-71.293
0.83645,-71.296
0.8365,-71.299
0.83655,-71.299
0.8366,-71.304
0.83665,-71.308
0.8367,-71.308
0.83675,-71.309
0.8368,-71.316
0.83685,-71.316
0.8369,-71.314
0.83695,-71.312
0.83699,-71.308
0.83704,-71.311
0.83709,-71.309
0.83714,-71.306
0.83719,-71.303
0.83724,-71.304
0.83729,-71.304
0.83734,-71.305
0.83739,-71.305
0.83744,-71.303
0.83749,-71.303
0.83754,-71.303
0.83759,-71.303
0.83764,-71.303
0.83769,-71.303
0.83774,-71.308
0.83779,-71.311
0.83784,-71.314
0.83789,-71.314
0.83794,-71.307
0.83799,-71.298
0.83804,-71.295
0.83809,-71.292
0.83814,-71.287
0.83819,-71.288
0.83824,-71.287
0.83829,-71.283
0.83834,-71.275
0.83839,-71.271
0.83844,-71.276
0.83849,-71.28
0.83854,-71.276
0.83859,-71.274
0.83864,-71.28
0.83869,-71.279
0.83874,-71.278
0.83879,-71.28
0.83884,-71.285
0.83889,-71.278
0.83894,-71.268
0.83899,-71.264
0.83904,-71.26
0.83909,-71.258
0.83914,-71.258
0.83919,-71.262
0.83924,-71.263
0.83929,-71.262
0.83934,-71.265
0.83939,-71.268
0.83944,-71.267
0.83949,-71.264
0.83954,-71.261
0.83959,-71.258
0.83964,-71.257
0.83969,-71.262
0.83973,-71.262
0.83978,-71.268
0.83983,-71.27
0.83988,-71.27
0.83993,-71.27
0.83998,-71.274
0.84003,-71.278
0.84008,-71.285
0.84013,-71.291
0.84018,-71.296
0.84023,-71.297
0.84028,-71.305
0.84033,-71.312
0.84038,-71.317
0.84043,-71.323
0.84048,-71.331
0.84053,-71.335
0.84058,-71.343
0.84063,-71.354
0.84068,-71.359
0.84073,-71.359
0.84078,-71.357
0.84083,-71.354
0.84088,-71.357
0.84093,-71.36
0.84098,-71.364
0.84103,-71.37
0.84108,-71.37
0.84113,-71.373
0.84118,-71.373
0.84123,-71.373
0.84128,-71.373
0.84133,-71.367
0.84138,-71.362
0.84143,-71.358
0.84148,-71.362
0.84153,-71.364
0.84158,-71.366
0.84163,-71.383
0.84168,-71.38
0.84173,-71.383
0.84178,-71.381
0.84183,-71.378
0.84188,-71.375
0.84193,-71.377
0.84198,-71.38
0.84203,-71.382
0.84208,-71.384
0.84213,-71.384
0.84218,-71.383
0.84223,-71.37
0.84228,-71.354
0.84233,-71.344
0.84238,-71.342
0.84243,-71.34
0.84247,-71.329
0.84252,-71.305
0.84257,-71.284
0.84262,-71.277
0.84267,-71.268
0.84272,-71.264
0.84277,-71.256
0.84282,-71.25
0.84287,-71.249
0.84292,-71.249
0.84297,-71.249
0.84302,-71.249
0.84307,-71.249
0.84312,-71.249
0.84317,-71.25
0.84322,-71.248
0.84327,-71.252
0.84332,-71.254
0.84337,-71.255
0.84342,-71.26
0.84347,-71.263
0.84352,-71.263
0.84357,-71.259
0.84362,-71.254
0.84367,-71.254
0.84372,-71.26
0.84377,-71.26
0.84382,-71.256
0.84387,-71.255
0.84392,-71.257
0.84397,-71.26
0.84402,-71.259
0.84407,-71.254
0.84412,-71.253
0.84417,-71.243
0.84422,-71.236
0.84427,-71.236
0.84432,-71.236
0.84437,-71.239
0.84442,-71.247
0.84447,-71.244
0.84452,-71.241
0.84457,-71.247
0.84462,-71.247
0.84467,-71.252
0.84472,-71.258
0.84477,-71.259
0.84482,-71.26
0.84487,-71.262
0.84492,-71.261
0.84497,-71.262
0.84502,-71.262
0.84507,-71.265
0.84512,-71.267
0.84517,-71.27
0.84521,-71.273
0.84526,-71.275
0.84531,-71.276
0.84536,-71.276
0.84541,-71.275
0.84546,-71.274
0.84551,-71.273
0.84556,-71.272
0.84561,-71.269
0.84566,-71.269
0.84571,-71.267
0.84576,-71.267
0.84581,-71.267
0.84586,-71.267
0.84591,-71.267
0.84596,-71.271
0.84601,-71.273
0.84606,-71.277
0.84611,-71.279
0.84616,-71.28
0.84621,-71.28
0.84626,-71.286
0.84631,-71.284
0.84636,-71.28
0.84641,-71.279
0.84646,-71.287
0.84651,-71.292
0.84656,-71.304
0.84661,-71.304
0.84666,-71.296
0.84671,-71.306
0.84676,-71.316
0.84681,-71.321
0.84686,-71.318
0.84691,-71.321
0.84696,-71.325
0.84701,-71.327
0.84706,-71.329
0.84711,-71.334
0.84716,-71.336
0.84721,-71.334
0.84726,-71.333
0.84731,-71.332
0.84736,-71.334
0.84741,-71.343
0.84746,-71.343
0.84751,-71.343
0.84756,-71.343
0.84761,-71.343
0.84766,-71.334
0.84771,-71.33
0.84776,-71.328
0.84781,-71.324
0.84786,-71.328
0.84791,-71.328
0.84795,-71.329
0.848,-71.336
0.84805,-71.342
0.8481,-71.344
0.84815,-71.345
0.8482,-71.344
0.84825,-71.345
0.8483,-71.345
0.84835,-71.345
0.8484,-71.345
0.84845,-71.342
0.8485,-71.339
0.84855,-71.345
0.8486,-71.351
0.84865,-71.347
0.8487,-71.347
0.84875,-71.35
0.8488,-71.354
0.84885,-71.357
0.8489,-71.357
0.84895,-71.357
0.849,-71.357
0.84905,-71.362
0.8491,-71.366
0.84915,-71.369
0.8492,-71.374
0.84925,-71.374
0.8493,-71.379
0.84935,-71.378
0.8494,-71.381
0.84945,-71.381
0.8495,-71.381
0.84955,-71.381
0.8496,-71.381
0.84965,-71.381
0.8497,-71.389
0.84975,-71.395
0.8498,-71.399
0.84985,-71.411
0.8499,-71.411
0.84995,-71.415
0.85,-71.413
0.85005,-71.415
0.8501,-71.421
0.85015,-71.421
0.8502,-71.434
0.85025,-71.449
0.8503,-71.451
0.85035,-71.447
0.8504,-71.449
0.85045,-71.45
0.8505,-71.449
0.85055,-71.449
0.8506,-71.453
0.85065,-71.458
0.85069,-71.461
0.85074,-71.463
0.85079,-71.463
0.85084,-71.462
0.85089,-71.461
0.85094,-71.461
0.85099,-71.465
0.85104,-71.469
0.85109,-71.469
0.85114,-71.479
0.85119,-71.479
0.85124,-71.474
0.85129,-71.466
0.85134,-71.463
0.85139,-71.463
0.85144,-71.466
0.85149,-71.468
0.85154,-71.468
0.85159,-71.46
0.85164,-71.457
0.85169,-71.454
0.85174,-71.45
0.85179,-71.445
0.85184,-71.445
0.85189,-71.445
0.85194,-71.445
0.85199,-71.447
0.85204,-71.447
0.85209,-71.444
0.85214,-71.441
0.85219,-71.439
0.85224,-71.438
0.85229,-71.44
0.85234,-71.431
0.85239,-71.421
0.85244,-71.414
0.85249,-71.408
0.85254,-71.411
0.85259,-71.408
0.85264,-71.4
0.85269,-71.395
0.85274,-71.395
0.85279,-71.395
0.85284,-71.396
0.85289,-71.398
0.85294,-71.398
0.85299,-71.405
0.85304,-71.409
0.85309,-71.405
0.85314,-71.398
0.85319,-71.395
0.85324,-71.401
0.85329,-71.404
0.85334,-71.404
0.85339,-71.404
0.85343,-71.404
0.85348,-71.401
0.85353,-71.396
0.85358,-71.396
0.85363,-71.395
0.85368,-71.408
0.85373,-71.408
0.85378,-71.408
0.85383,-71.421
0.85388,-71.423
0.85393,-71.421
0.85398,-71.412
0.85403,-71.414
0.85408,-71.408
0.85413,-71.408
0.85418,-71.409
0.85423,-71.411
0.85428,-71.396
0.85433,-71.377
0.85438,-71.376
0.85443,-71.378
0.85448,-71.377
0.85453,-71.375
0.85458,-71.357
0.85463,-71.332
0.85468,-71.308
0.85473,-71.291
0.85478,-71.29
0.85483,-71.288
0.85488,-71.279
0.85493,-71.27
0.85498,-71.27
0.85503,-71.27
0.85508,-71.264
0.85513,-71.264
0.85518,-71.264
0.85523,-71.258
0.85528,-71.258
0.85533,-71.252
0.85538,-71.251
0.85543,-71.251
0.85548,-71.251
0.85553,-71.251
0.85558,-71.251
0.85563,-71.251
0.85568,-71.251
0.85573,-71.251
0.85578,-71.247
0.85583,-71.238
0.85588,-71.234
0.85593,-71.237
0.85598,-71.241
0.85603,-71.247
0.85608,-71.248
0.85613,-71.249
0.85617,-71.248
0.85622,-71.254
0.85627,-71.256
0.85632,-71.257
0.85637,-71.257
0.85642,-71.257
0.85647,-71.259
0.85652,-71.262
0.85657,-71.269
0.85662,-71.28
0.85667,-71.289
0.85672,-71.292
0.85677,-71.289
0.85682,-71.29
0.85687,-71.295
0.85692,-71.291
0.85697,-71.292
0.85702,-71.297
0.85707,-71.302
0.85712,-71.304
0.85717,-71.305
0.85722,-71.312
0.85727,-71.309
0.85732,-71.308
0.85737,-71.308
0.85742,-71.308
0.85747,-71.308
0.85752,-71.31
0.85757,-71.313
0.85762,-71.317
0.85767,-71.316
0.85772,-71.32
0.85777,-71.324
0.85782,-71.321
0.85787,-71.331
0.85792,-71.315
0.85797,-71.305
0.85802,-71.295
0.85807,-71.282
0.85812,-71.273
0.85817,-71.268
0.85822,-71.26
0.85827,-71.25
0.85832,-71.243
0.85837,-71.25
0.85842,-71.26
0.85847,-71.253
0.85852,-71.245
0.85857,-71.253
0.85862,-71.255
0.85867,-71.257
0.85872,-71.252
0.85877,-71.248
0.85882,-71.248
0.85887,-71.259
0.85891,-71.253
0.85896,-71.252
0.85901,-71.257
0.85906,-71.259
0.85911,-71.262
0.85916,-71.27
0.85921,-71.276
0.85926,-71.276
0.85931,-71.282
0.85936,-71.283
0.85941,-71.287
0.85946,-71.289
0.85951,-71.293
0.85956,-71.297
0.85961,-71.303
0.85966,-71.307
0.85971,-71.313
0.85976,-71.321
0.85981,-71.327
0.85986,-71.33
0.85991,-71.333
0.85996,-71.337
0.86001,-71.34
0.86006,-71.334
0.86011,-71.337
0.86016,-71.34
0.86021,-71.345
0.86026,-71.353
0.86031,-71.357
0.86036,-71.362
0.86041,-71.366
0.86046,-71.369
0.86051,-71.37
0.86056,-71.372
0.86061,-71.374
0.86066,-71.376
0.86071,-71.379
0.86076,-71.388
0.86081,-71.394
0.86086,-71.4
0.86091,-71.409
0.86096,-71.415
0.86101,-71.418
0.86106,-71.424
0.86111,-71.43
0.86116,-71.434
0.86121,-71.437
0.86126,-71.442
0.86131,-71.446
0.86136,-71.452
0.86141,-71.461
0.86146,-71.468
0.86151,-71.469
0.86156,-71.474
0.86161,-71.479
0.86165,-71.484
0.8617,-71.489
0.86175,-71.492
0.8618,-71.498
0.86185,-71.507
0.8619,-71.514
0.86195,-71.518
0.862,-71.518
0.86205,-71.524
0.8621,-71.537
0.86215,-71.549
0.8622,-71.57
0.86225,-71.586
0.8623,-71.581
0.86235,-71.579
0.8624,-71.586
0.86245,-71.59
0.8625,-71.595
0.86255,-71.597
0.8626,-71.595
0.86265,-71.593
0.8627,-71.595
0.86275,-71.598
0.8628,-71.605
0.86285,-71.604
0.8629,-71.603
0.86295,-71.607
0.863,-71.608
0.86305,-71.613
0.8631,-71.618
0.86315,-71.621
0.8632,-71.624
0.86325,-71.624
0.8633,-71.624
0.86335,-71.627
0.8634,-71.63
0.86345,-71.631
0.8635,-71.632
0.86355,-71.632
0.8636,-71.633
0.86365,-71.633
0.8637,-71.633
0.86375,-71.634
0.8638,-71.639
0.86385,-71.642
0.8639,-71.642
0.86395,-71.637
0.864,-71.633
0.86405,-71.634
0.8641,-71.635
0.86415,-71.635
0.8642,-71.629
0.86425,-71.628
0.8643,-71.628
0.86435,-71.633
0.86439,-71.625
0.86444,-71.618
0.86449,-71.614
0.86454,-71.614
0.86459,-71.616
0.86464,-71.611
0.86469,-71.605
0.86474,-71.597
0.86479,-71.597
0.86484,-71.601
0.86489,-71.598
0.86494,-71.592
0.86499,-71.589
0.86504,-71.589
0.86509,-71.593
0.86514,-71.598
0.86519,-71.592
0.86524,-71.588
0.86529,-71.588
0.86534,-71.592
0.86539,-71.597
0.86544,-71.597
0.86549,-71.594
0.86554,-71.591
0.86559,-71.587
0.86564,-71.585
0.86569,-71.585
0.86574,-71.575
0.86579,-71.568
0.86584,-71.56
0.86589,-71.556
0.86594,-71.548
0.86599,-71.537
0.86604,-71.532
0.86609,-71.527
0.86614,-71.528
0.86619,-71.523
0.86624,-71.514
0.86629,-71.507
0.86634,-71.499
0.86639,-71.502
0.86644,-71.506
0.86649,-71.503
0.86654,-71.501
0.86659,-71.503
0.86664,-71.497
0.86669,-71.497
0.86674,-71.499
0.86679,-71.494
0.86684,-71.489
0.86689,-71.49
0.86694,-71.483
0.86699,-71.477
0.86704,-71.476
0.86709,-71.476
0.86713,-71.474
0.86718,-71.471
0.86723,-71.464
0.86728,-71.457
0.86733,-71.454
0.86738,-71.452
0.86743,-71.452
0.86748,-71.454
0.86753,-71.456
0.86758,-71.457
0.86763,-71.457
0.86768,-71.46
0.86773,-71.469
0.86778,-71.479
0.86783,-71.479
0.86788,-71.482
0.86793,-71.482
0.86798,-71.481
0.86803,-71.491
0.86808,-71.491
0.86813,-71.489
0.86818,-71.489
0.86823,-71.488
0.86828,-71.486
0.86833,-71.492
0.86838,-71.49
0.86843,-71.49
0.86848,-71.49
0.86853,-71.493
0.86858,-71.493
0.86863,-71.495
0.86868,-71.496
0.86873,-71.498
0.86878,-71.501
0.86883,-71.502
0.86888,-71.496
0.86893,-71.493
0.86898,-71.492
0.86903,-71.489
0.86908,-71.489
0.86913,-71.491
0.86918,-71.489
0.86923,-71.49
0.86928,-71.492
0.86933,-71.496
0.86938,-71.501
0.86943,-71.502
0.86948,-71.506
0.86953,-71.511
0.86958,-71.518
0.86963,-71.525
0.86968,-71.528
0.86973,-71.533
0.86978,-71.537
0.86983,-71.538
0.86987,-71.546
0.86992,-71.553
0.86997,-71.551
0.87002,-71.556
0.87007,-71.566
0.87012,-71.579
0.87017,-71.589
0.87022,-71.588
0.87027,-71.59
0.87032,-71.592
0.87037,-71.592
0.87042,-71.592
0.87047,-71.599
0.87052,-71.61
0.87057,-71.617
0.87062,-71.621
0.87067,-71.628
0.87072,-71.628
0.87077,-71.637
0.87082,-71.642
0.87087,-71.647
0.87092,-71.651
0.87097,-71.66
0.87102,-71.666
0.87107,-71.669
0.87112,-71.674
0.87117,-71.677
0.87122,-71.684
0.87127,-71.695
0.87132,-71.696
0.87137,-71.696
0.87142,-71.697
0.87147,-71.699
0.87152,-71.709
0.87157,-71.711
0.87162,-71.712
0.87167,-71.714
0.87172,-71.72
0.87177,-71.725
0.87182,-71.724
0.87187,-71.727
0.87192,-71.734
0.87197,-71.739
0.87202,-71.741
0.87207,-71.743
0.87212,-71.739
0.87217,-71.739
0.87222,-71.743
0.87227,-71.741
0.87232,-71.737
0.87237,-71.737
0.87242,-71.737
0.87247,-71.74
0.87252,-71.745
0.87257,-71.746
0.87261,-71.749
0.87266,-71.752
0.87271,-71.752
0.87276,-71.752
0.87281,-71.753
0.87286,-71.75
0.87291,-71.745
0.87296,-71.749
0.87301,-71.751
0.87306,-71.751
0.87311,-71.746
0.87316,-71.743
0.87321,-71.743
0.87326,-71.743
0.87331,-71.744
0.87336,-71.743
0.87341,-71.743
0.87346,-71.744
0.87351,-71.748
0.87356,-71.752
0.87361,-71.754
0.87366,-71.759
0.87371,-71.762
0.87376,-71.756
0.87381,-71.753
0.87386,-71.76
0.87391,-71.765
0.87396,-71.765
0.87401,-71.766
0.87406,-71.771
0.87411,-71.766
0.87416,-71.764
0.87421,-71.762
0.87426,-71.754
0.87431,-71.75
0.87436,-71.748
0.87441,-71.742
0.87446,-71.742
0.87451,-71.742
0.87456,-71.743
0.87461,-71.747
0.87466,-71.744
0.87471,-71.743
0.87476,-71.743
0.87481,-71.744
0.87486,-71.743
0.87491,-71.743
0.87496,-71.74
0.87501,-71.733
0.87506,-71.737
0.87511,-71.737
0.87516,-71.747
0.87521,-71.753
0.87526,-71.753
0.87531,-71.754
0.87535,-71.757
0.8754,-71.762
0.87545,-71.77
0.8755,-71.773
0.87555,-71.775
0.8756,-71.775
0.87565,-71.779
0.8757,-71.792
0.87575,-71.798
0.8758,-71.798
0.87585,-71.797
0.8759,-71.79
0.87595,-71.78
0.876,-71.777
0.87605,-71.777
0.8761,-71.776
0.87615,-71.781
0.8762,-71.783
0.87625,-71.781
0.8763,-71.776
0.87635,-71.776
0.8764,-71.781
0.87645,-71.781
0.8765,-71.778
0.87655,-71.771
0.8766,-71.759
0.87665,-71.753
0.8767,-71.751
0.87675,-71.746
0.8768,-71.744
0.87685,-71.738
0.8769,-71.738
0.87695,-71.742
0.877,-71.746
0.87705,-71.75
0.8771,-71.746
0.87715,-71.746
0.8772,-71.746
0.87725,-71.751
0.8773,-71.746
0.87735,-71.743
0.8774,-71.744
0.87745,-71.75
0.8775,-71.75
0.87755,-71.755
0.8776,-71.755
0.87765,-71.746
0.8777,-71.74
0.87775,-71.74
0.8778,-71.737
0.87785,-71.73
0.8779,-71.724
0.87795,-71.719
0.878,-71.715
0.87805,-71.715
0.87809,-71.717
0.87814,-71.717
0.87819,-71.717
0.87824,-71.718
0.87829,-71.716
0.87834,-71.715
0.87839,-71.711
0.87844,-71.705
0.87849,-71.703
0.87854,-71.701
0.87859,-71.701
0.87864,-71.7
0.87869,-71.698
0.87874,-71.697
0.87879,-71.697
0.87884,-71.697
0.87889,-71.695
0.87894,-71.694
0.87899,-71.692
0.87904,-71.692
0.87909,-71.692
0.87914,-71.691
0.87919,-71.685
0.87924,-71.683
0.87929,-71.682
0.87934,-71.676
0.87939,-71.669
0.87944,-71.665
0.87949,-71.656
0.87954,-71.65
0.87959,-71.642
0.87964,-71.633
0.87969,-71.623
0.87974,-71.58
0.87979,-71.542
0.87984,-71.539
0.87989,-71.525
0.87994,-71.507
0.87999,-71.494
0.88004,-71.483
0.88009,-71.475
0.88014,-71.472
0.88019,-71.47
0.88024,-71.46
0.88029,-71.45
0.88034,-71.441
0.88039,-71.424
0.88044,-71.418
0.88049,-71.415
0.88054,-71.412
0.88059,-71.408
0.88064,-71.405
0.88069,-71.4
0.88074,-71.395
0.88079,-71.389
0.88083,-71.384
0.88088,-71.384
0.88093,-71.384
0.88098,-71.384
0.88103,-71.385
0.88108,-71.385
0.88113,-71.386
0.88118,-71.391
0.88123,-71.396
0.88128,-71.393
0.88133,-71.391
0.88138,-71.389
0.88143,-71.389
0.88148,-71.392
0.88153,-71.394
0.88158,-71.392
0.88163,-71.392
0.88168,-71.395
0.88173,-71.399
0.88178,-71.395
0.88183,-71.391
0.88188,-71.383
0.88193,-71.374
0.88198,-71.374
0.88203,-71.378
0.88208,-71.377
0.88213,-71.371
0.88218,-71.367
0.88223,-71.363
0.88228,-71.363
0.88233,-71.369
0.88238,-71.369
0.88243,-71.363
0.88248,-71.359
0.88253,-71.359
0.88258,-71.359
0.88263,-71.359
0.88268,-71.357
0.88273,-71.35
0.88278,-71.346
0.88283,-71.355
0.88288,-71.364
0.88293,-71.376
0.88298,-71.376
0.88303,-71.378
0.88308,-71.381
0.88313,-71.377
0.88318,-71.373
0.88323,-71.368
0.88328,-71.372
0.88333,-71.377
0.88338,-71.377
0.88343,-71.377
0.88348,-71.376
0.88353,-71.376
0.88357,-71.374
0.88362,-71.36
0.88367,-71.36
0.88372,-71.374
0.88377,-71.378
0.88382,-71.379
0.88387,-71.379
0.88392,-71.379
0.88397,-71.379
0.88402,-71.383
0.88407,-71.383
0.88412,-71.383
0.88417,-71.383
0.88422,-71.377
0.88427,-71.376
0.88432,-71.376
0.88437,-71.379
0.88442,-71.381
0.88447,-71.389
0.88452,-71.399
0.88457,-71.399
0.88462,-71.404
0.88467,-71.415
0.88472,-71.418
0.88477,-71.421
0.88482,-71.422
0.88487,-71.422
0.88492,-71.43
0.88497,-71.438
0.88502,-71.439
0.88507,-71.441
0.88512,-71.444
0.88517,-71.447
0.88522,-71.451
0.88527,-71.453
0.88532,-71.458
0.88537,-71.458
0.88542,-71.463
0.88547,-71.469
0.88552,-71.469
0.88557,-71.466
0.88562,-71.476
0.88567,-71.479
0.88572,-71.48
0.88577,-71.479
0.88582,-71.473
0.88587,-71.47
0.88592,-71.469
0.88597,-71.473
0.88602,-71.473
0.88607,-71.476
0.88612,-71.476
0.88617,-71.478
0.88622,-71.479
0.88627,-71.478
0.88631,-71.476
0.88636,-71.473
0.88641,-71.473
0.88646,-71.477
0.88651,-71.482
0.88656,-71.485
0.88661,-71.485
0.88666,-71.486
0.88671,-71.482
0.88676,-71.482
0.88681,-71.485
0.88686,-71.485
0.88691,-71.486
0.88696,-71.49
0.88701,-71.493
0.88706,-71.495
0.88711,-71.495
0.88716,-71.493
0.88721,-71.496
0.88726,-71.501
0.88731,-71.504
0.88736,-71.504
0.88741,-71.504
0.88746,-71.516
0.88751,-71.527
0.88756,-71.531
0.88761,-71.534
0.88766,-71.534
0.88771,-71.536
0.88776,-71.534
0.88781,-71.531
0.88786,-71.529
0.88791,-71.529
0.88796,-71.531
0.88801,-71.537
0.88806,-71.545
0.88811,-71.545
0.88816,-71.55
0.88821,-71.554
0.88826,-71.557
0.88831,-71.561
0.88836,-71.566
0.88841,-71.572
0.88846,-71.576
0.88851,-71.576
0.88856,-71.576
0.88861,-71.576
0.88866,-71.577
0.88871,-71.577
0.88876,-71.576
0.88881,-71.577
0.88886,-71.58
0.88891,-71.588
0.88896,-71.596
0.88901,-71.596
0.88905,-71.596
0.8891,-71.596
0.88915,-71.599
0.8892,-71.605
0.88925,-71.612
0.8893,-71.615
0.88935,-71.615
0.8894,-71.615
0.88945,-71.615
0.8895,-71.615
0.88955,-71.616
0.8896,-71.616
0.88965,-71.615
0.8897,-71.617
0.88975,-71.621
0.8898,-71.623
0.88985,-71.623
0.8899,-71.621
0.88995,-71.62
0.89,-71.617
0.89005,-71.613
0.8901,-71.613
0.89015,-71.609
0.8902,-71.609
0.89025,-71.606
0.8903,-71.605
0.89035,-71.598
0.8904,-71.597
0.89045,-71.597
0.8905,-71.595
0.89055,-71.594
0.8906,-71.587
0.89065,-71.584
0.8907,-71.581
0.89075,-71.587
0.8908,-71.586
0.89085,-71.579
0.8909,-71.575
0.89095,-71.563
0.891,-71.555
0.89105,-71.559
0.8911,-71.556
0.89115,-71.549
0.8912,-71.548
0.89125,-71.54
0.8913,-71.528
0.89135,-71.521
0.8914,-71.521
0.89145,-71.521
0.8915,-71.521
0.89155,-71.521
0.8916,-71.521
0.89165,-71.521
0.8917,-71.525
0.89175,-71.525
0.89179,-71.53
0.89184,-71.531
0.89189,-71.534
0.89194,-71.541
0.89199,-71.543
0.89204,-71.542
0.89209,-71.55
0.89214,-71.556
0.89219,-71.556
0.89224,-71.552
0.89229,-71.552
0.89234,-71.56
0.89239,-71.567
0.89244,-71.569
0.89249,-71.577
0.89254,-71.582
0.89259,-71.585
0.89264,-71.59
0.89269,-71.589
0.89274,-71.587
0.89279,-71.588
0.89284,-71.588
0.89289,-71.59
0.89294,-71.59
0.89299,-71.589
0.89304,-71.589
0.89309,-71.588
0.89314,-71.587
0.89319,-71.587
0.89324,-71.586
0.89329,-71.586
0.89334,-71.587
0.89339,-71.589
0.89344,-71.591
0.89349,-71.594
0.89354,-71.606
0.89359,-71.609
0.89364,-71.61
0.89369,-71.615
0.89374,-71.624
0.89379,-71.63
0.89384,-71.63
0.89389,-71.63
0.89394,-71.631
0.89399,-71.633
0.89404,-71.635
0.89409,-71.634
0.89414,-71.632
0.89419,-71.637
0.89424,-71.637
0.89429,-71.637
0.89434,-71.637
0.89439,-71.641
0.89444,-71.64
0.89449,-71.646
0.89453,-71.646
0.89458,-71.647
0.89463,-71.655
0.89468,-71.66
0.89473,-71.666
0.89478,-71.67
0.89483,-71.672
0.89488,-71.672
0.89493,-71.671
0.89498,-71.671
0.89503,-71.674
0.89508,-71.674
0.89513,-71.676
0.89518,-71.683
0.89523,-71.691
0.89528,-71.691
0.89533,-71.688
0.89538,-71.689
0.89543,-71.691
0.89548,-71.694
0.89553,-71.697
0.89558,-71.705
0.89563,-71.711
0.89568,-71.714
0.89573,-71.716
0.89578,-71.723
0.89583,-71.727
0.89588,-71.73
0.89593,-71.733
0.89598,-71.733
0.89603,-71.737
0.89608,-71.741
0.89613,-71.733
0.89618,-71.733
0.89623,-71.728
0.89628,-71.732
0.89633,-71.733
0.89638,-71.734
0.89643,-71.734
0.89648,-71.734
0.89653,-71.734
0.89658,-71.736
0.89663,-71.74
0.89668,-71.74
0.89673,-71.74
0.89678,-71.733
0.89683,-71.73
0.89688,-71.733
0.89693,-71.735
0.89698,-71.735
0.89703,-71.736
0.89708,-71.736
0.89713,-71.74
0.89718,-71.744
0.89723,-71.743
0.89727,-71.743
0.89732,-71.743
0.89737,-71.745
0.89742,-71.748
0.89747,-71.751
0.89752,-71.758
0.89757,-71.769
0.89762,-71.777
0.89767,-71.778
0.89772,-71.779
0.89777,-71.779
0.89782,-71.784
0.89787,-71.789
0.89792,-71.79
0.89797,-71.792
0.89802,-71.792
0.89807,-71.793
0.89812,-71.792
0.89817,-71.789
0.89822,-71.789
0.89827,-71.789
0.89832,-71.785
0.89837,-71.783
0.89842,-71.783
0.89847,-71.783
0.89852,-71.781
0.89857,-71.775
0.89862,-71.775
0.89867,-71.775
0.89872,-71.778
0.89877,-71.778
0.89882,-71.778
0.89887,-71.78
0.89892,-71.78
0.89897,-71.785
0.89902,-71.788
0.89907,-71.79
0.89912,-71.793
0.89917,-71.793
0.89922,-71.797
0.89927,-71.798
0.89932,-71.801
0.89937,-71.796
0.89942,-71.796
0.89947,-71.796
0.89952,-71.793
0.89957,-71.786
0.89962,-71.782
0.89967,-71.775
0.89972,-71.771
0.89977,-71.761
0.89982,-71.759
0.89987,-71.743
0.89992,-71.732
0.89997,-71.73
0.90001,-71.735
0.90006,-71.737
0.90011,-71.726
0.90016,-71.711
0.90021,-71.711
0.90026,-71.71
0.90031,-71.717
0.90036,-71.71
0.90041,-71.691
0.90046,-71.697
0.90051,-71.699
0.90056,-71.7
0.90061,-71.698
0.90066,-71.698
0.90071,-71.701
0.90076,-71.707
0.90081,-71.711
0.90086,-71.716
0.90091,-71.716
0.90096,-71.711
0.90101,-71.708
0.90106,-71.711
0.90111,-71.715
0.90116,-71.725
0.90121,-71.72
0.90126,-71.718
0.90131,-71.725
0.90136,-71.725
0.90141,-71.716
0.90146,-71.711
0.90151,-71.701
0.90156,-71.688
0.90161,-71.688
0.90166,-71.687
0.90171,-71.687
0.90176,-71.687
0.90181,-71.685
0.90186,-71.682
0.90191,-71.679
0.90196,-71.679
0.90201,-71.678
0.90206,-71.678
0.90211,-71.683
0.90216,-71.687
0.90221,-71.688
0.90226,-71.687
0.90231,-71.685
0.90236,-71.684
0.90241,-71.682
0.90246,-71.682
0.90251,-71.678
0.90256,-71.675
0.90261,-71.677
0.90266,-71.682
0.90271,-71.687
0.90275,-71.679
0.9028,-71.672
0.90285,-71.672
0.9029,-71.672
0.90295,-71.669
0.903,-71.667
0.90305,-71.667
0.9031,-71.668
0.90315,-71.666
0.9032,-71.659
0.90325,-71.659
0.9033,-71.659
0.90335,-71.659
0.9034,-71.661
0.90345,-71.675
0.9035,-71.675
0.90355,-71.675
0.9036,-71.666
0.90365,-71.663
0.9037,-71.666
0.90375,-71.666
0.9038,-71.661
0.90385,-71.654
0.9039,-71.659
0.90395,-71.674
0.904,-71.674
0.90405,-71.674
0.9041,-71.658
0.90415,-71.655
0.9042,-71.655
0.90425,-71.655
0.9043,-71.667
0.90435,-71.673
0.9044,-71.673
0.90445,-71.676
0.9045,-71.68
0.90455,-71.682
0.9046,-71.682
0.90465,-71.676
0.9047,-71.677
0.90475,-71.682
0.9048,-71.684
0.90485,-71.685
0.9049,-71.684
0.90495,-71.684
0.905,-71.687
0.90505,-71.692
0.9051,-71.691
0.90515,-71.69
0.9052,-71.688
0.90525,-71.688
0.9053,-71.688
0.90535,-71.69
0.9054,-71.69
0.90545,-71.69
0.90549,-71.69
0.90554,-71.69
0.90559,-71.688
0.90564,-71.688
0.90569,-71.687
0.90574,-71.682
0.90579,-71.678
0.90584,-71.669
0.90589,-71.657
0.90594,-71.646
0.90599,-71.637
0.90604,-71.634
0.90609,-71.631
0.90614,-71.629
0.90619,-71.618
0.90624,-71.612
0.90629,-71.612
0.90634,-71.612
0.90639,-71.609
0.90644,-71.608
0.90649,-71.605
0.90654,-71.598
0.90659,-71.598
0.90664,-71.595
0.90669,-71.59
0.90674,-71.586
0.90679,-71.585
0.90684,-71.582
0.90689,-71.581
0.90694,-71.581
0.90699,-71.577
0.90704,-71.575
0.90709,-71.575
0.90714,-71.575
0.90719,-71.576
0.90724,-71.576
0.90729,-71.576
0.90734,-71.576
0.90739,-71.576
0.90744,-71.576
0.90749,-71.581
0.90754,-71.584
0.90759,-71.59
0.90764,-71.587
0.90769,-71.581
0.90774,-71.582
0.90779,-71.581
0.90784,-71.579
0.90789,-71.579
0.90794,-71.579
0.90799,-71.581
0.90804,-71.585
0.90809,-71.59
0.90814,-71.595
0.90819,-71.59
0.90823,-71.585
0.90828,-71.581
0.90833,-71.574
0.90838,-71.574
0.90843,-71.574
0.90848,-71.576
0.90853,-71.587
0.90858,-71.596
0.90863,-71.601
0.90868,-71.603
0.90873,-71.605
0.90878,-71.607
0.90883,-71.606
0.90888,-71.609
0.90893,-71.608
0.90898,-71.608
0.90903,-71.609
0.90908,-71.611
0.90913,-71.611
0.90918,-71.611
0.90923,-71.61
0.90928,-71.608
0.90933,-71.608
0.90938,-71.608
0.90943,-71.608
0.90948,-71.609
0.90953,-71.607
0.90958,-71.603
0.90963,-71.602
0.90968,-71.598
0.90973,-71.593
0.90978,-71.591
0.90983,-71.585
0.90988,-71.59
0.90993,-71.588
0.90998,-71.596
0.91003,-71.601
0.91008,-71.603
0.91013,-71.609
0.91018,-71.61
0.91023,-71.61
0.91028,-71.611
0.91033,-71.622
0.91038,-71.621
0.91043,-71.614
0.91048,-71.607
0.91053,-71.614
0.91058,-71.618
0.91063,-71.631
0.91068,-71.638
0.91073,-71.631
0.91078,-71.617
0.91083,-71.611
0.91088,-71.611
0.91093,-71.607
0.91097,-71.601
0.91102,-71.601
0.91107,-71.601
0.91112,-71.6
0.91117,-71.6
0.91122,-71.6
0.91127,-71.6
0.91132,-71.601
0.91137,-71.602
0.91142,-71.601
0.91147,-71.598
0.91152,-71.598
0.91157,-71.595
0.91162,-71.597
0.91167,-71.597
0.91172,-71.601
0.91177,-71.606
0.91182,-71.608
0.91187,-71.609
0.91192,-71.611
0.91197,-71.614
0.91202,-71.611
0.91207,-71.614
0.91212,-71.619
0.91217,-71.624
0.91222,-71.624
0.91227,-71.624
0.91232,-71.624
0.91237,-71.628
0.91242,-71.633
0.91247,-71.63
0.91252,-71.627
0.91257,-71.626
0.91262,-71.624
0.91267,-71.624
0.91272,-71.626
0.91277,-71.622
0.91282,-71.617
0.91287,-71.622
0.91292,-71.624
0.91297,-71.627
0.91302,-71.635
0.91307,-71.637
0.91312,-71.627
0.91317,-71.627
0.91322,-71.631
0.91327,-71.635
0.91332,-71.643
0.91337,-71.65
0.91342,-71.646
0.91347,-71.653
0.91352,-71.656
0.91357,-71.659
0.91362,-71.663
0.91367,-71.663
0.91371,-71.663
0.91376,-71.659
0.91381,-71.659
0.91386,-71.661
0.91391,-71.663
0.91396,-71.664
0.91401,-71.666
0.91406,-71.669
0.91411,-71.672
0.91416,-71.672
0.91421,-71.675
0.91426,-71.672
0.91431,-71.672
0.91436,-71.673
0.91441,-71.676
0.91446,-71.677
0.91451,-71.678
0.91456,-71.679
0.91461,-71.678
0.91466,-71.677
0.91471,-71.675
0.91476,-71.669
0.91481,-71.665
0.91486,-71.665
0.91491,-71.666
0.91496,-71.667
0.91501,-71.671
0.91506,-71.669
0.91511,-71.666
0.91516,-71.666
0.91521,-71.666
0.91526,-71.659
0.91531,-71.656
0.91536,-71.663
0.91541,-71.663
0.91546,-71.663
0.91551,-71.659
0.91556,-71.653
0.91561,-71.655
0.91566,-71.656
0.91571,-71.657
0.91576,-71.656
0.91581,-71.656
0.91586,-71.656
0.91591,-71.656
0.91596,-71.654
0.91601,-71.653
0.91606,-71.65
0.91611,-71.65
0.91616,-71.643
0.91621,-71.643
0.91626,-71.643
0.91631,-71.643
0.91636,-71.645
0.91641,-71.645
0.91645,-71.65
0.9165,-71.65
0.91655,-71.646
0.9166,-71.643
0.91665,-71.641
0.9167,-71.646
0.91675,-71.654
0.9168,-71.653
0.91685,-71.649
0.9169,-71.649
0.91695,-71.65
0.917,-71.65
0.91705,-71.648
0.9171,-71.653
0.91715,-71.65
0.9172,-71.657
0.91725,-71.656
0.9173,-71.664
0.91735,-71.668
0.9174,-71.669
0.91745,-71.666
0.9175,-71.666
0.91755,-71.667
0.9176,-71.666
0.91765,-71.669
0.9177,-71.669
0.91775,-71.67
0.9178,-71.67
0.91785,-71.674
0.9179,-71.675
0.91795,-71.675
0.918,-71.675
0.91805,-71.675
0.9181,-71.677
0.91815,-71.685
0.9182,-71.689
0.91825,-71.695
0.9183,-71.691
0.91835,-71.69
0.9184,-71.692
0.91845,-71.692
0.9185,-71.692
0.91855,-71.688
0.9186,-71.685
0.91865,-71.684
0.9187,-71.683
0.91875,-71.684
0.9188,-71.681
0.91885,-71.678
0.9189,-71.676
0.91895,-71.679
0.919,-71.675
0.91905,-71.672
0.9191,-71.666
0.91915,-71.653
0.91919,-71.641
0.91924,-71.645
0.91929,-71.643
0.91934,-71.644
0.91939,-71.644
0.91944,-71.643
0.91949,-71.648
0.91954,-71.651
0.91959,-71.65
0.91964,-71.651
0.91969,-71.646
0.91974,-71.648
0.91979,-71.648
0.91984,-71.648
0.91989,-71.648
0.91994,-71.65
0.91999,-71.656
0.92004,-71.662
0.92009,-71.662
0.92014,-71.656
0.92019,-71.653
0.92024,-71.653
0.92029,-71.652
0.92034,-71.655
0.92039,-71.658
0.92044,-71.664
0.92049,-71.664
0.92054,-71.665
0.92059,-71.665
0.92064,-71.665
0.92069,-71.665
0.92074,-71.669
0.92079,-71.663
0.92084,-71.653
0.92089,-71.651
0.92094,-71.655
0.92099,-71.651
0.92104,-71.66
0.92109,-71.67
0.92114,-71.675
0.92119,-71.675
0.92124,-71.675
0.92129,-71.673
0.92134,-71.672
0.92139,-71.667
0.92144,-71.662
0.92149,-71.667
0.92154,-71.671
0.92159,-71.674
0.92164,-71.676
0.92169,-71.677
0.92174,-71.678
0.92179,-71.682
0.92184,-71.682
0.92189,-71.682
0.92193,-71.691
0.92198,-71.689
0.92203,-71.692
0.92208,-71.694
0.92213,-71.701
0.92218,-71.701
0.92223,-71.708
0.92228,-71.708
0.92233,-71.713
0.92238,-71.713
0.92243,-71.717
0.92248,-71.717
0.92253,-71.724
0.92258,-71.731
0.92263,-71.737
0.92268,-71.737
0.92273,-71.737
0.92278,-71.737
0.92283,-71.731
0.92288,-71.723
0.92293,-71.714
0.92298,-71.701
0.92303,-71.698
0.92308,-71.698
0.92313,-71.691
0.92318,-71.69
0.92323,-71.688
0.92328,-71.672
0.92333,-71.674
0.92338,-71.676
0.92343,-71.667
0.92348,-71.662
0.92353,-71.657
0.92358,-71.662
0.92363,-71.66
0.92368,-71.661
0.92373,-71.666
0.92378,-71.666
0.92383,-71.666
0.92388,-71.663
0.92393,-71.657
0.92398,-71.65
0.92403,-71.643
0.92408,-71.639
0.92413,-71.639
0.92418,-71.637
0.92423,-71.625
0.92428,-71.603
0.92433,-71.595
0.92438,-71.595
0.92443,-71.587
0.92448,-71.584
0.92453,-71.578
0.92458,-71.574
0.92463,-71.565
0.92467,-71.553
0.92472,-71.546
0.92477,-71.54
0.92482,-71.533
0.92487,-71.523
0.92492,-71.516
0.92497,-71.51
0.92502,-71.504
0.92507,-71.492
0.92512,-71.482
0.92517,-71.476
0.92522,-71.473
0.92527,-71.469
0.92532,-71.462
0.92537,-71.456
0.92542,-71.45
0.92547,-71.444
0.92552,-71.434
0.92557,-71.418
0.92562,-71.408
0.92567,-71.407
0.92572,-71.402
0.92577,-71.39
0.92582,-71.384
0.92587,-71.383
0.92592,-71.381
0.92597,-71.387
0.92602,-71.392
0.92607,-71.394
0.92612,-71.394
0.92617,-71.394
0.92622,-71.392
0.92627,-71.386
0.92632,-71.385
0.92637,-71.378
0.92642,-71.374
0.92647,-71.374
0.92652,-71.37
0.92657,-71.363
0.92662,-71.358
0.92667,-71.356
0.92672,-71.352
0.92677,-71.352
0.92682,-71.347
0.92687,-71.344
0.92692,-71.337
0.92697,-71.331
0.92702,-71.327
0.92707,-71.315
0.92712,-71.306
0.92717,-71.298
0.92722,-71.287
0.92727,-71.286
0.92732,-71.291
0.92737,-71.292
0.92741,-71.293
0.92746,-71.295
0.92751,-71.296
0.92756,-71.302
0.92761,-71.31
0.92766,-71.308
0.92771,-71.299
0.92776,-71.293
0.92781,-71.293
0.92786,-71.301
0.92791,-71.301
0.92796,-71.308
0.92801,-71.303
0.92806,-71.299
0.92811,-71.306
0.92816,-71.314
0.92821,-71.316
0.92826,-71.319
0.92831,-71.327
0.92836,-71.34
0.92841,-71.346
0.92846,-71.353
0.92851,-71.363
0.92856,-71.363
0.92861,-71.366
0.92866,-71.366
0.92871,-71.366
0.92876,-71.381
0.92881,-71.393
0.92886,-71.392
0.92891,-71.386
0.92896,-71.382
0.92901,-71.381
0.92906,-71.382
0.92911,-71.384
0.92916,-71.387
0.92921,-71.387
0.92926,-71.386
0.92931,-71.386
0.92936,-71.386
0.92941,-71.39
0.92946,-71.388
0.92951,-71.385
0.92956,-71.385
0.92961,-71.39
0.92966,-71.392
0.92971,-71.394
0.92976,-71.389
0.92981,-71.382
0.92986,-71.38
0.92991,-71.38
0.92996,-71.382
0.93001,-71.384
0.93006,-71.385
0.93011,-71.391
0.93015,-71.402
0.9302,-71.41
0.93025,-71.416
0.9303,-71.412
0.93035,-71.411
0.9304,-71.415
0.93045,-71.418
0.9305,-71.427
0.93055,-71.437
0.9306,-71.437
0.93065,-71.437
0.9307,-71.437
0.93075,-71.437
0.9308,-71.431
0.93085,-71.424
0.9309,-71.424
0.93095,-71.429
0.931,-71.432
0.93105,-71.434
0.9311,-71.419
0.93115,-71.411
0.9312,-71.412
0.93125,-71.418
0.9313,-71.418
0.93135,-71.415
0.9314,-71.416
0.93145,-71.417
0.9315,-71.416
0.93155,-71.411
0.9316,-71.411
0.93165,-71.408
0.9317,-71.411
0.93175,-71.411
0.9318,-71.413
0.93185,-71.413
0.9319,-71.408
0.93195,-71.397
0.932,-71.383
0.93205,-71.389
0.9321,-71.373
0.93215,-71.36
0.9322,-71.351
0.93225,-71.345
0.9323,-71.349
0.93235,-71.338
0.9324,-71.326
0.93245,-71.321
0.9325,-71.317
0.93255,-71.312
0.9326,-71.281
0.93265,-71.283
0.9327,-71.292
0.93275,-71.294
0.9328,-71.296
0.93285,-71.308
0.93289,-71.308
0.93294,-71.308
0.93299,-71.315
0.93304,-71.317
0.93309,-71.324
0.93314,-71.334
0.93319,-71.339
0.93324,-71.336
0.93329,-71.337
0.93334,-71.344
0.93339,-71.347
0.93344,-71.347
0.93349,-71.349
0.93354,-71.353
0.93359,-71.355
0.93364,-71.354
0.93369,-71.354
0.93374,-71.354
0.93379,-71.354
0.93384,-71.356
0.93389,-71.357
0.93394,-71.354
0.93399,-71.352
0.93404,-71.347
0.93409,-71.339
0.93414,-71.332
0.93419,-71.327
0.93424,-71.321
0.93429,-71.325
0.93434,-71.328
0.93439,-71.334
0.93444,-71.333
0.93449,-71.331
0.93454,-71.333
0.93459,-71.33
0.93464,-71.331
0.93469,-71.332
0.93474,-71.333
0.93479,-71.329
0.93484,-71.326
0.93489,-71.328
0.93494,-71.328
0.93499,-71.334
0.93504,-71.334
0.93509,-71.333
0.93514,-71.336
0.93519,-71.343
0.93524,-71.341
0.93529,-71.344
0.93534,-71.346
0.93539,-71.344
0.93544,-71.344
0.93549,-71.338
0.93554,-71.33
0.93559,-71.33
0.93563,-71.33
0.93568,-71.33
0.93573,-71.316
0.93578,-71.305
0.93583,-71.302
0.93588,-71.305
0.93593,-71.309
0.93598,-71.299
0.93603,-71.296
0.93608,-71.296
0.93613,-71.299
0.93618,-71.302
0.93623,-71.297
0.93628,-71.292
0.93633,-71.288
0.93638,-71.285
0.93643,-71.286
0.93648,-71.288
0.93653,-71.288
0.93658,-71.283
0.93663,-71.282
0.93668,-71.28
0.93673,-71.288
0.93678,-71.292
0.93683,-71.29
0.93688,-71.29
0.93693,-71.294
0.93698,-71.299
0.93703,-71.308
0.93708,-71.32
0.93713,-71.327
0.93718,-71.337
0.93723,-71.353
0.93728,-71.363
0.93733,-71.364
0.93738,-71.371
0.93743,-71.372
0.93748,-71.37
0.93753,-71.381
0.93758,-71.389
0.93763,-71.39
0.93768,-71.392
0.93773,-71.396
0.93778,-71.399
0.93783,-71.404
0.93788,-71.407
0.93793,-71.403
0.93798,-71.407
0.93803,-71.413
0.93808,-71.415
0.93813,-71.412
0.93818,-71.411
0.93823,-71.409
0.93828,-71.412
0.93833,-71.416
0.93837,-71.422
0.93842,-71.438
0.93847,-71.45
0.93852,-71.456
0.93857,-71.461
0.93862,-71.461
0.93867,-71.461
0.93872,-71.462
0.93877,-71.461
0.93882,-71.462
0.93887,-71.463
0.93892,-71.463
0.93897,-71.463
0.93902,-71.463
0.93907,-71.463
0.93912,-71.466
0.93917,-71.466
0.93922,-71.472
0.93927,-71.475
0.93932,-71.476
0.93937,-71.476
0.93942,-71.477
0.93947,-71.476
0.93952,-71.476
0.93957,-71.475
0.93962,-71.475
0.93967,-71.474
0.93972,-71.47
0.93977,-71.47
0.93982,-71.474
0.93987,-71.471
0.93992,-71.467
0.93997,-71.468
0.94002,-71.466
0.94007,-71.465
0.94012,-71.463
0.94017,-71.457
0.94022,-71.447
0.94027,-71.444
0.94032,-71.437
0.94037,-71.431
0.94042,-71.431
0.94047,-71.429
0.94052,-71.422
0.94057,-71.421
0.94062,-71.417
0.94067,-71.409
0.94072,-71.402
0.94077,-71.397
0.94082,-71.391
0.94087,-71.395
0.94092,-71.395
0.94097,-71.4
0.94102,-71.407
0.94107,-71.408
0.94111,-71.408
0.94116,-71.406
0.94121,-71.404
0.94126,-71.404
0.94131,-71.402
0.94136,-71.401
0.94141,-71.406
0.94146,-71.407
0.94151,-71.404
0.94156,-71.4
0.94161,-71.399
0.94166,-71.398
0.94171,-71.395
0.94176,-71.386
0.94181,-71.376
0.94186,-71.373
0.94191,-71.372
0.94196,-71.37
0.94201,-71.368
0.94206,-71.366
0.94211,-71.358
0.94216,-71.355
0.94221,-71.354
0.94226,-71.354
0.94231,-71.353
0.94236,-71.342
0.94241,-71.334
0.94246,-71.331
0.94251,-71.324
0.94256,-71.32
0.94261,-71.314
0.94266,-71.312
0.94271,-71.314
0.94276,-71.315
0.94281,-71.317
0.94286,-71.319
0.94291,-71.324
0.94296,-71.324
0.94301,-71.324
0.94306,-71.324
0.94311,-71.327
0.94316,-71.327
0.94321,-71.332
0.94326,-71.335
0.94331,-71.339
0.94336,-71.343
0.94341,-71.343
0.94346,-71.342
0.94351,-71.337
0.94356,-71.337
0.94361,-71.336
0.94366,-71.339
0.94371,-71.339
0.94376,-71.341
0.94381,-71.336
0.94385,-71.336
0.9439,-71.336
0.94395,-71.336
0.944,-71.336
0.94405,-71.338
0.9441,-71.337
0.94415,-71.335
0.9442,-71.335
0.94425,-71.337
0.9443,-71.338
0.94435,-71.341
0.9444,-71.338
0.94445,-71.335
0.9445,-71.337
0.94455,-71.341
0.9446,-71.342
0.94465,-71.341
0.9447,-71.341
0.94475,-71.339
0.9448,-71.34
0.94485,-71.34
0.9449,-71.34
0.94495,-71.337
0.945,-71.339
0.94505,-71.342
0.9451,-71.344
0.94515,-71.344
0.9452,-71.344
0.94525,-71.345
0.9453,-71.347
0.94535,-71.347
0.9454,-71.346
0.94545,-71.344
0.9455,-71.34
0.94555,-71.336
0.9456,-71.336
0.94565,-71.336
0.9457,-71.331
0.94575,-71.328
0.9458,-71.329
0.94585,-71.329
0.9459,-71.331
0.94595,-71.331
0.946,-71.329
0.94605,-71.325
0.9461,-71.323
0.94615,-71.323
0.9462,-71.328
0.94625,-71.329
0.9463,-71.336
0.94635,-71.328
0.9464,-71.323
0.94645,-71.321
0.9465,-71.321
0.94655,-71.321
0.94659,-71.322
0.94664,-71.331
0.94669,-71.325
0.94674,-71.321
0.94679,-71.321
0.94684,-71.325
0.94689,-71.336
0.94694,-71.337
0.94699,-71.339
0.94704,-71.34
0.94709,-71.344
0.94714,-71.347
0.94719,-71.347
0.94724,-71.35
0.94729,-71.352
0.94734,-71.355
0.94739,-71.357
0.94744,-71.36
0.94749,-71.366
0.94754,-71.366
0.94759,-71.366
0.94764,-71.37
0.94769,-71.369
0.94774,-71.369
0.94779,-71.366
0.94784,-71.363
0.94789,-71.36
0.94794,-71.361
0.94799,-71.366
0.94804,-71.363
0.94809,-71.363
0.94814,-71.366
0.94819,-71.366
0.94824,-71.369
0.94829,-71.37
0.94834,-71.371
0.94839,-71.381
0.94844,-71.383
0.94849,-71.39
0.94854,-71.39
0.94859,-71.395
0.94864,-71.4
0.94869,-71.402
0.94874,-71.402
0.94879,-71.406
0.94884,-71.406
0.94889,-71.406
0.94894,-71.411
0.94899,-71.416
0.94904,-71.416
0.94909,-71.411
0.94914,-71.406
0.94919,-71.406
0.94924,-71.402
0.94929,-71.395
0.94933,-71.389
0.94938,-71.387
0.94943,-71.389
0.94948,-71.389
0.94953,-71.394
0.94958,-71.4
0.94963,-71.399
0.94968,-71.397
0.94973,-71.399
0.94978,-71.392
0.94983,-71.395
0.94988,-71.405
0.94993,-71.415
0.94998,-71.412
0.95003,-71.412
0.95008,-71.405
0.95013,-71.399
0.95018,-71.406
0.95023,-71.411
0.95028,-71.413
0.95033,-71.409
0.95038,-71.409
0.95043,-71.409
0.95048,-71.411
0.95053,-71.413
0.95058,-71.425
0.95063,-71.425
0.95068,-71.434
0.95073,-71.436
0.95078,-71.436
0.95083,-71.436
0.95088,-71.436
0.95093,-71.436
0.95098,-71.437
0.95103,-71.44
0.95108,-71.443
0.95113,-71.44
0.95118,-71.438
0.95123,-71.434
0.95128,-71.434
0.95133,-71.438
0.95138,-71.447
0.95143,-71.44
0.95148,-71.453
0.95153,-71.463
0.95158,-71.473
0.95163,-71.485
0.95168,-71.496
0.95173,-71.498
0.95178,-71.509
0.95183,-71.511
0.95188,-71.509
0.95193,-71.509
0.95198,-71.509
0.95203,-71.509
0.95207,-71.511
0.95212,-71.513
0.95217,-71.518
0.95222,-71.524
0.95227,-71.527
0.95232,-71.531
0.95237,-71.537
0.95242,-71.545
0.95247,-71.55
0.95252,-71.551
0.95257,-71.553
0.95262,-71.556
0.95267,-71.556
0.95272,-71.556
0.95277,-71.56
0.95282,-71.564
0.95287,-71.572
0.95292,-71.567
0.95297,-71.567
0.95302,-71.566
0.95307,-71.56
0.95312,-71.56
0.95317,-71.56
0.95322,-71.558
0.95327,-71.556
0.95332,-71.551
0.95337,-71.548
0.95342,-71.544
0.95347,-71.542
0.95352,-71.544
0.95357,-71.546
0.95362,-71.55
0.95367,-71.556
0.95372,-71.56
0.95377,-71.558
0.95382,-71.56
0.95387,-71.562
0.95392,-71.568
0.95397,-71.571
0.95402,-71.569
0.95407,-71.566
0.95412,-71.56
0.95417,-71.554
0.95422,-71.558
0.95427,-71.556
0.95432,-71.553
0.95437,-71.553
0.95442,-71.546
0.95447,-71.543
0.95452,-71.543
0.95457,-71.54
0.95462,-71.54
0.95467,-71.542
0.95472,-71.546
0.95477,-71.557
0.95481,-71.557
0.95486,-71.555
0.95491,-71.555
0.95496,-71.541
0.95501,-71.537
0.95506,-71.535
0.95511,-71.536
0.95516,-71.537
0.95521,-71.537
0.95526,-71.537
0.95531,-71.537
0.95536,-71.535
0.95541,-71.531
0.95546,-71.525
0.95551,-71.523
0.95556,-71.525
0.95561,-71.527
0.95566,-71.534
0.95571,-71.527
0.95576,-71.516
0.95581,-71.516
0.95586,-71.509
0.95591,-71.507
0.95596,-71.508
0.95601,-71.508
0.95606,-71.493
0.95611,-71.473
0.95616,-71.467
0.95621,-71.46
0.95626,-71.457
0.95631,-71.453
0.95636,-71.447
0.95641,-71.444
0.95646,-71.443
0.95651,-71.441
0.95656,-71.442
0.95661,-71.438
0.95666,-71.438
0.95671,-71.453
0.95676,-71.46
0.95681,-71.457
0.95686,-71.455
0.95691,-71.455
0.95696,-71.462
0.95701,-71.472
0.95706,-71.473
0.95711,-71.473
0.95716,-71.475
0.95721,-71.476
0.95726,-71.48
0.95731,-71.477
0.95736,-71.473
0.95741,-71.473
0.95746,-71.479
0.95751,-71.479
0.95755,-71.479
0.9576,-71.476
0.95765,-71.464
0.9577,-71.461
0.95775,-71.454
0.9578,-71.454
0.95785,-71.45
0.9579,-71.444
0.95795,-71.44
0.958,-71.439
0.95805,-71.444
0.9581,-71.449
0.95815,-71.44
0.9582,-71.432
0.95825,-71.422
0.9583,-71.411
0.95835,-71.408
0.9584,-71.408
0.95845,-71.407
0.9585,-71.408
0.95855,-71.405
0.9586,-71.402
0.95865,-71.4
0.9587,-71.402
0.95875,-71.402
0.9588,-71.402
0.95885,-71.402
0.9589,-71.402
0.95895,-71.402
0.959,-71.398
0.95905,-71.395
0.9591,-71.395
0.95915,-71.389
0.9592,-71.387
0.95925,-71.387
0.9593,-71.389
0.95935,-71.39
0.9594,-71.388
0.95945,-71.386
0.9595,-71.391
0.95955,-71.401
0.9596,-71.407
0.95965,-71.408
0.9597,-71.405
0.95975,-71.399
0.9598,-71.399
0.95985,-71.386
0.9599,-71.379
0.95995,-71.366
0.96,-71.366
0.96005,-71.359
0.9601,-71.352
0.96015,-71.361
0.9602,-71.368
0.96025,-71.379
0.96029,-71.385
0.96034,-71.395
0.96039,-71.4
0.96044,-71.398
0.96049,-71.391
0.96054,-71.384
0.96059,-71.386
0.96064,-71.394
0.96069,-71.394
0.96074,-71.403
0.96079,-71.404
0.96084,-71.401
0.96089,-71.402
0.96094,-71.401
0.96099,-71.393
0.96104,-71.379
0.96109,-71.375
0.96114,-71.381
0.96119,-71.381
0.96124,-71.38
0.96129,-71.379
0.96134,-71.386
0.96139,-71.392
0.96144,-71.392
0.96149,-71.393
0.96154,-71.393
0.96159,-71.395
0.96164,-71.398
0.96169,-71.398
0.96174,-71.399
0.96179,-71.399
0.96184,-71.399
0.96189,-71.4
0.96194,-71.403
0.96199,-71.402
0.96204,-71.399
0.96209,-71.395
0.96214,-71.396
0.96219,-71.399
0.96224,-71.404
0.96229,-71.405
0.96234,-71.404
0.96239,-71.408
0.96244,-71.411
0.96249,-71.411
0.96254,-71.413
0.96259,-71.413
0.96264,-71.411
0.96269,-71.413
0.96274,-71.415
0.96279,-71.413
0.96284,-71.412
0.96289,-71.411
0.96294,-71.412
0.96299,-71.416
0.96303,-71.426
0.96308,-71.424
0.96313,-71.415
0.96318,-71.422
0.96323,-71.426
0.96328,-71.423
0.96333,-71.419
0.96338,-71.419
0.96343,-71.424
0.96348,-71.429
0.96353,-71.431
0.96358,-71.436
0.96363,-71.44
0.96368,-71.441
0.96373,-71.441
0.96378,-71.444
0.96383,-71.446
0.96388,-71.446
0.96393,-71.444
0.96398,-71.447
0.96403,-71.45
0.96408,-71.457
0.96413,-71.457
0.96418,-71.457
0.96423,-71.457
0.96428,-71.465
0.96433,-71.466
0.96438,-71.466
0.96443,-71.466
0.96448,-71.461
0.96453,-71.463
0.96458,-71.463
0.96463,-71.463
0.96468,-71.459
0.96473,-71.458
0.96478,-71.457
0.96483,-71.456
0.96488,-71.456
0.96493,-71.456
0.96498,-71.457
0.96503,-71.46
0.96508,-71.467
0.96513,-71.467
0.96518,-71.476
0.96523,-71.479
0.96528,-71.467
0.96533,-71.465
0.96538,-71.466
0.96543,-71.462
0.96548,-71.462
0.96553,-71.454
0.96558,-71.452
0.96563,-71.457
0.96568,-71.463
0.96573,-71.463
0.96577,-71.462
0.96582,-71.46
0.96587,-71.457
0.96592,-71.453
0.96597,-71.439
0.96602,-71.438
0.96607,-71.447
0.96612,-71.448
0.96617,-71.449
0.96622,-71.445
0.96627,-71.437
0.96632,-71.428
0.96637,-71.429
0.96642,-71.431
0.96647,-71.436
0.96652,-71.435
0.96657,-71.436
0.96662,-71.442
0.96667,-71.448
0.96672,-71.444
0.96677,-71.445
0.96682,-71.442
0.96687,-71.444
0.96692,-71.446
0.96697,-71.447
0.96702,-71.449
0.96707,-71.452
0.96712,-71.457
0.96717,-71.459
0.96722,-71.463
0.96727,-71.47
0.96732,-71.48
0.96737,-71.489
0.96742,-71.493
0.96747,-71.497
0.96752,-71.497
0.96757,-71.493
0.96762,-71.489
0.96767,-71.495
0.96772,-71.502
0.96777,-71.514
0.96782,-71.528
0.96787,-71.533
0.96792,-71.531
0.96797,-71.525
0.96802,-71.525
0.96807,-71.527
0.96812,-71.527
0.96817,-71.528
0.96822,-71.526
0.96827,-71.526
0.96832,-71.527
0.96837,-71.529
0.96842,-71.523
0.96847,-71.524
0.96851,-71.524
0.96856,-71.523
0.96861,-71.523
0.96866,-71.518
0.96871,-71.519
0.96876,-71.519
0.96881,-71.521
0.96886,-71.525
0.96891,-71.531
0.96896,-71.534
0.96901,-71.536
0.96906,-71.53
0.96911,-71.536
0.96916,-71.531
0.96921,-71.52
0.96926,-71.509
0.96931,-71.509
0.96936,-71.502
0.96941,-71.499
0.96946,-71.496
0.96951,-71.495
0.96956,-71.497
0.96961,-71.495
0.96966,-71.495
0.96971,-71.495
0.96976,-71.494
0.96981,-71.494
0.96986,-71.494
0.96991,-71.494
0.96996,-71.494
0.97001,-71.496
0.97006,-71.5
0.97011,-71.503
0.97016,-71.505
0.97021,-71.506
0.97026,-71.508
0.97031,-71.508
0.97036,-71.508
0.97041,-71.508
0.97046,-71.512
0.97051,-71.52
0.97056,-71.524
0.97061,-71.527
0.97066,-71.531
0.97071,-71.535
0.97076,-71.538
0.97081,-71.542
0.97086,-71.553
0.97091,-71.563
0.97096,-71.572
0.97101,-71.582
0.97106,-71.589
0.97111,-71.591
0.97116,-71.593
0.97121,-71.596
0.97125,-71.596
0.9713,-71.596
0.97135,-71.597
0.9714,-71.601
0.97145,-71.601
0.9715,-71.61
0.97155,-71.61
0.9716,-71.614
0.97165,-71.618
0.9717,-71.623
0.97175,-71.626
0.9718,-71.628
0.97185,-71.629
0.9719,-71.63
0.97195,-71.629
0.972,-71.64
0.97205,-71.65
0.9721,-71.655
0.97215,-71.655
0.9722,-71.656
0.97225,-71.658
0.9723,-71.666
0.97235,-71.666
0.9724,-71.669
0.97245,-71.662
0.9725,-71.657
0.97255,-71.66
0.9726,-71.659
0.97265,-71.664
0.9727,-71.667
0.97275,-71.67
0.9728,-71.677
0.97285,-71.682
0.9729,-71.68
0.97295,-71.678
0.973,-71.679
0.97305,-71.681
0.9731,-71.684
0.97315,-71.685
0.9732,-71.685
0.97325,-71.686
0.9733,-71.686
0.97335,-71.687
0.9734,-71.685
0.97345,-71.68
0.9735,-71.673
0.97355,-71.669
0.9736,-71.663
0.97365,-71.655
0.9737,-71.648
0.97375,-71.646
0.9738,-71.645
0.97385,-71.645
0.9739,-71.64
0.97395,-71.635
0.97399,-71.633
0.97404,-71.634
0.97409,-71.634
0.97414,-71.63
0.97419,-71.63
0.97424,-71.626
0.97429,-71.63
0.97434,-71.633
0.97439,-71.634
0.97444,-71.633
0.97449,-71.631
0.97454,-71.626
0.97459,-71.623
0.97464,-71.626
0.97469,-71.63
0.97474,-71.63
0.97479,-71.627
0.97484,-71.627
0.97489,-71.624
0.97494,-71.626
0.97499,-71.635
0.97504,-71.635
0.97509,-71.631
0.97514,-71.627
0.97519,-71.627
0.97524,-71.629
0.97529,-71.63
0.97534,-71.628
0.97539,-71.626
0.97544,-71.629
0.97549,-71.626
0.97554,-71.62
0.97559,-71.615
0.97564,-71.611
0.97569,-71.611
0.97574,-71.611
0.97579,-71.616
0.97584,-71.616
0.97589,-71.614
0.97594,-71.619
0.97599,-71.621
0.97604,-71.625
0.97609,-71.625
0.97614,-71.625
0.97619,-71.623
0.97624,-71.625
0.97629,-71.626
0.97634,-71.625
0.97639,-71.625
0.97644,-71.624
0.97649,-71.624
0.97654,-71.624
0.97659,-71.624
0.97664,-71.624
0.97669,-71.621
0.97673,-71.619
0.97678,-71.619
0.97683,-71.619
0.97688,-71.619
0.97693,-71.618
0.97698,-71.618
0.97703,-71.619
0.97708,-71.621
0.97713,-71.624
0.97718,-71.624
0.97723,-71.62
0.97728,-71.613
0.97733,-71.613
0.97738,-71.619
0.97743,-71.619
0.97748,-71.613
0.97753,-71.607
0.97758,-71.604
0.97763,-71.604
0.97768,-71.601
0.97773,-71.601
0.97778,-71.598
0.97783,-71.596
0.97788,-71.592
0.97793,-71.586
0.97798,-71.585
0.97803,-71.58
0.97808,-71.569
0.97813,-71.563
0.97818,-71.563
0.97823,-71.563
0.97828,-71.56
0.97833,-71.56
0.97838,-71.56
0.97843,-71.556
0.97848,-71.55
0.97853,-71.55
0.97858,-71.551
0.97863,-71.554
0.97868,-71.559
0.97873,-71.551
0.97878,-71.546
0.97883,-71.543
0.97888,-71.538
0.97893,-71.536
0.97898,-71.531
0.97903,-71.529
0.97908,-71.53
0.97913,-71.536
0.97918,-71.535
0.97923,-71.531
0.97928,-71.527
0.97933,-71.527
0.97938,-71.527
0.97943,-71.527
0.97947,-71.521
0.97952,-71.515
0.97957,-71.507
0.97962,-71.507
0.97967,-71.5
0.97972,-71.494
0.97977,-71.5
0.97982,-71.497
0.97987,-71.494
0.97992,-71.492
0.97997,-71.495
0.98002,-71.499
0.98007,-71.499
0.98012,-71.498
0.98017,-71.507
0.98022,-71.513
0.98027,-71.513
0.98032,-71.514
0.98037,-71.514
0.98042,-71.519
0.98047,-71.522
0.98052,-71.526
0.98057,-71.527
0.98062,-71.531
0.98067,-71.534
0.98072,-71.534
0.98077,-71.536
0.98082,-71.534
0.98087,-71.534
0.98092,-71.534
0.98097,-71.533
0.98102,-71.531
0.98107,-71.531
0.98112,-71.531
0.98117,-71.529
0.98122,-71.531
0.98127,-71.535
0.98132,-71.539
0.98137,-71.547
0.98142,-71.549
0.98147,-71.55
0.98152,-71.55
0.98157,-71.557
0.98162,-71.557
0.98167,-71.559
0.98172,-71.561
0.98177,-71.565
0.98182,-71.565
0.98187,-71.565
0.98192,-71.563
0.98197,-71.563
0.98202,-71.565
0.98207,-71.57
0.98212,-71.572
0.98217,-71.572
0.98221,-71.57
0.98226,-71.564
0.98231,-71.56
0.98236,-71.552
0.98241,-71.549
0.98246,-71.563
0.98251,-71.578
0.98256,-71.586
0.98261,-71.586
0.98266,-71.586
0.98271,-71.579
0.98276,-71.579
0.98281,-71.579
0.98286,-71.579
0.98291,-71.568
0.98296,-71.559
0.98301,-71.553
0.98306,-71.552
0.98311,-71.55
0.98316,-71.548
0.98321,-71.55
0.98326,-71.55
0.98331,-71.553
0.98336,-71.555
0.98341,-71.556
0.98346,-71.559
0.98351,-71.561
0.98356,-71.564
0.98361,-71.562
0.98366,-71.56
0.98371,-71.553
0.98376,-71.547
0.98381,-71.542
0.98386,-71.542
0.98391,-71.542
0.98396,-71.546
0.98401,-71.54
0.98406,-71.539
0.98411,-71.536
0.98416,-71.533
0.98421,-71.532
0.98426,-71.534
0.98431,-71.527
0.98436,-71.522
0.98441,-71.526
0.98446,-71.527
0.98451,-71.529
0.98456,-71.529
0.98461,-71.527
0.98466,-71.527
0.98471,-71.527
0.98476,-71.527
0.98481,-71.525
0.98486,-71.518
0.98491,-71.511
0.98495,-71.511
0.985,-71.509
0.98505,-71.507
0.9851,-71.503
0.98515,-71.494
0.9852,-71.492
0.98525,-71.496
0.9853,-71.489
0.98535,-71.486
0.9854,-71.48
0.98545,-71.476
0.9855,-71.48
0.98555,-71.473
0.9856,-71.467
0.98565,-71.464
0.9857,-71.46
0.98575,-71.458
0.9858,-71.451
0.98585,-71.444
0.9859,-71.434
0.98595,-71.443
0.986,-71.454
0.98605,-71.453
0.9861,-71.456
0.98615,-71.461
0.9862,-71.466
0.98625,-71.489
0.9863,-71.51
0.98635,-71.518
0.9864,-71.522
0.98645,-71.52
0.9865,-71.523
0.98655,-71.523
0.9866,-71.514
0.98665,-71.514
0.9867,-71.518
0.98675,-71.523
0.9868,-71.52
0.98685,-71.513
0.9869,-71.507
0.98695,-71.502
0.987,-71.502
0.98705,-71.502
0.9871,-71.502
0.98715,-71.502
0.9872,-71.502
0.98725,-71.507
0.9873,-71.504
0.98735,-71.498
0.9874,-71.498
0.98745,-71.498
0.9875,-71.498
0.98755,-71.498
0.9876,-71.492
0.98765,-71.492
0.98769,-71.492
0.98774,-71.492
0.98779,-71.483
0.98784,-71.474
0.98789,-71.465
0.98794,-71.459
0.98799,-71.458
0.98804,-71.453
0.98809,-71.435
0.98814,-71.42
0.98819,-71.423
0.98824,-71.426
0.98829,-71.426
0.98834,-71.428
0.98839,-71.431
0.98844,-71.439
0.98849,-71.444
0.98854,-71.446
0.98859,-71.452
0.98864,-71.46
0.98869,-71.466
0.98874,-71.472
0.98879,-71.48
0.98884,-71.486
0.98889,-71.496
0.98894,-71.508
0.98899,-71.518
0.98904,-71.514
0.98909,-71.515
0.98914,-71.516
0.98919,-71.518
0.98924,-71.521
0.98929,-71.524
0.98934,-71.524
0.98939,-71.524
0.98944,-71.525
0.98949,-71.525
0.98954,-71.525
0.98959,-71.525
0.98964,-71.526
0.98969,-71.526
0.98974,-71.526
0.98979,-71.527
0.98984,-71.527
0.98989,-71.527
0.98994,-71.527
0.98999,-71.53
0.99004,-71.532
0.99009,-71.531
0.99014,-71.53
0.99019,-71.531
0.99024,-71.532
0.99029,-71.53
0.99034,-71.529
0.99039,-71.523
0.99043,-71.525
0.99048,-71.525
0.99053,-71.53
0.99058,-71.532
0.99063,-71.527
0.99068,-71.521
0.99073,-71.52
0.99078,-71.518
0.99083,-71.516
0.99088,-71.519
0.99093,-71.519
0.99098,-71.524
0.99103,-71.527
0.99108,-71.528
0.99113,-71.527
0.99118,-71.527
0.99123,-71.526
0.99128,-71.526
0.99133,-71.528
0.99138,-71.528
0.99143,-71.526
0.99148,-71.525
0.99153,-71.525
0.99158,-71.526
0.99163,-71.522
0.99168,-71.518
0.99173,-71.514
0.99178,-71.511
0.99183,-71.514
0.99188,-71.517
0.99193,-71.517
0.99198,-71.519
0.99203,-71.519
0.99208,-71.519
0.99213,-71.519
0.99218,-71.519
0.99223,-71.52
0.99228,-71.52
0.99233,-71.52
0.99238,-71.522
0.99243,-71.525
0.99248,-71.525
0.99253,-71.522
0.99258,-71.522
0.99263,-71.527
0.99268,-71.527
0.99273,-71.527
0.99278,-71.53
0.99283,-71.529
0.99288,-71.531
0.99293,-71.532
0.99298,-71.54
0.99303,-71.534
0.99308,-71.535
0.99313,-71.537
0.99317,-71.543
0.99322,-71.551
0.99327,-71.556
0.99332,-71.562
0.99337,-71.561
0.99342,-71.564
0.99347,-71.562
0.99352,-71.556
0.99357,-71.557
0.99362,-71.561
0.99367,-71.557
0.99372,-71.554
0.99377,-71.55
0.99382,-71.539
0.99387,-71.537
0.99392,-71.534
0.99397,-71.534
0.99402,-71.531
0.99407,-71.511
0.99412,-71.482
0.99417,-71.466
0.99422,-71.455
0.99427,-71.441
0.99432,-71.434
0.99437,-71.426
0.99442,-71.423
0.99447,-71.425
0.99452,-71.428
0.99457,-71.423
0.99462,-71.409
0.99467,-71.396
0.99472,-71.379
0.99477,-71.366
0.99482,-71.348
0.99487,-71.322
0.99492,-71.312
0.99497,-71.298
0.99502,-71.298
0.99507,-71.298
0.99512,-71.286
0.99517,-71.273
0.99522,-71.259
0.99527,-71.251
0.99532,-71.244
0.99537,-71.239
0.99542,-71.231
0.99547,-71.218
0.99552,-71.209
0.99557,-71.197
0.99562,-71.182
0.99567,-71.171
0.99572,-71.163
0.99577,-71.164
0.99582,-71.165
0.99587,-71.164
0.99591,-71.16
0.99596,-71.159
0.99601,-71.157
0.99606,-71.151
0.99611,-71.148
0.99616,-71.146
0.99621,-71.142
0.99626,-71.147
0.99631,-71.151
0.99636,-71.143
0.99641,-71.14
0.99646,-71.137
0.99651,-71.137
0.99656,-71.141
0.99661,-71.145
0.99666,-71.143
0.99671,-71.139
0.99676,-71.139
0.99681,-71.139
0.99686,-71.144
0.99691,-71.151
0.99696,-71.157
0.99701,-71.157
0.99706,-71.156
0.99711,-71.156
0.99716,-71.156
0.99721,-71.151
0.99726,-71.147
0.99731,-71.147
0.99736,-71.144
0.99741,-71.141
0.99746,-71.139
0.99751,-71.129
0.99756,-71.128
0.99761,-71.121
0.99766,-71.117
0.99771,-71.11
0.99776,-71.11
0.99781,-71.109
0.99786,-71.11
0.99791,-71.112
0.99796,-71.119
0.99801,-71.125
0.99806,-71.131
0.99811,-71.138
0.99816,-71.139
0.99821,-71.139
0.99826,-71.139
0.99831,-71.139
0.99836,-71.143
0.99841,-71.147
0.99846,-71.15
0.99851,-71.15
0.99856,-71.152
0.99861,-71.155
0.99865,-71.164
0.9987,-71.172
0.99875,-71.175
0.9988,-71.175
0.99885,-71.188
0.9989,-71.196
0.99895,-71.198
0.999,-71.205
0.99905,-71.206
0.9991,-71.205
0.99915,-71.205
0.9992,-71.211
0.99925,-71.215
0.9993,-71.217
0.99935,-71.217
0.9994,-71.216
0.99945,-71.219
0.9995,-71.228
0.99955,-71.239
0.9996,-71.241
0.99965,-71.247
0.9997,-71.256
0.99975,-71.258
0.9998,-71.261
0.99985,-71.267
0.9999,-71.279
0.99995,-71.291
1,-71.299
1,-71.306
1.0001,-71.313
1.0001,-71.313
1.0002,-71.317
1.0002,-71.319
1.0003,-71.319
1.0003,-71.321
1.0004,-71.322
1.0004,-71.325
1.0005,-71.331
1.0005,-71.33
1.0006,-71.335
1.0006,-71.335
1.0007,-71.337
1.0007,-71.335
1.0008,-71.335
1.0008,-71.337
1.0009,-71.338
1.0009,-71.341
1.001,-71.345
1.001,-71.346
1.0011,-71.346
1.0011,-71.348
1.0012,-71.354
1.0012,-71.354
1.0013,-71.354
1.0013,-71.363
1.0014,-71.372
1.0014,-71.373
1.0015,-71.377
1.0015,-71.377
1.0016,-71.379
1.0016,-71.388
1.0017,-71.391
1.0017,-71.392
1.0018,-71.4
1.0018,-71.404
1.0019,-71.408
1.0019,-71.414
1.002,-71.418
1.002,-71.421
1.0021,-71.423
1.0021,-71.418
1.0022,-71.418
1.0022,-71.424
1.0023,-71.424
1.0023,-71.424
1.0024,-71.424
1.0024,-71.424
1.0025,-71.418
1.0025,-71.411
1.0026,-71.409
1.0026,-71.41
1.0027,-71.408
1.0027,-71.408
1.0028,-71.408
1.0028,-71.408
1.0029,-71.412
1.0029,-71.417
1.003,-71.416
1.003,-71.418
1.0031,-71.419
1.0031,-71.421
1.0032,-71.423
1.0032,-71.423
1.0033,-71.424
1.0033,-71.428
1.0034,-71.431
1.0034,-71.431
1.0035,-71.429
1.0035,-71.429
1.0036,-71.434
1.0036,-71.437
1.0037,-71.434
1.0037,-71.432
1.0038,-71.426
1.0038,-71.424
1.0039,-71.423
1.0039,-71.421
1.004,-71.422
1.004,-71.413
1.0041,-71.402
1.0041,-71.399
1.0042,-71.399
1.0042,-71.405
1.0043,-71.415
1.0043,-71.413
1.0044,-71.411
1.0044,-71.414
1.0045,-71.413
1.0045,-71.412
1.0046,-71.413
1.0046,-71.414
1.0047,-71.415
1.0047,-71.421
1.0048,-71.421
1.0048,-71.421
1.0049,-71.421
1.0049,-71.419
1.005,-71.414
1.005,-71.41
1.0051,-71.411
1.0051,-71.413
1.0052,-71.426
1.0052,-71.426
1.0053,-71.415
1.0053,-71.41
1.0054,-71.406
1.0054,-71.403
1.0055,-71.402
1.0055,-71.4
1.0056,-71.398
1.0056,-71.399
1.0057,-71.399
1.0057,-71.399
1.0058,-71.399
1.0058,-71.399
1.0059,-71.398
1.0059,-71.398
1.006,-71.398
1.006,-71.392
1.0061,-71.386
1.0061,-71.386
1.0062,-71.386
1.0062,-71.39
1.0063,-71.388
1.0063,-71.393
1.0064,-71.393
1.0064,-71.395
1.0065,-71.395
1.0065,-71.395
1.0066,-71.394
1.0066,-71.394
1.0067,-71.392
1.0067,-71.394
1.0068,-71.394
1.0068,-71.397
1.0069,-71.397
1.0069,-71.401
1.007,-71.408
1.007,-71.412
1.0071,-71.415
1.0071,-71.415
1.0072,-71.409
1.0072,-71.409
1.0073,-71.413
1.0073,-71.413
1.0074,-71.413
1.0074,-71.417
1.0075,-71.417
1.0075,-71.415
1.0076,-71.415
1.0076,-71.413
1.0077,-71.412
1.0077,-71.412
1.0078,-71.414
1.0078,-71.414
1.0079,-71.414
1.0079,-71.413
1.008,-71.416
1.008,-71.417
1.0081,-71.417
1.0081,-71.417
1.0082,-71.417
1.0082,-71.419
1.0083,-71.421
1.0083,-71.424
1.0084,-71.425
1.0084,-71.429
1.0085,-71.427
1.0085,-71.427
1.0086,-71.429
1.0086,-71.431
1.0087,-71.423
1.0087,-71.42
1.0088,-71.424
1.0088,-71.429
1.0089,-71.422
1.0089,-71.422
1.009,-71.425
1.009,-71.431
1.0091,-71.437
1.0091,-71.437
1.0092,-71.437
1.0092,-71.429
1.0093,-71.424
1.0093,-71.428
1.0094,-71.437
1.0094,-71.433
1.0095,-71.43
1.0095,-71.424
1.0096,-71.424
1.0096,-71.421
1.0097,-71.42
1.0097,-71.415
1.0098,-71.412
1.0098,-71.412
1.0099,-71.409
1.0099,-71.408
1.01,-71.399
1.01,-71.402
1.0101,-71.397
1.0101,-71.394
1.0102,-71.392
1.0102,-71.39
1.0103,-71.385
1.0103,-71.385
1.0104,-71.385
1.0104,-71.385
1.0105,-71.379
1.0105,-71.373
1.0106,-71.372
1.0106,-71.37
1.0107,-71.375
1.0107,-71.374
1.0108,-71.373
1.0108,-71.366
1.0109,-71.361
1.0109,-71.357
1.011,-71.352
1.011,-71.34
1.0111,-71.333
1.0111,-71.325
1.0112,-71.319
1.0112,-71.313
1.0113,-71.31
1.0113,-71.286
1.0114,-71.261
1.0114,-71.257
1.0115,-71.251
1.0115,-71.243
1.0116,-71.234
1.0116,-71.23
1.0117,-71.228
1.0117,-71.228
1.0118,-71.228
1.0118,-71.224
1.0119,-71.22
1.0119,-71.221
1.012,-71.227
1.012,-71.232
1.0121,-71.233
1.0121,-71.236
1.0122,-71.236
1.0122,-71.236
1.0123,-71.245
1.0123,-71.247
1.0124,-71.244
1.0124,-71.242
1.0125,-71.242
1.0125,-71.254
1.0126,-71.254
1.0126,-71.254
1.0127,-71.251
1.0127,-71.254
1.0128,-71.25
1.0128,-71.245
1.0129,-71.241
1.0129,-71.234
1.013,-71.228
1.013,-71.231
1.0131,-71.231
1.0131,-71.229
1.0132,-71.228
1.0132,-71.222
1.0133,-71.213
1.0133,-71.212
1.0134,-71.211
1.0134,-71.211
1.0135,-71.211
1.0135,-71.211
1.0136,-71.211
1.0136,-71.212
1.0137,-71.212
1.0137,-71.21
1.0137,-71.208
1.0138,-71.208
1.0138,-71.208
1.0139,-71.208
1.0139,-71.206
1.014,-71.206
1.014,-71.208
1.0141,-71.206
1.0141,-71.203
1.0142,-71.197
1.0142,-71.199
1.0143,-71.209
1.0143,-71.212
1.0144,-71.212
1.0144,-71.209
1.0145,-71.205
1.0145,-71.203
1.0146,-71.203
1.0146,-71.211
1.0147,-71.216
1.0147,-71.216
1.0148,-71.218
1.0148,-71.222
1.0149,-71.222
1.0149,-71.23
1.015,-71.228
1.015,-71.228
1.0151,-71.232
1.0151,-71.239
1.0152,-71.248
1.0152,-71.255
1.0153,-71.26
1.0153,-71.271
1.0154,-71.274
1.0154,-71.291
1.0155,-71.299
1.0155,-71.312
1.0156,-71.314
1.0156,-71.314
1.0157,-71.318
1.0157,-71.322
1.0158,-71.322
1.0158,-71.318
1.0159,-71.322
1.0159,-71.322
1.016,-71.316
1.016,-71.311
1.0161,-71.308
1.0161,-71.311
1.0162,-71.315
1.0162,-71.317
1.0163,-71.311
1.0163,-71.303
1.0164,-71.301
1.0164,-71.305
1.0165,-71.305
1.0165,-71.301
1.0166,-71.298
1.0166,-71.298
1.0167,-71.301
1.0167,-71.301
1.0168,-71.297
1.0168,-71.296
1.0169,-71.296
1.0169,-71.297
1.017,-71.299
1.017,-71.297
1.0171,-71.293
1.0171,-71.283
1.0172,-71.259
1.0172,-71.229
1.0173,-71.21
1.0173,-71.208
1.0174,-71.202
1.0174,-71.195
1.0175,-71.193
1.0175,-71.184
1.0176,-71.18
1.0176,-71.18
1.0177,-71.177
1.0177,-71.175
1.0178,-71.171
1.0178,-71.165
1.0179,-71.155
1.0179,-71.145
1.018,-71.144
1.018,-71.127
1.0181,-71.112
1.0181,-71.103
1.0182,-71.096
1.0182,-71.101
1.0183,-71.109
1.0183,-71.103
1.0184,-71.099
1.0184,-71.097
1.0185,-71.096
1.0185,-71.102
1.0186,-71.098
1.0186,-71.095
1.0187,-71.094
1.0187,-71.095
1.0188,-71.096
1.0188,-71.095
1.0189,-71.099
1.0189,-71.094
1.019,-71.084
1.019,-71.087
1.0191,-71.086
1.0191,-71.082
1.0192,-71.082
1.0192,-71.082
1.0193,-71.082
1.0193,-71.081
1.0194,-71.08
1.0194,-71.078
1.0195,-71.074
1.0195,-71.073
1.0196,-71.07
1.0196,-71.062
1.0197,-71.058
1.0197,-71.056
1.0198,-71.059
1.0198,-71.064
1.0199,-71.071
1.0199,-71.071
1.02,-71.071
1.02,-71.071
1.0201,-71.071
1.0201,-71.081
1.0202,-71.09
1.0202,-71.096
1.0203,-71.096
1.0203,-71.096
1.0204,-71.093
1.0204,-71.095
1.0205,-71.098
1.0205,-71.103
1.0206,-71.099
1.0206,-71.095
1.0207,-71.103
1.0207,-71.107
1.0208,-71.107
1.0208,-71.11
1.0209,-71.114
1.0209,-71.119
1.021,-71.125
1.021,-71.127
1.0211,-71.12
1.0211,-71.117
1.0212,-71.115
1.0212,-71.116
1.0213,-71.122
1.0213,-71.127
1.0214,-71.13
1.0214,-71.133
1.0215,-71.141
1.0215,-71.141
1.0216,-71.138
1.0216,-71.138
1.0217,-71.141
1.0217,-71.135
1.0218,-71.135
1.0218,-71.148
1.0219,-71.148
1.0219,-71.148
1.022,-71.15
1.022,-71.15
1.0221,-71.16
1.0221,-71.161
1.0222,-71.16
1.0222,-71.161
1.0223,-71.157
1.0223,-71.154
1.0224,-71.157
1.0224,-71.157
1.0225,-71.161
1.0225,-71.164
1.0226,-71.167
1.0226,-71.158
1.0227,-71.153
1.0227,-71.152
1.0228,-71.164
1.0228,-71.164
1.0229,-71.158
1.0229,-71.154
1.023,-71.16
1.023,-71.167
1.0231,-71.174
1.0231,-71.18
1.0232,-71.18
1.0232,-71.177
1.0233,-71.181
1.0233,-71.186
1.0234,-71.192
1.0234,-71.192
1.0235,-71.192
1.0235,-71.196
1.0236,-71.199
1.0236,-71.2
1.0237,-71.202
1.0237,-71.203
1.0238,-71.21
1.0238,-71.217
1.0239,-71.217
1.0239,-71.218
1.024,-71.22
1.024,-71.22
1.0241,-71.224
1.0241,-71.228
1.0242,-71.234
1.0242,-71.247
1.0243,-71.255
1.0243,-71.257
1.0244,-71.259
1.0244,-71.26
1.0245,-71.263
1.0245,-71.269
1.0246,-71.269
1.0246,-71.27
1.0247,-71.276
1.0247,-71.283
1.0248,-71.284
1.0248,-71.286
1.0249,-71.299
1.0249,-71.313
1.025,-71.316
1.025,-71.316
1.0251,-71.321
1.0251,-71.326
1.0252,-71.345
1.0252,-71.368
1.0253,-71.377
1.0253,-71.387
1.0254,-71.396
1.0254,-71.397
1.0255,-71.399
1.0255,-71.402
1.0256,-71.405
1.0256,-71.405
1.0257,-71.405
1.0257,-71.412
1.0258,-71.418
1.0258,-71.418
1.0259,-71.418
1.0259,-71.421
1.026,-71.423
1.026,-71.423
1.0261,-71.429
1.0261,-71.427
1.0262,-71.426
1.0262,-71.425
1.0263,-71.431
1.0263,-71.43
1.0264,-71.432
1.0264,-71.435
1.0265,-71.439
1.0265,-71.439
1.0266,-71.427
1.0266,-71.405
1.0267,-71.395
1.0267,-71.388
1.0268,-71.383
1.0268,-71.371
1.0269,-71.357
1.0269,-71.353
1.027,-71.353
1.027,-71.347
1.0271,-71.347
1.0271,-71.318
1.0272,-71.301
1.0272,-71.276
1.0273,-71.244
1.0273,-71.251
1.0274,-71.228
1.0274,-71.206
1.0274,-71.201
1.0275,-71.197
1.0275,-71.202
1.0276,-71.208
1.0276,-71.202
1.0277,-71.197
1.0277,-71.197
1.0278,-71.196
1.0278,-71.192
1.0279,-71.193
1.0279,-71.195
1.028,-71.195
1.028,-71.197
1.0281,-71.202
1.0281,-71.206
1.0282,-71.206
1.0282,-71.206
1.0283,-71.207
1.0283,-71.209
1.0284,-71.212
1.0284,-71.212
1.0285,-71.208
1.0285,-71.212
1.0286,-71.218
1.0286,-71.221
1.0287,-71.227
1.0287,-71.235
1.0288,-71.238
1.0288,-71.235
1.0289,-71.236
1.0289,-71.238
1.029,-71.239
1.029,-71.244
1.0291,-71.249
1.0291,-71.252
1.0292,-71.257
1.0292,-71.263
1.0293,-71.266
1.0293,-71.268
1.0294,-71.28
1.0294,-71.292
1.0295,-71.293
1.0295,-71.304
1.0296,-71.318
1.0296,-71.328
1.0297,-71.337
1.0297,-71.341
1.0298,-71.342
1.0298,-71.344
1.0299,-71.351
1.0299,-71.354
1.03,-71.36
1.03,-71.368
1.0301,-71.373
1.0301,-71.38
1.0302,-71.384
1.0302,-71.385
1.0303,-71.385
1.0303,-71.386
1.0304,-71.389
1.0304,-71.392
1.0305,-71.394
1.0305,-71.392
1.0306,-71.392
1.0306,-71.397
1.0307,-71.391
1.0307,-71.397
1.0308,-71.396
1.0308,-71.389
1.0309,-71.379
1.0309,-71.368
1.031,-71.369
1.031,-71.367
1.0311,-71.366
1.0311,-71.37
1.0312,-71.368
1.0312,-71.366
1.0313,-71.372
1.0313,-71.372
1.0314,-71.372
1.0314,-71.366
1.0315,-71.366
1.0315,-71.371
1.0316,-71.372
1.0316,-71.371
1.0317,-71.371
1.0317,-71.373
1.0318,-71.374
1.0318,-71.38
1.0319,-71.383
1.0319,-71.383
1.032,-71.383
1.032,-71.386
1.0321,-71.388
1.0321,-71.402
1.0322,-71.415
1.0322,-71.411
1.0323,-71.411
1.0323,-71.41
1.0324,-71.413
1.0324,-71.41
1.0325,-71.413
1.0325,-71.421
1.0326,-71.421
1.0326,-71.431
1.0327,-71.431
1.0327,-71.431
1.0328,-71.434
1.0328,-71.434
1.0329,-71.433
1.0329,-71.434
1.033,-71.431
1.033,-71.429
1.0331,-71.421
1.0331,-71.415
1.0332,-71.41
1.0332,-71.41
1.0333,-71.413
1.0333,-71.423
1.0334,-71.434
1.0334,-71.448
1.0335,-71.462
1.0335,-71.466
1.0336,-71.466
1.0336,-71.466
1.0337,-71.463
1.0337,-71.462
1.0338,-71.46
1.0338,-71.46
1.0339,-71.46
1.0339,-71.46
1.034,-71.457
1.034,-71.457
1.0341,-71.455
1.0341,-71.444
1.0342,-71.426
1.0342,-71.414
1.0343,-71.414
1.0343,-71.412
1.0344,-71.409
1.0344,-71.407
1.0345,-71.407
1.0345,-71.405
1.0346,-71.405
1.0346,-71.4
1.0347,-71.396
1.0347,-71.396
1.0348,-71.396
1.0348,-71.402
1.0349,-71.403
1.0349,-71.392
1.035,-71.387
1.035,-71.382
1.0351,-71.376
1.0351,-71.366
1.0352,-71.361
1.0352,-71.361
1.0353,-71.358
1.0353,-71.359
1.0354,-71.357
1.0354,-71.354
1.0355,-71.354
1.0355,-71.359
1.0356,-71.366
1.0356,-71.367
1.0357,-71.372
1.0357,-71.374
1.0358,-71.372
1.0358,-71.37
1.0359,-71.369
1.0359,-71.369
1.036,-71.368
1.036,-71.366
1.0361,-71.366
1.0361,-71.368
1.0362,-71.37
1.0362,-71.373
1.0363,-71.378
1.0363,-71.383
1.0364,-71.385
1.0364,-71.386
1.0365,-71.387
1.0365,-71.391
1.0366,-71.393
1.0366,-71.396
1.0367,-71.396
1.0367,-71.395
1.0368,-71.398
1.0368,-71.398
1.0369,-71.405
1.0369,-71.409
1.037,-71.406
1.037,-71.406
1.0371,-71.401
1.0371,-71.401
1.0372,-71.399
1.0372,-71.399
1.0373,-71.399
1.0373,-71.4
1.0374,-71.41
1.0374,-71.417
1.0375,-71.418
1.0375,-71.422
1.0376,-71.43
1.0376,-71.443
1.0377,-71.45
1.0377,-71.454
1.0378,-71.458
1.0378,-71.461
1.0379,-71.463
1.0379,-71.463
1.038,-71.464
1.038,-71.466
1.0381,-71.469
1.0381,-71.469
1.0382,-71.468
1.0382,-71.466
1.0383,-71.469
1.0383,-71.47
1.0384,-71.474
1.0384,-71.473
1.0385,-71.472
1.0385,-71.478
1.0386,-71.482
1.0386,-71.476
1.0387,-71.476
1.0387,-71.478
1.0388,-71.473
1.0388,-71.469
1.0389,-71.467
1.0389,-71.462
1.039,-71.455
1.039,-71.452
1.0391,-71.449
1.0391,-71.444
1.0392,-71.444
1.0392,-71.448
1.0393,-71.45
1.0393,-71.449
1.0394,-71.447
1.0394,-71.445
1.0395,-71.437
1.0395,-71.437
1.0396,-71.445
1.0396,-71.445
1.0397,-71.447
1.0397,-71.447
1.0398,-71.447
1.0398,-71.447
1.0399,-71.445
1.0399,-71.438
1.04,-71.43
1.04,-71.427
1.0401,-71.424
1.0401,-71.422
1.0402,-71.416
1.0402,-71.415
1.0403,-71.415
1.0403,-71.41
1.0404,-71.409
1.0404,-71.408
1.0405,-71.408
1.0405,-71.406
1.0406,-71.406
1.0406,-71.406
1.0407,-71.406
1.0407,-71.405
1.0408,-71.405
1.0408,-71.405
1.0409,-71.405
1.0409,-71.402
1.041,-71.396
1.041,-71.382
1.0411,-71.373
1.0411,-71.373
1.0411,-71.375
1.0412,-71.372
1.0412,-71.378
1.0413,-71.389
1.0413,-71.389
1.0414,-71.391
1.0414,-71.391
1.0415,-71.389
1.0415,-71.386
1.0416,-71.389
1.0416,-71.389
1.0417,-71.39
1.0417,-71.395
1.0418,-71.392
1.0418,-71.387
1.0419,-71.381
1.0419,-71.381
1.042,-71.374
1.042,-71.373
1.0421,-71.373
1.0421,-71.373
1.0422,-71.367
1.0422,-71.365
1.0423,-71.363
1.0423,-71.354
1.0424,-71.354
1.0424,-71.356
1.0425,-71.356
1.0425,-71.344
1.0426,-71.344
1.0426,-71.344
1.0427,-71.344
1.0427,-71.336
1.0428,-71.328
1.0428,-71.321
1.0429,-71.319
1.0429,-71.316
1.043,-71.315
1.043,-71.304
1.0431,-71.286
1.0431,-71.282
1.0432,-71.283
1.0432,-71.282
1.0433,-71.276
1.0433,-71.272
1.0434,-71.267
1.0434,-71.254
1.0435,-71.254
1.0435,-71.254
1.0436,-71.241
1.0436,-71.235
1.0437,-71.238
1.0437,-71.24
1.0438,-71.24
1.0438,-71.236
1.0439,-71.236
1.0439,-71.235
1.044,-71.235
1.044,-71.235
1.0441,-71.234
1.0441,-71.231
1.0442,-71.222
1.0442,-71.219
1.0443,-71.219
1.0443,-71.219
1.0444,-71.219
1.0444,-71.219
1.0445,-71.224
1.0445,-71.224
1.0446,-71.224
1.0446,-71.221
1.0447,-71.221
1.0447,-71.222
1.0448,-71.228
1.0448,-71.228
1.0449,-71.225
1.0449,-71.225
1.045,-71.225
1.045,-71.231
1.0451,-71.234
1.0451,-71.23
1.0452,-71.229
1.0452,-71.228
1.0453,-71.234
1.0453,-71.24
1.0454,-71.24
1.0454,-71.238
1.0455,-71.237
1.0455,-71.237
1.0456,-71.237
1.0456,-71.231
1.0457,-71.226
1.0457,-71.224
1.0458,-71.223
1.0458,-71.226
1.0459,-71.227
1.0459,-71.226
1.046,-71.225
1.046,-71.22
1.0461,-71.215
1.0461,-71.215
1.0462,-71.211
1.0462,-71.207
1.0463,-71.206
1.0463,-71.206
1.0464,-71.205
1.0464,-71.206
1.0465,-71.205
1.0465,-71.201
1.0466,-71.2
1.0466,-71.193
1.0467,-71.193
1.0467,-71.183
1.0468,-71.178
1.0468,-71.177
1.0469,-71.177
1.0469,-71.17
1.047,-71.162
1.047,-71.16
1.0471,-71.153
1.0471,-71.151
1.0472,-71.144
1.0472,-71.124
1.0473,-71.108
1.0473,-71.103
1.0474,-71.096
1.0474,-71.091
1.0475,-71.093
1.0475,-71.083
1.0476,-71.069
1.0476,-71.066
1.0477,-71.066
1.0477,-71.069
1.0478,-71.066
1.0478,-71.061
1.0479,-71.056
1.0479,-71.059
1.048,-71.062
1.048,-71.062
1.0481,-71.065
1.0481,-71.065
1.0482,-71.057
1.0482,-71.054
1.0483,-71.053
1.0483,-71.053
1.0484,-71.055
1.0484,-71.057
1.0485,-71.059
1.0485,-71.061
1.0486,-71.064
1.0486,-71.064
1.0487,-71.064
1.0487,-71.068
1.0488,-71.07
1.0488,-71.07
1.0489,-71.067
1.0489,-71.074
1.049,-71.073
1.049,-71.073
1.0491,-71.073
1.0491,-71.077
1.0492,-71.083
1.0492,-71.083
1.0493,-71.077
1.0493,-71.077
1.0494,-71.077
1.0494,-71.083
1.0495,-71.081
1.0495,-71.074
1.0496,-71.077
1.0496,-71.077
1.0497,-71.074
1.0497,-71.077
1.0498,-71.078
1.0498,-71.08
1.0499,-71.083
1.0499,-71.081
1.05,-71.084
1.05,-71.096
1.0501,-71.102
1.0501,-71.102
1.0502,-71.102
1.0502,-71.091
1.0503,-71.081
1.0503,-71.089
1.0504,-71.1
1.0504,-71.091
1.0505,-71.086
1.0505,-71.087
1.0506,-71.087
1.0506,-71.087
1.0507,-71.093
1.0507,-71.1
1.0508,-71.103
1.0508,-71.108
1.0509,-71.112
1.0509,-71.108
1.051,-71.104
1.051,-71.108
1.0511,-71.112
1.0511,-71.117
1.0512,-71.117
1.0512,-71.114
1.0513,-71.112
1.0513,-71.114
1.0514,-71.115
1.0514,-71.115
1.0515,-71.116
1.0515,-71.116
1.0516,-71.122
1.0516,-71.126
1.0517,-71.13
1.0517,-71.136
1.0518,-71.143
1.0518,-71.143
1.0519,-71.145
1.0519,-71.148
1.052,-71.154
1.052,-71.154
1.0521,-71.157
1.0521,-71.157
1.0522,-71.157
1.0522,-71.172
1.0523,-71.189
1.0523,-71.189
1.0524,-71.193
1.0524,-71.2
1.0525,-71.215
1.0525,-71.216
1.0526,-71.222
1.0526,-71.226
1.0527,-71.232
1.0527,-71.241
1.0528,-71.251
1.0528,-71.261
1.0529,-71.268
1.0529,-71.27
1.053,-71.274
1.053,-71.276
1.0531,-71.276
1.0531,-71.276
1.0532,-71.279
1.0532,-71.286
1.0533,-71.287
1.0533,-71.289
1.0534,-71.286
1.0534,-71.286
1.0535,-71.288
1.0535,-71.291
1.0536,-71.283
1.0536,-71.271
1.0537,-71.267
1.0537,-71.271
1.0538,-71.274
1.0538,-71.276
1.0539,-71.276
1.0539,-71.271
1.054,-71.272
1.054,-71.275
1.0541,-71.273
1.0541,-71.273
1.0542,-71.268
1.0542,-71.263
1.0543,-71.262
1.0543,-71.263
1.0544,-71.261
1.0544,-71.256
1.0545,-71.256
1.0545,-71.257
1.0546,-71.256
1.0546,-71.257
1.0547,-71.257
1.0547,-71.257
1.0548,-71.257
1.0548,-71.258
1.0548,-71.262
1.0549,-71.262
1.0549,-71.26
1.055,-71.256
1.055,-71.254
1.0551,-71.254
1.0551,-71.251
1.0552,-71.244
1.0552,-71.24
1.0553,-71.23
1.0553,-71.223
1.0554,-71.223
1.0554,-71.225
1.0555,-71.229
1.0555,-71.236
1.0556,-71.236
1.0556,-71.229
1.0557,-71.227
1.0557,-71.224
1.0558,-71.222
1.0558,-71.218
1.0559,-71.217
1.0559,-71.214
1.056,-71.215
1.056,-71.217
1.0561,-71.22
1.0561,-71.222
1.0562,-71.22
1.0562,-71.217
1.0563,-71.219
1.0563,-71.215
1.0564,-71.214
1.0564,-71.215
1.0565,-71.212
1.0565,-71.208
1.0566,-71.208
1.0566,-71.215
1.0567,-71.219
1.0567,-71.218
1.0568,-71.214
1.0568,-71.209
1.0569,-71.207
1.0569,-71.206
1.057,-71.206
1.057,-71.198
1.0571,-71.196
1.0571,-71.189
1.0572,-71.17
1.0572,-71.163
1.0573,-71.157
1.0573,-71.15
1.0574,-71.141
1.0574,-71.128
1.0575,-71.122
1.0575,-71.115
1.0576,-71.105
1.0576,-71.102
1.0577,-71.098
1.0577,-71.098
1.0578,-71.096
1.0578,-71.091
1.0579,-71.086
1.0579,-71.086
1.058,-71.086
1.058,-71.086
1.0581,-71.087
1.0581,-71.087
1.0582,-71.087
1.0582,-71.089
1.0583,-71.091
1.0583,-71.096
1.0584,-71.102
1.0584,-71.109
1.0585,-71.102
1.0585,-71.099
1.0586,-71.103
1.0586,-71.099
1.0587,-71.099
1.0587,-71.099
1.0588,-71.1
1.0588,-71.106
1.0589,-71.117
1.0589,-71.112
1.059,-71.111
1.059,-71.115
1.0591,-71.123
1.0591,-71.122
1.0592,-71.122
1.0592,-71.121
1.0593,-71.122
1.0593,-71.128
1.0594,-71.132
1.0594,-71.136
1.0595,-71.141
1.0595,-71.151
1.0596,-71.165
1.0596,-71.179
1.0597,-71.187
1.0597,-71.183
1.0598,-71.183
1.0598,-71.187
1.0599,-71.192
1.0599,-71.199
1.06,-71.201
1.06,-71.198
1.0601,-71.199
1.0601,-71.202
1.0602,-71.209
1.0602,-71.228
1.0603,-71.251
1.0603,-71.268
1.0604,-71.272
1.0604,-71.274
1.0605,-71.274
1.0605,-71.274
1.0606,-71.267
1.0606,-71.273
1.0607,-71.277
1.0607,-71.284
1.0608,-71.289
1.0608,-71.285
1.0609,-71.288
1.0609,-71.291
1.061,-71.292
1.061,-71.294
1.0611,-71.296
1.0611,-71.304
1.0612,-71.308
1.0612,-71.308
1.0613,-71.307
1.0613,-71.305
1.0614,-71.307
1.0614,-71.308
1.0615,-71.312
1.0615,-71.314
1.0616,-71.311
1.0616,-71.312
1.0617,-71.314
1.0617,-71.321
1.0618,-71.324
1.0618,-71.321
1.0619,-71.321
1.0619,-71.323
1.062,-71.316
1.062,-71.316
1.0621,-71.312
1.0621,-71.31
1.0622,-71.307
1.0622,-71.31
1.0623,-71.315
1.0623,-71.313
1.0624,-71.307
1.0624,-71.307
1.0625,-71.315
1.0625,-71.319
1.0626,-71.317
1.0626,-71.314
1.0627,-71.314
1.0627,-71.311
1.0628,-71.311
1.0628,-71.307
1.0629,-71.297
1.0629,-71.296
1.063,-71.297
1.063,-71.3
1.0631,-71.302
1.0631,-71.303
1.0632,-71.31
1.0632,-71.303
1.0633,-71.299
1.0633,-71.299
1.0634,-71.296
1.0634,-71.29
1.0635,-71.286
1.0635,-71.283
1.0636,-71.283
1.0636,-71.282
1.0637,-71.279
1.0637,-71.274
1.0638,-71.273
1.0638,-71.268
1.0639,-71.258
1.0639,-71.254
1.064,-71.251
1.064,-71.249
1.0641,-71.243
1.0641,-71.238
1.0642,-71.232
1.0642,-71.227
1.0643,-71.222
1.0643,-71.219
1.0644,-71.212
1.0644,-71.207
1.0645,-71.192
1.0645,-71.183
1.0646,-71.195
1.0646,-71.199
1.0647,-71.199
1.0647,-71.196
1.0648,-71.189
1.0648,-71.18
1.0649,-71.168
1.0649,-71.163
1.065,-71.156
1.065,-71.151
1.0651,-71.148
1.0651,-71.149
1.0652,-71.147
1.0652,-71.142
1.0653,-71.138
1.0653,-71.138
1.0654,-71.136
1.0654,-71.128
1.0655,-71.128
1.0655,-71.121
1.0656,-71.117
1.0656,-71.114
1.0657,-71.106
1.0657,-71.105
1.0658,-71.104
1.0658,-71.099
1.0659,-71.096
1.0659,-71.098
1.066,-71.099
1.066,-71.099
1.0661,-71.099
1.0661,-71.099
1.0662,-71.099
1.0662,-71.101
1.0663,-71.103
1.0663,-71.103
1.0664,-71.101
1.0664,-71.099
1.0665,-71.097
1.0665,-71.096
1.0666,-71.094
1.0666,-71.09
1.0667,-71.09
1.0667,-71.09
1.0668,-71.09
1.0668,-71.09
1.0669,-71.09
1.0669,-71.09
1.067,-71.092
1.067,-71.092
1.0671,-71.09
1.0671,-71.09
1.0672,-71.09
1.0672,-71.09
1.0673,-71.091
1.0673,-71.093
1.0674,-71.091
1.0674,-71.091
1.0675,-71.089
1.0675,-71.089
1.0676,-71.089
1.0676,-71.085
1.0677,-71.083
1.0677,-71.08
1.0678,-71.077
1.0678,-71.077
1.0679,-71.075
1.0679,-71.072
1.068,-71.067
1.068,-71.063
1.0681,-71.061
1.0681,-71.057
1.0682,-71.051
1.0682,-71.051
1.0683,-71.045
1.0683,-71.048
1.0684,-71.048
1.0684,-71.048
1.0685,-71.045
1.0685,-71.051
1.0685,-71.05
1.0686,-71.051
1.0686,-71.055
1.0687,-71.051
1.0687,-71.049
1.0688,-71.045
1.0688,-71.048
1.0689,-71.05
1.0689,-71.049
1.069,-71.047
1.069,-71.045
1.0691,-71.045
1.0691,-71.046
1.0692,-71.045
1.0692,-71.044
1.0693,-71.048
1.0693,-71.045
1.0694,-71.048
1.0694,-71.045
1.0695,-71.045
1.0695,-71.044
1.0696,-71.04
1.0696,-71.044
1.0697,-71.045
1.0697,-71.043
1.0698,-71.048
1.0698,-71.044
1.0699,-71.047
1.0699,-71.048
1.07,-71.048
1.07,-71.051
1.0701,-71.051
1.0701,-71.052
1.0702,-71.052
1.0702,-71.06
1.0703,-71.056
1.0703,-71.045
1.0704,-71.056
1.0704,-71.076
1.0705,-71.082
1.0705,-71.086
1.0706,-71.093
1.0706,-71.093
1.0707,-71.093
1.0707,-71.093
1.0708,-71.086
1.0708,-71.082
1.0709,-71.081
1.0709,-71.077
1.071,-71.077
1.071,-71.077
1.0711,-71.08
1.0711,-71.083
1.0712,-71.091
1.0712,-71.103
1.0713,-71.115
1.0713,-71.123
1.0714,-71.123
1.0714,-71.123
1.0715,-71.123
1.0715,-71.125
1.0716,-71.128
1.0716,-71.13
1.0717,-71.135
1.0717,-71.132
1.0718,-71.128
1.0718,-71.129
1.0719,-71.124
1.0719,-71.124
1.072,-71.124
1.072,-71.125
1.0721,-71.125
1.0721,-71.126
1.0722,-71.13
1.0722,-71.137
1.0723,-71.141
1.0723,-71.145
1.0724,-71.152
1.0724,-71.152
1.0725,-71.148
1.0725,-71.151
1.0726,-71.163
1.0726,-71.171
1.0727,-71.171
1.0727,-71.17
1.0728,-71.17
1.0728,-71.173
1.0729,-71.175
1.0729,-71.17
1.073,-71.161
1.073,-71.157
1.0731,-71.157
1.0731,-71.159
1.0732,-71.161
1.0732,-71.168
1.0733,-71.168
1.0733,-71.168
1.0734,-71.172
1.0734,-71.165
1.0735,-71.165
1.0735,-71.161
1.0736,-71.158
1.0736,-71.165
1.0737,-71.168
1.0737,-71.163
1.0738,-71.156
1.0738,-71.153
1.0739,-71.157
1.0739,-71.154
1.074,-71.15
1.074,-71.141
1.0741,-71.134
1.0741,-71.133
1.0742,-71.125
1.0742,-71.125
1.0743,-71.119
1.0743,-71.115
1.0744,-71.112
1.0744,-71.109
1.0745,-71.105
1.0745,-71.103
1.0746,-71.101
1.0746,-71.102
1.0747,-71.097
1.0747,-71.091
1.0748,-71.086
1.0748,-71.077
1.0749,-71.061
1.0749,-71.05
1.075,-71.05
1.075,-71.048
1.0751,-71.045
1.0751,-71.043
1.0752,-71.051
1.0752,-71.058
1.0753,-71.058
1.0753,-71.058
1.0754,-71.056
1.0754,-71.057
1.0755,-71.064
1.0755,-71.059
1.0756,-71.056
1.0756,-71.05
1.0757,-71.059
1.0757,-71.063
1.0758,-71.061
1.0758,-71.053
1.0759,-71.048
1.0759,-71.041
1.076,-71.033
1.076,-71.038
1.0761,-71.038
1.0761,-71.037
1.0762,-71.037
1.0762,-71.038
1.0763,-71.04
1.0763,-71.04
1.0764,-71.04
1.0764,-71.036
1.0765,-71.04
1.0765,-71.045
1.0766,-71.054
1.0766,-71.061
1.0767,-71.061
1.0767,-71.061
1.0768,-71.062
1.0768,-71.061
1.0769,-71.064
1.0769,-71.064
1.077,-71.064
1.077,-71.063
1.0771,-71.067
1.0771,-71.067
1.0772,-71.067
1.0772,-71.064
1.0773,-71.058
1.0773,-71.062
1.0774,-71.063
1.0774,-71.061
1.0775,-71.057
1.0775,-71.057
1.0776,-71.061
1.0776,-71.068
1.0777,-71.067
1.0777,-71.068
1.0778,-71.068
1.0778,-71.077
1.0779,-71.09
1.0779,-71.101
1.078,-71.103
1.078,-71.107
1.0781,-71.108
1.0781,-71.119
1.0782,-71.122
1.0782,-71.122
1.0783,-71.129
1.0783,-71.14
1.0784,-71.144
1.0784,-71.141
1.0785,-71.141
1.0785,-71.137
1.0786,-71.138
1.0786,-71.14
1.0787,-71.137
1.0787,-71.134
1.0788,-71.125
1.0788,-71.141
1.0789,-71.165
1.0789,-71.17
1.079,-71.18
1.079,-71.18
1.0791,-71.174
1.0791,-71.186
1.0792,-71.201
1.0792,-71.211
1.0793,-71.211
1.0793,-71.215
1.0794,-71.209
1.0794,-71.208
1.0795,-71.209
1.0795,-71.205
1.0796,-71.207
1.0796,-71.209
1.0797,-71.212
1.0797,-71.215
1.0798,-71.215
1.0798,-71.207
1.0799,-71.204
1.0799,-71.211
1.08,-71.22
1.08,-71.228
1.0801,-71.225
1.0801,-71.224
1.0802,-71.224
1.0802,-71.222
1.0803,-71.215
1.0803,-71.19
1.0804,-71.17
1.0804,-71.17
1.0805,-71.173
1.0805,-71.176
1.0806,-71.178
1.0806,-71.179
1.0807,-71.176
1.0807,-71.177
1.0808,-71.177
1.0808,-71.173
1.0809,-71.17
1.0809,-71.169
1.081,-71.168
1.081,-71.163
1.0811,-71.155
1.0811,-71.145
1.0812,-71.138
1.0812,-71.138
1.0813,-71.137
1.0813,-71.137
1.0814,-71.137
1.0814,-71.13
1.0815,-71.13
1.0815,-71.131
1.0816,-71.132
1.0816,-71.132
1.0817,-71.132
1.0817,-71.132
1.0818,-71.128
1.0818,-71.129
1.0819,-71.134
1.0819,-71.128
1.082,-71.128
1.082,-71.128
1.0821,-71.132
1.0821,-71.139
1.0822,-71.139
1.0822,-71.14
1.0822,-71.14
1.0823,-71.148
1.0823,-71.148
1.0824,-71.148
1.0824,-71.151
1.0825,-71.151
1.0825,-71.148
1.0826,-71.15
1.0826,-71.15
1.0827,-71.152
1.0827,-71.151
1.0828,-71.157
1.0828,-71.167
1.0829,-71.163
1.0829,-71.158
1.083,-71.16
1.083,-71.157
1.0831,-71.173
1.0831,-71.182
1.0832,-71.184
1.0832,-71.184
1.0833,-71.184
1.0833,-71.186
1.0834,-71.187
1.0834,-71.189
1.0835,-71.188
1.0835,-71.192
1.0836,-71.199
1.0836,-71.206
1.0837,-71.206
1.0837,-71.204
1.0838,-71.203
1.0838,-71.205
1.0839,-71.21
1.0839,-71.217
1.084,-71.225
1.084,-71.225
1.0841,-71.229
1.0841,-71.231
1.0842,-71.231
1.0842,-71.234
1.0843,-71.234
1.0843,-71.234
1.0844,-71.241
1.0844,-71.241
1.0845,-71.245
1.0845,-71.245
1.0846,-71.245
1.0846,-71.247
1.0847,-71.248
1.0847,-71.251
1.0848,-71.251
1.0848,-71.249
1.0849,-71.251
1.0849,-71.251
1.085,-71.248
1.085,-71.247
1.0851,-71.247
1.0851,-71.243
1.0852,-71.24
1.0852,-71.245
1.0853,-71.245
1.0853,-71.239
1.0854,-71.239
1.0854,-71.238
1.0855,-71.235
1.0855,-71.236
1.0856,-71.239
1.0856,-71.248
1.0857,-71.257
1.0857,-71.256
1.0858,-71.26
1.0858,-71.26
1.0859,-71.26
1.0859,-71.259
1.086,-71.26
1.086,-71.26
1.0861,-71.267
1.0861,-71.267
1.0862,-71.265
1.0862,-71.265
1.0863,-71.265
1.0863,-71.26
1.0864,-71.257
1.0864,-71.251
1.0865,-71.249
1.0865,-71.247
1.0866,-71.247
1.0866,-71.247
1.0867,-71.251
1.0867,-71.252
1.0868,-71.254
1.0868,-71.253
1.0869,-71.247
1.0869,-71.244
1.087,-71.243
1.087,-71.243
1.0871,-71.232
1.0871,-71.225
1.0872,-71.218
1.0872,-71.218
1.0873,-71.218
1.0873,-71.211
1.0874,-71.207
1.0874,-71.206
1.0875,-71.199
1.0875,-71.206
1.0876,-71.207
1.0876,-71.211
1.0877,-71.213
1.0877,-71.216
1.0878,-71.219
1.0878,-71.219
1.0879,-71.219
1.0879,-71.216
1.088,-71.219
1.088,-71.216
1.0881,-71.213
1.0881,-71.218
1.0882,-71.22
1.0882,-71.219
1.0883,-71.216
1.0883,-71.218
1.0884,-71.218
1.0884,-71.223
1.0885,-71.227
1.0885,-71.227
1.0886,-71.226
1.0886,-71.222
1.0887,-71.228
1.0887,-71.231
1.0888,-71.234
1.0888,-71.237
1.0889,-71.238
1.0889,-71.245
1.089,-71.246
1.089,-71.247
1.0891,-71.24
1.0891,-71.237
1.0892,-71.232
1.0892,-71.232
1.0893,-71.235
1.0893,-71.238
1.0894,-71.241
1.0894,-71.249
1.0895,-71.255
1.0895,-71.255
1.0896,-71.256
1.0896,-71.256
1.0897,-71.256
1.0897,-71.253
1.0898,-71.253
1.0898,-71.259
1.0899,-71.265
1.0899,-71.27
1.09,-71.276
1.09,-71.282
1.0901,-71.283
1.0901,-71.284
1.0902,-71.287
1.0902,-71.288
1.0903,-71.286
1.0903,-71.294
1.0904,-71.295
1.0904,-71.297
1.0905,-71.299
1.0905,-71.305
1.0906,-71.311
1.0906,-71.318
1.0907,-71.325
1.0907,-71.327
1.0908,-71.331
1.0908,-71.334
1.0909,-71.337
1.0909,-71.347
1.091,-71.352
1.091,-71.352
1.0911,-71.347
1.0911,-71.341
1.0912,-71.34
1.0912,-71.334
1.0913,-71.332
1.0913,-71.332
1.0914,-71.332
1.0914,-71.338
1.0915,-71.338
1.0915,-71.337
1.0916,-71.339
1.0916,-71.339
1.0917,-71.339
1.0917,-71.334
1.0918,-71.327
1.0918,-71.319
1.0919,-71.311
1.0919,-71.319
1.092,-71.325
1.092,-71.328
1.0921,-71.328
1.0921,-71.328
1.0922,-71.332
1.0922,-71.332
1.0923,-71.332
1.0923,-71.328
1.0924,-71.317
1.0924,-71.305
1.0925,-71.305
1.0925,-71.302
1.0926,-71.302
1.0926,-71.305
1.0927,-71.305
1.0927,-71.301
1.0928,-71.301
1.0928,-71.301
1.0929,-71.305
1.0929,-71.305
1.093,-71.301
1.093,-71.301
1.0931,-71.301
1.0931,-71.302
1.0932,-71.306
1.0932,-71.308
1.0933,-71.304
1.0933,-71.305
1.0934,-71.308
1.0934,-71.303
1.0935,-71.303
1.0935,-71.303
1.0936,-71.304
1.0936,-71.307
1.0937,-71.307
1.0937,-71.307
1.0938,-71.312
1.0938,-71.315
1.0939,-71.314
1.0939,-71.315
1.094,-71.315
1.094,-71.315
1.0941,-71.316
1.0941,-71.317
1.0942,-71.317
1.0942,-71.318
1.0943,-71.321
1.0943,-71.321
1.0944,-71.319
1.0944,-71.321
1.0945,-71.325
1.0945,-71.325
1.0946,-71.319
1.0946,-71.327
1.0947,-71.331
1.0947,-71.334
1.0948,-71.339
1.0948,-71.339
1.0949,-71.339
1.0949,-71.339
1.095,-71.339
1.095,-71.341
1.0951,-71.345
1.0951,-71.345
1.0952,-71.343
1.0952,-71.345
1.0953,-71.346
1.0953,-71.348
1.0954,-71.355
1.0954,-71.366
1.0955,-71.374
1.0955,-71.379
1.0956,-71.381
1.0956,-71.382
1.0957,-71.383
1.0957,-71.38
1.0958,-71.385
1.0958,-71.385
1.0959,-71.389
1.0959,-71.386
1.0959,-71.386
1.096,-71.389
1.096,-71.389
1.0961,-71.39
1.0961,-71.389
1.0962,-71.389
1.0962,-71.386
1.0963,-71.385
1.0963,-71.386
1.0964,-71.385
1.0964,-71.387
1.0965,-71.385
1.0965,-71.387
1.0966,-71.382
1.0966,-71.384
1.0967,-71.373
1.0967,-71.368
1.0968,-71.369
1.0968,-71.367
1.0969,-71.366
1.0969,-71.367
1.097,-71.374
1.097,-71.374
1.0971,-71.366
1.0971,-71.361
1.0972,-71.362
1.0972,-71.362
1.0973,-71.362
1.0973,-71.359
1.0974,-71.36
1.0974,-71.366
1.0975,-71.376
1.0975,-71.377
1.0976,-71.384
1.0976,-71.388
1.0977,-71.39
1.0977,-71.388
1.0978,-71.383
1.0978,-71.38
1.0979,-71.38
1.0979,-71.38
1.098,-71.377
1.098,-71.37
1.0981,-71.364
1.0981,-71.359
1.0982,-71.363
1.0982,-71.364
1.0983,-71.366
1.0983,-71.369
1.0984,-71.366
1.0984,-71.366
1.0985,-71.366
1.0985,-71.366
1.0986,-71.37
1.0986,-71.363
1.0987,-71.36
1.0987,-71.353
1.0988,-71.354
1.0988,-71.352
1.0989,-71.354
1.0989,-71.363
1.099,-71.37
1.099,-71.376
1.0991,-71.382
1.0991,-71.382
1.0992,-71.376
1.0992,-71.379
1.0993,-71.379
1.0993,-71.376
1.0994,-71.367
1.0994,-71.358
1.0995,-71.355
1.0995,-71.355
1.0996,-71.358
1.0996,-71.353
1.0997,-71.358
1.0997,-71.358
1.0998,-71.364
1.0998,-71.368
1.0999,-71.368
1.0999,-71.364
1.1,-71.361
1.1,-71.361
1.1001,-71.36
1.1001,-71.36
1.1002,-71.357
1.1002,-71.354
1.1003,-71.347
1.1003,-71.353
1.1004,-71.353
1.1004,-71.353
1.1005,-71.358
1.1005,-71.361
1.1006,-71.366
1.1006,-71.373
1.1007,-71.371
1.1007,-71.366
1.1008,-71.361
1.1008,-71.362
1.1009,-71.363
1.1009,-71.36
1.101,-71.354
1.101,-71.352
1.1011,-71.352
1.1011,-71.36
1.1012,-71.364
1.1012,-71.366
1.1013,-71.364
1.1013,-71.364
1.1014,-71.366
1.1014,-71.366
1.1015,-71.364
1.1015,-71.364
1.1016,-71.362
1.1016,-71.352
1.1017,-71.35
1.1017,-71.356
1.1018,-71.353
1.1018,-71.352
1.1019,-71.36
1.1019,-71.363
1.102,-71.367
1.102,-71.372
1.1021,-71.373
1.1021,-71.377
1.1022,-71.382
1.1022,-71.383
1.1023,-71.385
1.1023,-71.388
1.1024,-71.389
1.1024,-71.394
1.1025,-71.398
1.1025,-71.399
1.1026,-71.401
1.1026,-71.409
1.1027,-71.409
1.1027,-71.401
1.1028,-71.409
1.1028,-71.414
1.1029,-71.418
1.1029,-71.409
1.103,-71.405
1.103,-71.405
1.1031,-71.396
1.1031,-71.396
1.1032,-71.396
1.1032,-71.405
1.1033,-71.413
1.1033,-71.408
1.1034,-71.408
1.1034,-71.409
1.1035,-71.409
1.1035,-71.409
1.1036,-71.405
1.1036,-71.405
1.1037,-71.405
1.1037,-71.408
1.1038,-71.405
1.1038,-71.405
1.1039,-71.409
1.1039,-71.409
1.104,-71.417
1.104,-71.419
1.1041,-71.434
1.1041,-71.457
1.1042,-71.469
1.1042,-71.475
1.1043,-71.479
1.1043,-71.487
1.1044,-71.487
1.1044,-71.487
1.1045,-71.488
1.1045,-71.481
1.1046,-71.481
1.1046,-71.481
1.1047,-71.481
1.1047,-71.481
1.1048,-71.479
1.1048,-71.479
1.1049,-71.479
1.1049,-71.485
1.105,-71.49
1.105,-71.49
1.1051,-71.49
1.1051,-71.49
1.1052,-71.495
1.1052,-71.498
1.1053,-71.5
1.1053,-71.498
1.1054,-71.503
1.1054,-71.505
1.1055,-71.509
1.1055,-71.509
1.1056,-71.509
1.1056,-71.511
1.1057,-71.511
1.1057,-71.511
1.1058,-71.511
1.1058,-71.512
1.1059,-71.512
1.1059,-71.514
1.106,-71.515
1.106,-71.522
1.1061,-71.528
1.1061,-71.528
1.1062,-71.531
1.1062,-71.532
1.1063,-71.532
1.1063,-71.528
1.1064,-71.528
1.1064,-71.53
1.1065,-71.53
1.1065,-71.53
1.1066,-71.53
1.1066,-71.529
1.1067,-71.531
1.1067,-71.523
1.1068,-71.519
1.1068,-71.523
1.1069,-71.523
1.1069,-71.533
1.107,-71.54
1.107,-71.552
1.1071,-71.556
1.1071,-71.555
1.1072,-71.555
1.1072,-71.55
1.1073,-71.551
1.1073,-71.553
1.1074,-71.552
1.1074,-71.552
1.1075,-71.555
1.1075,-71.564
1.1076,-71.573
1.1076,-71.572
1.1077,-71.566
1.1077,-71.563
1.1078,-71.564
1.1078,-71.571
1.1079,-71.571
1.1079,-71.569
1.108,-71.569
1.108,-71.574
1.1081,-71.578
1.1081,-71.579
1.1082,-71.572
1.1082,-71.568
1.1083,-71.565
1.1083,-71.563
1.1084,-71.562
1.1084,-71.557
1.1085,-71.553
1.1085,-71.553
1.1086,-71.553
1.1086,-71.557
1.1087,-71.557
1.1087,-71.547
1.1088,-71.539
1.1088,-71.54
1.1089,-71.537
1.1089,-71.527
1.109,-71.518
1.109,-71.512
1.1091,-71.51
1.1091,-71.508
1.1092,-71.505
1.1092,-71.501
1.1093,-71.491
1.1093,-71.481
1.1094,-71.471
1.1094,-71.463
1.1095,-71.453
1.1095,-71.44
1.1096,-71.435
1.1096,-71.428
1.1096,-71.418
1.1097,-71.406
1.1097,-71.402
1.1098,-71.398
1.1098,-71.395
1.1099,-71.394
1.1099,-71.383
1.11,-71.367
1.11,-71.361
1.1101,-71.359
1.1101,-71.363
1.1102,-71.361
1.1102,-71.357
1.1103,-71.35
1.1103,-71.347
1.1104,-71.337
1.1104,-71.326
1.1105,-71.315
1.1105,-71.307
1.1106,-71.292
1.1106,-71.278
1.1107,-71.268
1.1107,-71.255
1.1108,-71.251
1.1108,-71.251
1.1109,-71.257
1.1109,-71.253
1.111,-71.251
1.111,-71.248
1.1111,-71.246
1.1111,-71.243
1.1112,-71.243
1.1112,-71.243
1.1113,-71.238
1.1113,-71.235
1.1114,-71.235
1.1114,-71.231
1.1115,-71.231
1.1115,-71.233
1.1116,-71.234
1.1116,-71.236
1.1117,-71.237
1.1117,-71.25
1.1118,-71.257
1.1118,-71.257
1.1119,-71.26
1.1119,-71.261
1.112,-71.263
1.112,-71.263
1.1121,-71.269
1.1121,-71.272
1.1122,-71.274
1.1122,-71.274
1.1123,-71.273
1.1123,-71.26
1.1124,-71.26
1.1124,-71.279
1.1125,-71.297
1.1125,-71.299
1.1126,-71.299
1.1126,-71.294
1.1127,-71.292
1.1127,-71.301
1.1128,-71.307
1.1128,-71.308
1.1129,-71.315
1.1129,-71.32
1.113,-71.322
1.113,-71.325
1.1131,-71.33
1.1131,-71.334
1.1132,-71.334
1.1132,-71.338
1.1133,-71.341
1.1133,-71.347
1.1134,-71.347
1.1134,-71.348
1.1135,-71.348
1.1135,-71.35
1.1136,-71.351
1.1136,-71.351
1.1137,-71.35
1.1137,-71.353
1.1138,-71.354
1.1138,-71.36
1.1139,-71.367
1.1139,-71.373
1.114,-71.379
1.114,-71.382
1.1141,-71.373
1.1141,-71.364
1.1142,-71.363
1.1142,-71.357
1.1143,-71.35
1.1143,-71.35
1.1144,-71.337
1.1144,-71.325
1.1145,-71.322
1.1145,-71.321
1.1146,-71.318
1.1146,-71.302
1.1147,-71.289
1.1147,-71.289
1.1148,-71.294
1.1148,-71.3
1.1149,-71.302
1.1149,-71.305
1.115,-71.305
1.115,-71.302
1.1151,-71.3
1.1151,-71.3
1.1152,-71.294
1.1152,-71.289
1.1153,-71.283
1.1153,-71.275
1.1154,-71.265
1.1154,-71.256
1.1155,-71.245
1.1155,-71.244
1.1156,-71.241
1.1156,-71.241
1.1157,-71.242
1.1157,-71.237
1.1158,-71.227
1.1158,-71.22
1.1159,-71.221
1.1159,-71.221
1.116,-71.222
1.116,-71.222
1.1161,-71.218
1.1161,-71.218
1.1162,-71.221
1.1162,-71.221
1.1163,-71.223
1.1163,-71.221
1.1164,-71.218
1.1164,-71.218
1.1165,-71.218
1.1165,-71.218
1.1166,-71.217
1.1166,-71.215
1.1167,-71.215
1.1167,-71.217
1.1168,-71.217
1.1168,-71.216
1.1169,-71.216
1.1169,-71.222
1.117,-71.231
1.117,-71.232
1.1171,-71.235
1.1171,-71.242
1.1172,-71.242
1.1172,-71.237
1.1173,-71.232
1.1173,-71.232
1.1174,-71.231
1.1174,-71.231
1.1175,-71.231
1.1175,-71.225
1.1176,-71.231
1.1176,-71.235
1.1177,-71.239
1.1177,-71.241
1.1178,-71.243
1.1178,-71.244
1.1179,-71.25
1.1179,-71.257
1.118,-71.259
1.118,-71.249
1.1181,-71.237
1.1181,-71.232
1.1182,-71.227
1.1182,-71.225
1.1183,-71.225
1.1183,-71.218
1.1184,-71.214
1.1184,-71.208
1.1185,-71.198
1.1185,-71.194
1.1186,-71.183
1.1186,-71.173
1.1187,-71.17
1.1187,-71.167
1.1188,-71.167
1.1188,-71.167
1.1189,-71.164
1.1189,-71.154
1.119,-71.14
1.119,-71.139
1.1191,-71.139
1.1191,-71.138
1.1192,-71.124
1.1192,-71.126
1.1193,-71.12
1.1193,-71.12
1.1194,-71.119
1.1194,-71.106
1.1195,-71.099
1.1195,-71.099
1.1196,-71.096
1.1196,-71.088
1.1197,-71.084
1.1197,-71.084
1.1198,-71.084
1.1198,-71.08
1.1199,-71.077
1.1199,-71.074
1.12,-71.067
1.12,-71.06
1.1201,-71.06
1.1201,-71.054
1.1202,-71.039
1.1202,-71.043
1.1203,-71.041
1.1203,-71.038
1.1204,-71.03
1.1204,-71.023
1.1205,-71.021
1.1205,-71.02
1.1206,-71.019
1.1206,-71.014
1.1207,-71.01
1.1207,-71.009
1.1208,-71.009
1.1208,-71.009
1.1209,-71.009
1.1209,-71.008
1.121,-71.008
1.121,-71
1.1211,-71
1.1211,-70.988
1.1212,-70.983
1.1212,-70.981
1.1213,-70.986
1.1213,-70.998
1.1214,-70.998
1.1214,-70.99
1.1215,-70.981
1.1215,-70.982
1.1216,-70.98
1.1216,-70.98
1.1217,-70.98
1.1217,-70.975
1.1218,-70.971
1.1218,-70.971
1.1219,-70.974
1.1219,-70.972
1.122,-70.967
1.122,-70.966
1.1221,-70.962
1.1221,-70.961
1.1222,-70.955
1.1222,-70.955
1.1223,-70.955
1.1223,-70.955
1.1224,-70.961
1.1224,-70.961
1.1225,-70.961
1.1225,-70.961
1.1226,-70.961
1.1226,-70.965
1.1227,-70.971
1.1227,-70.971
1.1228,-70.968
1.1228,-70.968
1.1229,-70.971
1.1229,-70.974
1.123,-70.97
1.123,-70.964
1.1231,-70.963
1.1231,-70.966
1.1232,-70.97
1.1232,-70.97
1.1233,-70.972
1.1233,-70.969
1.1233,-70.967
1.1234,-70.975
1.1234,-70.978
1.1235,-70.98
1.1235,-70.98
1.1236,-70.978
1.1236,-70.988
1.1237,-70.995
1.1237,-70.99
1.1238,-70.979
1.1238,-70.969
1.1239,-70.969
1.1239,-70.971
1.124,-70.967
1.124,-70.971
1.1241,-70.976
1.1241,-70.979
1.1242,-70.989
1.1242,-70.983
1.1243,-70.982
1.1243,-70.983
1.1244,-70.984
1.1244,-70.987
1.1245,-70.99
1.1245,-70.991
1.1246,-70.995
1.1246,-70.999
1.1247,-71
1.1247,-71.01
1.1248,-71.026
1.1248,-71.032
1.1249,-71.033
1.1249,-71.038
1.125,-71.048
1.125,-71.048
1.1251,-71.048
1.1251,-71.048
1.1252,-71.045
1.1252,-71.051
1.1253,-71.053
1.1253,-71.05
1.1254,-71.051
1.1254,-71.053
1.1255,-71.058
1.1255,-71.071
1.1256,-71.058
1.1256,-71.053
1.1257,-71.051
1.1257,-71.053
1.1258,-71.058
1.1258,-71.057
1.1259,-71.048
1.1259,-71.048
1.126,-71.048
1.126,-71.048
1.1261,-71.048
1.1261,-71.045
1.1262,-71.045
1.1262,-71.045
1.1263,-71.045
1.1263,-71.051
1.1264,-71.055
1.1264,-71.047
1.1265,-71.047
1.1265,-71.042
1.1266,-71.046
1.1266,-71.046
1.1267,-71.046
1.1267,-71.046
1.1268,-71.046
1.1268,-71.046
1.1269,-71.047
1.1269,-71.049
1.127,-71.055
1.127,-71.055
1.1271,-71.054
1.1271,-71.048
1.1272,-71.045
1.1272,-71.045
1.1273,-71.043
1.1273,-71.046
1.1274,-71.046
1.1274,-71.043
1.1275,-71.042
1.1275,-71.042
1.1276,-71.042
1.1276,-71.045
1.1277,-71.045
1.1277,-71.043
1.1278,-71.043
1.1278,-71.043
1.1279,-71.043
1.1279,-71.039
1.128,-71.036
1.128,-71.036
1.1281,-71.039
1.1281,-71.044
1.1282,-71.047
1.1282,-71.05
1.1283,-71.05
1.1283,-71.061
1.1284,-71.065
1.1284,-71.07
1.1285,-71.075
1.1285,-71.073
1.1286,-71.078
1.1286,-71.085
1.1287,-71.091
1.1287,-71.093
1.1288,-71.096
1.1288,-71.093
1.1289,-71.096
1.1289,-71.098
1.129,-71.104
1.129,-71.112
1.1291,-71.115
1.1291,-71.122
1.1292,-71.138
1.1292,-71.144
1.1293,-71.154
1.1293,-71.154
1.1294,-71.158
1.1294,-71.164
1.1295,-71.168
1.1295,-71.167
1.1296,-71.165
1.1296,-71.165
1.1297,-71.17
1.1297,-71.173
1.1298,-71.178
1.1298,-71.176
1.1299,-71.177
1.1299,-71.179
1.13,-71.183
1.13,-71.183
1.1301,-71.184
1.1301,-71.181
1.1302,-71.181
1.1302,-71.184
1.1303,-71.182
1.1303,-71.182
1.1304,-71.176
1.1304,-71.176
1.1305,-71.176
1.1305,-71.173
1.1306,-71.17
1.1306,-71.168
1.1307,-71.17
1.1307,-71.173
1.1308,-71.177
1.1308,-71.176
1.1309,-71.167
1.1309,-71.154
1.131,-71.149
1.131,-71.149
1.1311,-71.147
1.1311,-71.152
1.1312,-71.154
1.1312,-71.143
1.1313,-71.125
1.1313,-71.114
1.1314,-71.11
1.1314,-71.105
1.1315,-71.099
1.1315,-71.084
1.1316,-71.073
1.1316,-71.069
1.1317,-71.064
1.1317,-71.061
1.1318,-71.057
1.1318,-71.057
1.1319,-71.042
1.1319,-71.033
1.132,-71.032
1.132,-71.032
1.1321,-71.022
1.1321,-71.024
1.1322,-71.024
1.1322,-71.018
1.1323,-71.015
1.1323,-71.016
1.1324,-71.016
1.1324,-71.016
1.1325,-71.016
1.1325,-71.016
1.1326,-71.016
1.1326,-71.019
1.1327,-71.019
1.1327,-71.014
1.1328,-71.014
1.1328,-71.019
1.1329,-71.019
1.1329,-71.009
1.133,-71
1.133,-71
1.1331,-70.997
1.1331,-70.998
1.1332,-71.001
1.1332,-70.99
1.1333,-70.983
1.1333,-70.98
1.1334,-70.98
1.1334,-70.984
1.1335,-70.984
1.1335,-70.98
1.1336,-70.98
1.1336,-70.977
1.1337,-70.974
1.1337,-70.974
1.1338,-70.979
1.1338,-70.977
1.1339,-70.973
1.1339,-70.977
1.134,-70.975
1.134,-70.975
1.1341,-70.967
1.1341,-70.958
1.1342,-70.958
1.1342,-70.953
1.1343,-70.937
1.1343,-70.922
1.1344,-70.916
1.1344,-70.903
1.1345,-70.891
1.1345,-70.892
1.1346,-70.892
1.1346,-70.89
1.1347,-70.888
1.1347,-70.89
1.1348,-70.887
1.1348,-70.88
1.1349,-70.874
1.1349,-70.865
1.135,-70.858
1.135,-70.851
1.1351,-70.848
1.1351,-70.838
1.1352,-70.83
1.1352,-70.831
1.1353,-70.825
1.1353,-70.815
1.1354,-70.81
1.1354,-70.809
1.1355,-70.811
1.1355,-70.814
1.1356,-70.818
1.1356,-70.818
1.1357,-70.818
1.1357,-70.823
1.1358,-70.816
1.1358,-70.805
1.1359,-70.803
1.1359,-70.799
1.136,-70.794
1.136,-70.794
1.1361,-70.794
1.1361,-70.788
1.1362,-70.785
1.1362,-70.785
1.1363,-70.783
1.1363,-70.779
1.1364,-70.777
1.1364,-70.777
1.1365,-70.776
1.1365,-70.774
1.1366,-70.774
1.1366,-70.752
1.1367,-70.729
1.1367,-70.727
1.1368,-70.727
1.1368,-70.727
1.1369,-70.727
1.1369,-70.727
1.137,-70.725
1.137,-70.723
1.137,-70.716
1.1371,-70.711
1.1371,-70.711
1.1372,-70.712
1.1372,-70.712
1.1373,-70.712
1.1373,-70.719
1.1374,-70.72
1.1374,-70.726
1.1375,-70.726
1.1375,-70.739
1.1376,-70.753
1.1376,-70.76
1.1377,-70.761
1.1377,-70.76
1.1378,-70.764
1.1378,-70.765
1.1379,-70.765
1.1379,-70.77
1.138,-70.774
1.138,-70.777
1.1381,-70.772
1.1381,-70.78
1.1382,-70.786
1.1382,-70.79
1.1383,-70.792
1.1383,-70.797
1.1384,-70.801
1.1384,-70.798
1.1385,-70.799
1.1385,-70.801
1.1386,-70.805
1.1386,-70.803
1.1387,-70.799
1.1387,-70.802
1.1388,-70.802
1.1388,-70.804
1.1389,-70.807
1.1389,-70.81
1.139,-70.813
1.139,-70.812
1.1391,-70.812
1.1391,-70.812
1.1392,-70.813
1.1392,-70.81
1.1393,-70.81
1.1393,-70.807
1.1394,-70.81
1.1394,-70.812
1.1395,-70.81
1.1395,-70.811
1.1396,-70.811
1.1396,-70.813
1.1397,-70.816
1.1397,-70.816
1.1398,-70.816
1.1398,-70.815
1.1399,-70.817
1.1399,-70.815
1.14,-70.813
1.14,-70.819
1.1401,-70.818
1.1401,-70.813
1.1402,-70.813
1.1402,-70.816
1.1403,-70.816
1.1403,-70.818
1.1404,-70.818
1.1404,-70.823
1.1405,-70.828
1.1405,-70.828
1.1406,-70.828
1.1406,-70.829
1.1407,-70.832
1.1407,-70.838
1.1408,-70.842
1.1408,-70.843
1.1409,-70.847
1.1409,-70.85
1.141,-70.851
1.141,-70.851
1.1411,-70.851
1.1411,-70.848
1.1412,-70.852
1.1412,-70.853
1.1413,-70.85
1.1413,-70.85
1.1414,-70.851
1.1414,-70.855
1.1415,-70.855
1.1415,-70.862
1.1416,-70.868
1.1416,-70.869
1.1417,-70.868
1.1417,-70.865
1.1418,-70.861
1.1418,-70.857
1.1419,-70.853
1.1419,-70.844
1.142,-70.835
1.142,-70.832
1.1421,-70.826
1.1421,-70.826
1.1422,-70.826
1.1422,-70.819
1.1423,-70.81
1.1423,-70.806
1.1424,-70.803
1.1424,-70.807
1.1425,-70.815
1.1425,-70.816
1.1426,-70.819
1.1426,-70.822
1.1427,-70.823
1.1427,-70.825
1.1428,-70.829
1.1428,-70.825
1.1429,-70.82
1.1429,-70.82
1.143,-70.825
1.143,-70.827
1.1431,-70.825
1.1431,-70.826
1.1432,-70.825
1.1432,-70.822
1.1433,-70.819
1.1433,-70.81
1.1434,-70.809
1.1434,-70.806
1.1435,-70.806
1.1435,-70.813
1.1436,-70.816
1.1436,-70.815
1.1437,-70.81
1.1437,-70.804
1.1438,-70.806
1.1438,-70.804
1.1439,-70.796
1.1439,-70.787
1.144,-70.781
1.144,-70.781
1.1441,-70.777
1.1441,-70.777
1.1442,-70.775
1.1442,-70.774
1.1443,-70.773
1.1443,-70.773
1.1444,-70.774
1.1444,-70.774
1.1445,-70.775
1.1445,-70.777
1.1446,-70.777
1.1446,-70.777
1.1447,-70.79
1.1447,-70.801
1.1448,-70.813
1.1448,-70.818
1.1449,-70.822
1.1449,-70.822
1.145,-70.821
1.145,-70.822
1.1451,-70.823
1.1451,-70.823
1.1452,-70.822
1.1452,-70.823
1.1453,-70.825
1.1453,-70.829
1.1454,-70.829
1.1454,-70.829
1.1455,-70.827
1.1455,-70.824
1.1456,-70.827
1.1456,-70.827
1.1457,-70.835
1.1457,-70.836
1.1458,-70.843
1.1458,-70.853
1.1459,-70.856
1.1459,-70.86
1.146,-70.861
1.146,-70.863
1.1461,-70.865
1.1461,-70.869
1.1462,-70.875
1.1462,-70.875
1.1463,-70.875
1.1463,-70.881
1.1464,-70.885
1.1464,-70.889
1.1465,-70.889
1.1465,-70.888
1.1466,-70.89
1.1466,-70.897
1.1467,-70.897
1.1467,-70.906
1.1468,-70.915
1.1468,-70.922
1.1469,-70.929
1.1469,-70.937
1.147,-70.946
1.147,-70.95
1.1471,-70.958
1.1471,-70.963
1.1472,-70.967
1.1472,-70.967
1.1473,-70.967
1.1473,-70.967
1.1474,-70.967
1.1474,-70.968
1.1475,-70.969
1.1475,-70.969
1.1476,-70.974
1.1476,-70.976
1.1477,-70.978
1.1477,-70.978
1.1478,-70.978
1.1478,-70.977
1.1479,-70.98
1.1479,-70.983
1.148,-70.985
1.148,-70.986
1.1481,-70.985
1.1481,-70.989
1.1482,-70.993
1.1482,-70.995
1.1483,-71
1.1483,-71.003
1.1484,-71.003
1.1484,-71.004
1.1485,-71.004
1.1485,-71.01
1.1486,-71.016
1.1486,-71.022
1.1487,-71.024
1.1487,-71.025
1.1488,-71.025
1.1488,-71.028
1.1489,-71.035
1.1489,-71.038
1.149,-71.046
1.149,-71.062
1.1491,-71.078
1.1491,-71.09
1.1492,-71.094
1.1492,-71.099
1.1493,-71.104
1.1493,-71.106
1.1494,-71.11
1.1494,-71.11
1.1495,-71.109
1.1495,-71.108
1.1496,-71.11
1.1496,-71.112
1.1497,-71.113
1.1497,-71.114
1.1498,-71.114
1.1498,-71.114
1.1499,-71.114
1.1499,-71.112
1.15,-71.11
1.15,-71.112
1.1501,-71.115
1.1501,-71.117
1.1502,-71.117
1.1502,-71.116
1.1503,-71.116
1.1503,-71.119
1.1504,-71.117
1.1504,-71.115
1.1505,-71.119
1.1505,-71.128
1.1506,-71.131
1.1506,-71.14
1.1507,-71.14
1.1507,-71.145
1.1507,-71.145
1.1508,-71.145
1.1508,-71.143
1.1509,-71.142
1.1509,-71.147
1.151,-71.153
1.151,-71.153
1.1511,-71.147
1.1511,-71.142
1.1512,-71.137
1.1512,-71.137
1.1513,-71.138
1.1513,-71.136
1.1514,-71.14
1.1514,-71.144
1.1515,-71.148
1.1515,-71.148
1.1516,-71.156
1.1516,-71.153
1.1517,-71.148
1.1517,-71.148
1.1518,-71.144
1.1518,-71.144
1.1519,-71.148
1.1519,-71.153
1.152,-71.156
1.152,-71.156
1.1521,-71.156
1.1521,-71.153
1.1522,-71.148
1.1522,-71.153
1.1523,-71.153
1.1523,-71.161
1.1524,-71.168
1.1524,-71.169
1.1525,-71.167
1.1525,-71.167
1.1526,-71.168
1.1526,-71.164
1.1527,-71.164
1.1527,-71.164
1.1528,-71.157
1.1528,-71.157
1.1529,-71.166
1.1529,-71.164
1.153,-71.158
1.153,-71.146
1.1531,-71.146
1.1531,-71.146
1.1532,-71.141
1.1532,-71.144
1.1533,-71.143
1.1533,-71.144
1.1534,-71.138
1.1534,-71.135
1.1535,-71.133
1.1535,-71.13
1.1536,-71.13
1.1536,-71.13
1.1537,-71.126
1.1537,-71.116
1.1538,-71.112
1.1538,-71.116
1.1539,-71.12
1.1539,-71.115
1.154,-71.108
1.154,-71.108
1.1541,-71.108
1.1541,-71.112
1.1542,-71.109
1.1542,-71.101
1.1543,-71.096
1.1543,-71.101
1.1544,-71.105
1.1544,-71.109
1.1545,-71.108
1.1545,-71.105
1.1546,-71.103
1.1546,-71.106
1.1547,-71.107
1.1547,-71.105
1.1548,-71.106
1.1548,-71.106
1.1549,-71.106
1.1549,-71.105
1.155,-71.105
1.155,-71.101
1.1551,-71.097
1.1551,-71.098
1.1552,-71.099
1.1552,-71.107
1.1553,-71.115
1.1553,-71.118
1.1554,-71.112
1.1554,-71.118
1.1555,-71.122
1.1555,-71.124
1.1556,-71.123
1.1556,-71.123
1.1557,-71.123
1.1557,-71.123
1.1558,-71.122
1.1558,-71.114
1.1559,-71.122
1.1559,-71.13
1.156,-71.133
1.156,-71.133
1.1561,-71.137
1.1561,-71.143
1.1562,-71.148
1.1562,-71.161
1.1563,-71.161
1.1563,-71.157
1.1564,-71.149
1.1564,-71.157
1.1565,-71.154
1.1565,-71.148
1.1566,-71.143
1.1566,-71.139
1.1567,-71.14
1.1567,-71.146
1.1568,-71.157
1.1568,-71.163
1.1569,-71.166
1.1569,-71.173
1.157,-71.179
1.157,-71.18
1.1571,-71.18
1.1571,-71.18
1.1572,-71.175
1.1572,-71.177
1.1573,-71.176
1.1573,-71.173
1.1574,-71.173
1.1574,-71.173
1.1575,-71.173
1.1575,-71.179
1.1576,-71.184
1.1576,-71.184
1.1577,-71.187
1.1577,-71.19
1.1578,-71.192
1.1578,-71.191
1.1579,-71.192
1.1579,-71.189
1.158,-71.186
1.158,-71.189
1.1581,-71.189
1.1581,-71.188
1.1582,-71.186
1.1582,-71.184
1.1583,-71.184
1.1583,-71.184
1.1584,-71.184
1.1584,-71.18
1.1585,-71.165
1.1585,-71.159
1.1586,-71.159
1.1586,-71.154
1.1587,-71.151
1.1587,-71.147
1.1588,-71.145
1.1588,-71.145
1.1589,-71.147
1.1589,-71.131
1.159,-71.123
1.159,-71.122
1.1591,-71.122
1.1591,-71.122
1.1592,-71.115
1.1592,-71.096
1.1593,-71.083
1.1593,-71.067
1.1594,-71.047
1.1594,-71.038
1.1595,-71.036
1.1595,-71.032
1.1596,-71.022
1.1596,-71.019
1.1597,-71.019
1.1597,-71.016
1.1598,-71.016
1.1598,-71.01
1.1599,-71.004
1.1599,-70.996
1.16,-70.988
1.16,-70.973
1.1601,-70.962
1.1601,-70.954
1.1602,-70.948
1.1602,-70.945
1.1603,-70.94
1.1603,-70.936
1.1604,-70.942
1.1604,-70.945
1.1605,-70.942
1.1605,-70.938
1.1606,-70.926
1.1606,-70.926
1.1607,-70.923
1.1607,-70.929
1.1608,-70.927
1.1608,-70.92
1.1609,-70.92
1.1609,-70.919
1.161,-70.92
1.161,-70.923
1.1611,-70.919
1.1611,-70.913
1.1612,-70.913
1.1612,-70.916
1.1613,-70.918
1.1613,-70.913
1.1614,-70.911
1.1614,-70.913
1.1615,-70.91
1.1615,-70.918
1.1616,-70.919
1.1616,-70.909
1.1617,-70.91
1.1617,-70.919
1.1618,-70.931
1.1618,-70.951
1.1619,-70.951
1.1619,-70.964
1.162,-70.979
1.162,-70.989
1.1621,-70.996
1.1621,-70.99
1.1622,-70.996
1.1622,-70.996
1.1623,-71
1.1623,-71.002
1.1624,-71.006
1.1624,-71.011
1.1625,-71.011
1.1625,-71.012
1.1626,-71.019
1.1626,-71.024
1.1627,-71.025
1.1627,-71.028
1.1628,-71.028
1.1628,-71.033
1.1629,-71.038
1.1629,-71.044
1.163,-71.049
1.163,-71.051
1.1631,-71.053
1.1631,-71.061
1.1632,-71.067
1.1632,-71.069
1.1633,-71.067
1.1633,-71.067
1.1634,-71.067
1.1634,-71.068
1.1635,-71.068
1.1635,-71.068
1.1636,-71.068
1.1636,-71.068
1.1637,-71.067
1.1637,-71.064
1.1638,-71.058
1.1638,-71.057
1.1639,-71.057
1.1639,-71.056
1.164,-71.056
1.164,-71.054
1.1641,-71.05
1.1641,-71.048
1.1642,-71.049
1.1642,-71.049
1.1643,-71.048
1.1643,-71.048
1.1644,-71.047
1.1644,-71.048
1.1644,-71.048
1.1645,-71.047
1.1645,-71.045
1.1646,-71.047
1.1646,-71.046
1.1647,-71.045
1.1647,-71.054
1.1648,-71.054
1.1648,-71.054
1.1649,-71.058
1.1649,-71.063
1.165,-71.07
1.165,-71.07
1.1651,-71.072
1.1651,-71.072
1.1652,-71.074
1.1652,-71.074
1.1653,-71.074
1.1653,-71.07
1.1654,-71.069
1.1654,-71.069
1.1655,-71.071
1.1655,-71.065
1.1656,-71.061
1.1656,-71.061
1.1657,-71.061
1.1657,-71.065
1.1658,-71.074
1.1658,-71.063
1.1659,-71.051
1.1659,-71.048
1.166,-71.048
1.166,-71.047
1.1661,-71.047
1.1661,-71.055
1.1662,-71.058
1.1662,-71.06
1.1663,-71.06
1.1663,-71.07
1.1664,-71.078
1.1664,-71.079
1.1665,-71.079
1.1665,-71.076
1.1666,-71.076
1.1666,-71.076
1.1667,-71.075
1.1667,-71.076
1.1668,-71.077
1.1668,-71.077
1.1669,-71.077
1.1669,-71.077
1.167,-71.073
1.167,-71.073
1.1671,-71.074
1.1671,-71.074
1.1672,-71.071
1.1672,-71.073
1.1673,-71.073
1.1673,-71.07
1.1674,-71.071
1.1674,-71.071
1.1675,-71.07
1.1675,-71.077
1.1676,-71.085
1.1676,-71.088
1.1677,-71.086
1.1677,-71.088
1.1678,-71.09
1.1678,-71.095
1.1679,-71.103
1.1679,-71.111
1.168,-71.114
1.168,-71.112
1.1681,-71.12
1.1681,-71.128
1.1682,-71.135
1.1682,-71.137
1.1683,-71.138
1.1683,-71.142
1.1684,-71.148
1.1684,-71.157
1.1685,-71.152
1.1685,-71.145
1.1686,-71.147
1.1686,-71.149
1.1687,-71.148
1.1687,-71.143
1.1688,-71.144
1.1688,-71.144
1.1689,-71.144
1.1689,-71.145
1.169,-71.145
1.169,-71.152
1.1691,-71.158
1.1691,-71.165
1.1692,-71.177
1.1692,-71.182
1.1693,-71.184
1.1693,-71.187
1.1694,-71.193
1.1694,-71.196
1.1695,-71.205
1.1695,-71.202
1.1696,-71.201
1.1696,-71.206
1.1697,-71.207
1.1697,-71.207
1.1698,-71.208
1.1698,-71.207
1.1699,-71.206
1.1699,-71.204
1.17,-71.203
1.17,-71.197
1.1701,-71.189
1.1701,-71.183
1.1702,-71.179
1.1702,-71.178
1.1703,-71.178
1.1703,-71.178
1.1704,-71.178
1.1704,-71.178
1.1705,-71.181
1.1705,-71.161
1.1706,-71.157
1.1706,-71.161
1.1707,-71.164
1.1707,-71.161
1.1708,-71.159
1.1708,-71.16
1.1709,-71.16
1.1709,-71.16
1.171,-71.16
1.171,-71.16
1.1711,-71.16
1.1711,-71.162
1.1712,-71.162
1.1712,-71.162
1.1713,-71.162
1.1713,-71.163
1.1714,-71.174
1.1714,-71.174
1.1715,-71.174
1.1715,-71.174
1.1716,-71.174
1.1716,-71.174
1.1717,-71.188
1.1717,-71.194
1.1718,-71.195
1.1718,-71.195
1.1719,-71.195
1.1719,-71.187
1.172,-71.183
1.172,-71.187
1.1721,-71.187
1.1721,-71.183
1.1722,-71.179
1.1722,-71.179
1.1723,-71.182
1.1723,-71.19
1.1724,-71.198
1.1724,-71.198
1.1725,-71.203
1.1725,-71.204
1.1726,-71.215
1.1726,-71.23
1.1727,-71.235
1.1727,-71.241
1.1728,-71.245
1.1728,-71.245
1.1729,-71.251
1.1729,-71.257
1.173,-71.261
1.173,-71.273
1.1731,-71.286
1.1731,-71.294
1.1732,-71.297
1.1732,-71.302
1.1733,-71.305
1.1733,-71.314
1.1734,-71.326
1.1734,-71.328
1.1735,-71.329
1.1735,-71.329
1.1736,-71.329
1.1736,-71.331
1.1737,-71.331
1.1737,-71.323
1.1738,-71.327
1.1738,-71.332
1.1739,-71.344
1.1739,-71.337
1.174,-71.331
1.174,-71.326
1.1741,-71.323
1.1741,-71.318
1.1742,-71.318
1.1742,-71.319
1.1743,-71.313
1.1743,-71.306
1.1744,-71.292
1.1744,-71.292
1.1745,-71.292
1.1745,-71.289
1.1746,-71.281
1.1746,-71.276
1.1747,-71.276
1.1747,-71.28
1.1748,-71.285
1.1748,-71.291
1.1749,-71.291
1.1749,-71.292
1.175,-71.299
1.175,-71.305
1.1751,-71.3
1.1751,-71.299
1.1752,-71.298
1.1752,-71.298
1.1753,-71.302
1.1753,-71.302
1.1754,-71.302
1.1754,-71.305
1.1755,-71.302
1.1755,-71.304
1.1756,-71.301
1.1756,-71.296
1.1757,-71.29
1.1757,-71.29
1.1758,-71.29
1.1758,-71.292
1.1759,-71.292
1.1759,-71.287
1.176,-71.289
1.176,-71.292
1.1761,-71.29
1.1761,-71.286
1.1762,-71.283
1.1762,-71.279
1.1763,-71.276
1.1763,-71.276
1.1764,-71.273
1.1764,-71.267
1.1765,-71.264
1.1765,-71.26
1.1766,-71.249
1.1766,-71.244
1.1767,-71.234
1.1767,-71.231
1.1768,-71.235
1.1768,-71.241
1.1769,-71.245
1.1769,-71.244
1.177,-71.238
1.177,-71.235
1.1771,-71.235
1.1771,-71.238
1.1772,-71.24
1.1772,-71.24
1.1773,-71.234
1.1773,-71.232
1.1774,-71.232
1.1774,-71.228
1.1775,-71.224
1.1775,-71.219
1.1776,-71.212
1.1776,-71.209
1.1777,-71.209
1.1777,-71.209
1.1778,-71.206
1.1778,-71.208
1.1779,-71.209
1.1779,-71.208
1.178,-71.208
1.178,-71.206
1.1781,-71.199
1.1781,-71.193
1.1781,-71.191
1.1782,-71.191
1.1782,-71.193
1.1783,-71.192
1.1783,-71.193
1.1784,-71.196
1.1784,-71.196
1.1785,-71.196
1.1785,-71.196
1.1786,-71.196
1.1786,-71.196
1.1787,-71.197
1.1787,-71.197
1.1788,-71.2
1.1788,-71.2
1.1789,-71.205
1.1789,-71.206
1.179,-71.205
1.179,-71.202
1.1791,-71.204
1.1791,-71.204
1.1792,-71.208
1.1792,-71.208
1.1793,-71.208
1.1793,-71.208
1.1794,-71.206
1.1794,-71.206
1.1795,-71.204
1.1795,-71.202
1.1796,-71.202
1.1796,-71.201
1.1797,-71.204
1.1797,-71.21
1.1798,-71.204
1.1798,-71.197
1.1799,-71.194
1.1799,-71.194
1.18,-71.194
1.18,-71.194
1.1801,-71.194
1.1801,-71.194
1.1802,-71.196
1.1802,-71.194
1.1803,-71.193
1.1803,-71.192
1.1804,-71.188
1.1804,-71.19
1.1805,-71.202
1.1805,-71.21
1.1806,-71.209
1.1806,-71.206
1.1807,-71.203
1.1807,-71.193
1.1808,-71.198
1.1808,-71.198
1.1809,-71.198
1.1809,-71.193
1.181,-71.193
1.181,-71.193
1.1811,-71.193
1.1811,-71.193
1.1812,-71.19
1.1812,-71.189
1.1813,-71.191
1.1813,-71.195
1.1814,-71.195
1.1814,-71.189
1.1815,-71.187
1.1815,-71.188
1.1816,-71.188
1.1816,-71.188
1.1817,-71.188
1.1817,-71.186
1.1818,-71.188
1.1818,-71.193
1.1819,-71.191
1.1819,-71.191
1.182,-71.193
1.182,-71.193
1.1821,-71.194
1.1821,-71.196
1.1822,-71.194
1.1822,-71.199
1.1823,-71.199
1.1823,-71.199
1.1824,-71.194
1.1824,-71.191
1.1825,-71.191
1.1825,-71.191
1.1826,-71.188
1.1826,-71.183
1.1827,-71.183
1.1827,-71.166
1.1828,-71.138
1.1828,-71.125
1.1829,-71.124
1.1829,-71.124
1.183,-71.124
1.183,-71.122
1.1831,-71.119
1.1831,-71.108
1.1832,-71.1
1.1832,-71.109
1.1833,-71.104
1.1833,-71.103
1.1834,-71.1
1.1834,-71.096
1.1835,-71.093
1.1835,-71.095
1.1836,-71.095
1.1836,-71.084
1.1837,-71.082
1.1837,-71.083
1.1838,-71.083
1.1838,-71.078
1.1839,-71.075
1.1839,-71.078
1.184,-71.08
1.184,-71.083
1.1841,-71.079
1.1841,-71.074
1.1842,-71.07
1.1842,-71.068
1.1843,-71.071
1.1843,-71.061
1.1844,-71.051
1.1844,-71.05
1.1845,-71.048
1.1845,-71.051
1.1846,-71.053
1.1846,-71.053
1.1847,-71.053
1.1847,-71.051
1.1848,-71.053
1.1848,-71.057
1.1849,-71.059
1.1849,-71.057
1.185,-71.059
1.185,-71.067
1.1851,-71.069
1.1851,-71.067
1.1852,-71.067
1.1852,-71.064
1.1853,-71.059
1.1853,-71.057
1.1854,-71.058
1.1854,-71.054
1.1855,-71.045
1.1855,-71.041
1.1856,-71.037
1.1856,-71.042
1.1857,-71.045
1.1857,-71.045
1.1858,-71.035
1.1858,-71.035
1.1859,-71.037
1.1859,-71.037
1.186,-71.035
1.186,-71.034
1.1861,-71.034
1.1861,-71.032
1.1862,-71.029
1.1862,-71.022
1.1863,-71.017
1.1863,-71.009
1.1864,-71.004
1.1864,-71
1.1865,-70.995
1.1865,-70.992
1.1866,-70.977
1.1866,-70.975
1.1867,-70.987
1.1867,-70.987
1.1868,-70.975
1.1868,-70.967
1.1869,-70.971
1.1869,-70.971
1.187,-70.971
1.187,-70.969
1.1871,-70.963
1.1871,-70.955
1.1872,-70.952
1.1872,-70.954
1.1873,-70.953
1.1873,-70.95
1.1874,-70.946
1.1874,-70.945
1.1875,-70.945
1.1875,-70.945
1.1876,-70.945
1.1876,-70.945
1.1877,-70.948
1.1877,-70.951
1.1878,-70.954
1.1878,-70.954
1.1879,-70.951
1.1879,-70.945
1.188,-70.945
1.188,-70.954
1.1881,-70.954
1.1881,-70.954
1.1882,-70.971
1.1882,-70.979
1.1883,-70.979
1.1883,-70.979
1.1884,-70.977
1.1884,-70.976
1.1885,-70.977
1.1885,-70.979
1.1886,-70.979
1.1886,-70.979
1.1887,-70.973
1.1887,-70.974
1.1888,-70.974
1.1888,-70.967
1.1889,-70.966
1.1889,-70.954
1.189,-70.948
1.189,-70.945
1.1891,-70.943
1.1891,-70.939
1.1892,-70.934
1.1892,-70.934
1.1893,-70.934
1.1893,-70.933
1.1894,-70.929
1.1894,-70.926
1.1895,-70.929
1.1895,-70.935
1.1896,-70.942
1.1896,-70.946
1.1897,-70.946
1.1897,-70.946
1.1898,-70.944
1.1898,-70.94
1.1899,-70.938
1.1899,-70.938
1.19,-70.935
1.19,-70.932
1.1901,-70.926
1.1901,-70.916
1.1902,-70.916
1.1902,-70.91
1.1903,-70.908
1.1903,-70.907
1.1904,-70.907
1.1904,-70.91
1.1905,-70.91
1.1905,-70.906
1.1906,-70.904
1.1906,-70.904
1.1907,-70.904
1.1907,-70.913
1.1908,-70.913
1.1908,-70.913
1.1909,-70.916
1.1909,-70.92
1.191,-70.919
1.191,-70.912
1.1911,-70.912
1.1911,-70.913
1.1912,-70.915
1.1912,-70.909
1.1913,-70.913
1.1913,-70.907
1.1914,-70.911
1.1914,-70.914
1.1915,-70.913
1.1915,-70.903
1.1916,-70.892
1.1916,-70.892
1.1917,-70.89
1.1917,-70.889
1.1918,-70.884
1.1918,-70.877
1.1918,-70.871
1.1919,-70.869
1.1919,-70.867
1.192,-70.859
1.192,-70.848
1.1921,-70.845
1.1921,-70.85
1.1922,-70.85
1.1922,-70.848
1.1923,-70.848
1.1923,-70.848
1.1924,-70.848
1.1924,-70.852
1.1925,-70.858
1.1925,-70.857
1.1926,-70.858
1.1926,-70.859
1.1927,-70.864
1.1927,-70.872
1.1928,-70.873
1.1928,-70.868
1.1929,-70.872
1.1929,-70.874
1.193,-70.878
1.193,-70.878
1.1931,-70.875
1.1931,-70.878
1.1932,-70.88
1.1932,-70.88
1.1933,-70.88
1.1933,-70.88
1.1934,-70.885
1.1934,-70.887
1.1935,-70.888
1.1935,-70.892
1.1936,-70.893
1.1936,-70.902
1.1937,-70.91
1.1937,-70.911
1.1938,-70.914
1.1938,-70.914
1.1939,-70.911
1.1939,-70.912
1.194,-70.915
1.194,-70.919
1.1941,-70.922
1.1941,-70.928
1.1942,-70.934
1.1942,-70.943
1.1943,-70.95
1.1943,-70.956
1.1944,-70.961
1.1944,-70.967
1.1945,-70.975
1.1945,-70.982
1.1946,-70.99
1.1946,-71.002
1.1947,-71.018
1.1947,-71.022
1.1948,-71.027
1.1948,-71.03
1.1949,-71.035
1.1949,-71.038
1.195,-71.041
1.195,-71.044
1.1951,-71.05
1.1951,-71.057
1.1952,-71.062
1.1952,-71.062
1.1953,-71.07
1.1953,-71.078
1.1954,-71.08
1.1954,-71.078
1.1955,-71.078
1.1955,-71.082
1.1956,-71.086
1.1956,-71.09
1.1957,-71.096
1.1957,-71.096
1.1958,-71.096
1.1958,-71.09
1.1959,-71.086
1.1959,-71.086
1.196,-71.088
1.196,-71.086
1.1961,-71.081
1.1961,-71.079
1.1962,-71.072
1.1962,-71.071
1.1963,-71.07
1.1963,-71.07
1.1964,-71.064
1.1964,-71.07
1.1965,-71.077
1.1965,-71.067
1.1966,-71.063
1.1966,-71.063
1.1967,-71.057
1.1967,-71.057
1.1968,-71.057
1.1968,-71.059
1.1969,-71.05
1.1969,-71.042
1.197,-71.045
1.197,-71.038
1.1971,-71.041
1.1971,-71.041
1.1972,-71.036
1.1972,-71.037
1.1973,-71.037
1.1973,-71.037
1.1974,-71.036
1.1974,-71.034
1.1975,-71.031
1.1975,-71.028
1.1976,-71.024
1.1976,-71.021
1.1977,-71.018
1.1977,-71.018
1.1978,-71.015
1.1978,-71.012
1.1979,-71.009
1.1979,-71.009
1.198,-71.008
1.198,-71.006
1.1981,-71.006
1.1981,-71
1.1982,-71
1.1982,-71
1.1983,-71
1.1983,-71
1.1984,-71.006
1.1984,-71.006
1.1985,-71.006
1.1985,-71.003
1.1986,-70.997
1.1986,-71
1.1987,-71
1.1987,-71
1.1988,-70.997
1.1988,-71
1.1989,-71.009
1.1989,-71.016
1.199,-71.016
1.199,-71.012
1.1991,-71.01
1.1991,-71.012
1.1992,-71.012
1.1992,-71.012
1.1993,-71.014
1.1993,-71.017
1.1994,-71.019
1.1994,-71.021
1.1995,-71.021
1.1995,-71.021
1.1996,-71.021
1.1996,-71.019
1.1997,-71.022
1.1997,-71.022
1.1998,-71.027
1.1998,-71.027
1.1999,-71.027
1.1999,-71.028
1.2,-71.035
1.2,-71.039
1.2001,-71.039
1.2001,-71.04
1.2002,-71.041
1.2002,-71.044
1.2003,-71.041
1.2003,-71.052
1.2004,-71.071
1.2004,-71.082
1.2005,-71.086
1.2005,-71.086
1.2006,-71.089
1.2006,-71.09
1.2007,-71.091
1.2007,-71.094
1.2008,-71.096
1.2008,-71.094
1.2009,-71.091
1.2009,-71.097
1.201,-71.097
1.201,-71.097
1.2011,-71.095
1.2011,-71.093
1.2012,-71.094
1.2012,-71.098
1.2013,-71.102
1.2013,-71.099
1.2014,-71.097
1.2014,-71.102
1.2015,-71.108
1.2015,-71.112
1.2016,-71.117
1.2016,-71.117
1.2017,-71.117
1.2017,-71.121
1.2018,-71.122
1.2018,-71.121
1.2019,-71.119
1.2019,-71.115
1.202,-71.119
1.202,-71.121
1.2021,-71.121
1.2021,-71.119
1.2022,-71.116
1.2022,-71.116
1.2023,-71.114
1.2023,-71.114
1.2024,-71.114
1.2024,-71.114
1.2025,-71.114
1.2025,-71.107
1.2026,-71.1
1.2026,-71.098
1.2027,-71.096
1.2027,-71.094
1.2028,-71.094
1.2028,-71.086
1.2029,-71.077
1.2029,-71.073
1.203,-71.068
1.203,-71.038
1.2031,-70.996
1.2031,-70.995
1.2032,-70.983
1.2032,-70.977
1.2033,-70.975
1.2033,-70.963
1.2034,-70.958
1.2034,-70.956
1.2035,-70.953
1.2035,-70.952
1.2036,-70.941
1.2036,-70.928
1.2037,-70.922
1.2037,-70.913
1.2038,-70.903
1.2038,-70.903
1.2039,-70.902
1.2039,-70.901
1.204,-70.9
1.204,-70.893
1.2041,-70.89
1.2041,-70.883
1.2042,-70.878
1.2042,-70.866
1.2043,-70.85
1.2043,-70.844
1.2044,-70.843
1.2044,-70.841
1.2045,-70.835
1.2045,-70.83
1.2046,-70.825
1.2046,-70.819
1.2047,-70.816
1.2047,-70.812
1.2048,-70.806
1.2048,-70.801
1.2049,-70.801
1.2049,-70.797
1.205,-70.79
1.205,-70.79
1.2051,-70.79
1.2051,-70.79
1.2052,-70.784
1.2052,-70.78
1.2053,-70.771
1.2053,-70.765
1.2054,-70.76
1.2054,-70.752
1.2055,-70.74
1.2055,-70.731
1.2055,-70.734
1.2056,-70.736
1.2056,-70.743
1.2057,-70.743
1.2057,-70.749
1.2058,-70.742
1.2058,-70.74
1.2059,-70.739
1.2059,-70.737
1.206,-70.737
1.206,-70.732
1.2061,-70.718
1.2061,-70.713
1.2062,-70.71
1.2062,-70.71
1.2063,-70.71
1.2063,-70.709
1.2064,-70.701
1.2064,-70.7
1.2065,-70.705
1.2065,-70.697
1.2066,-70.694
1.2066,-70.705
1.2067,-70.71
1.2067,-70.71
1.2068,-70.71
1.2068,-70.695
1.2069,-70.71
1.2069,-70.729
1.207,-70.737
1.207,-70.738
1.2071,-70.736
1.2071,-70.737
1.2072,-70.746
1.2072,-70.761
1.2073,-70.762
1.2073,-70.764
1.2074,-70.768
1.2074,-70.771
1.2075,-70.768
1.2075,-70.771
1.2076,-70.773
1.2076,-70.776
1.2077,-70.779
1.2077,-70.784
1.2078,-70.787
1.2078,-70.79
1.2079,-70.784
1.2079,-70.786
1.208,-70.789
1.208,-70.79
1.2081,-70.794
1.2081,-70.8
1.2082,-70.806
1.2082,-70.809
1.2083,-70.81
1.2083,-70.817
1.2084,-70.824
1.2084,-70.832
1.2085,-70.85
1.2085,-70.864
1.2086,-70.876
1.2086,-70.89
1.2087,-70.902
1.2087,-70.916
1.2088,-70.932
1.2088,-70.944
1.2089,-70.949
1.2089,-70.951
1.209,-70.955
1.209,-70.964
1.2091,-70.971
1.2091,-70.977
1.2092,-70.977
1.2092,-70.977
1.2093,-70.98
1.2093,-70.986
1.2094,-70.996
1.2094,-71.003
1.2095,-71.003
1.2095,-71.003
1.2096,-71.006
1.2096,-71.009
1.2097,-71.016
1.2097,-71.016
1.2098,-71.016
1.2098,-71.016
1.2099,-71.016
1.2099,-71.015
1.21,-71.008
1.21,-71.008
1.2101,-71.002
1.2101,-71.002
1.2102,-71.006
1.2102,-71.002
1.2103,-71
1.2103,-71
1.2104,-71.002
1.2104,-71.006
1.2105,-71.016
1.2105,-71.021
1.2106,-71.028
1.2106,-71.032
1.2107,-71.032
1.2107,-71.032
1.2108,-71.033
1.2108,-71.031
1.2109,-71.029
1.2109,-71.027
1.211,-71.023
1.211,-71.018
1.2111,-71.013
1.2111,-71.011
1.2112,-71
1.2112,-70.99
1.2113,-70.988
1.2113,-70.987
1.2114,-70.982
1.2114,-70.972
1.2115,-70.961
1.2115,-70.955
1.2116,-70.954
1.2116,-70.955
1.2117,-70.951
1.2117,-70.951
1.2118,-70.953
1.2118,-70.948
1.2119,-70.934
1.2119,-70.916
1.212,-70.91
1.212,-70.91
1.2121,-70.91
1.2121,-70.909
1.2122,-70.907
1.2122,-70.909
1.2123,-70.908
1.2123,-70.91
1.2124,-70.903
1.2124,-70.895
1.2125,-70.897
1.2125,-70.897
1.2126,-70.897
1.2126,-70.897
1.2127,-70.9
1.2127,-70.906
1.2128,-70.913
1.2128,-70.919
1.2129,-70.927
1.2129,-70.933
1.213,-70.938
1.213,-70.939
1.2131,-70.942
1.2131,-70.943
1.2132,-70.943
1.2132,-70.938
1.2133,-70.935
1.2133,-70.934
1.2134,-70.938
1.2134,-70.94
1.2135,-70.937
1.2135,-70.935
1.2136,-70.944
1.2136,-70.949
1.2137,-70.945
1.2137,-70.942
1.2138,-70.939
1.2138,-70.936
1.2139,-70.935
1.2139,-70.935
1.214,-70.93
1.214,-70.926
1.2141,-70.927
1.2141,-70.915
1.2142,-70.91
1.2142,-70.904
1.2143,-70.893
1.2143,-70.884
1.2144,-70.877
1.2144,-70.87
1.2145,-70.866
1.2145,-70.868
1.2146,-70.869
1.2146,-70.868
1.2147,-70.868
1.2147,-70.868
1.2148,-70.868
1.2148,-70.864
1.2149,-70.857
1.2149,-70.853
1.215,-70.851
1.215,-70.851
1.2151,-70.851
1.2151,-70.85
1.2152,-70.848
1.2152,-70.842
1.2153,-70.842
1.2153,-70.834
1.2154,-70.834
1.2154,-70.837
1.2155,-70.841
1.2155,-70.842
1.2156,-70.84
1.2156,-70.836
1.2157,-70.832
1.2157,-70.833
1.2158,-70.832
1.2158,-70.833
1.2159,-70.828
1.2159,-70.819
1.216,-70.81
1.216,-70.802
1.2161,-70.803
1.2161,-70.805
1.2162,-70.805
1.2162,-70.816
1.2163,-70.816
1.2163,-70.826
1.2164,-70.828
1.2164,-70.835
1.2165,-70.851
1.2165,-70.862
1.2166,-70.868
1.2166,-70.869
1.2167,-70.877
1.2167,-70.885
1.2168,-70.894
1.2168,-70.905
1.2169,-70.92
1.2169,-70.918
1.217,-70.918
1.217,-70.922
1.2171,-70.923
1.2171,-70.926
1.2172,-70.93
1.2172,-70.938
1.2173,-70.947
1.2173,-70.947
1.2174,-70.947
1.2174,-70.954
1.2175,-70.956
1.2175,-70.964
1.2176,-70.967
1.2176,-70.967
1.2177,-70.971
1.2177,-70.964
1.2178,-70.96
1.2178,-70.964
1.2179,-70.964
1.2179,-70.96
1.218,-70.96
1.218,-70.96
1.2181,-70.967
1.2181,-70.974
1.2182,-70.98
1.2182,-70.984
1.2183,-70.984
1.2183,-70.977
1.2184,-70.967
1.2184,-70.971
1.2185,-70.971
1.2185,-70.961
1.2186,-70.958
1.2186,-70.952
1.2187,-70.94
1.2187,-70.925
1.2188,-70.915
1.2188,-70.909
1.2189,-70.909
1.2189,-70.914
1.219,-70.914
1.219,-70.914
1.2191,-70.914
1.2191,-70.915
1.2192,-70.911
1.2192,-70.906
1.2192,-70.906
1.2193,-70.903
1.2193,-70.903
1.2194,-70.903
1.2194,-70.903
1.2195,-70.899
1.2195,-70.899
1.2196,-70.893
1.2196,-70.889
1.2197,-70.889
1.2197,-70.889
1.2198,-70.884
1.2198,-70.879
1.2199,-70.872
1.2199,-70.868
1.22,-70.865
1.22,-70.857
1.2201,-70.849
1.2201,-70.849
1.2202,-70.853
1.2202,-70.858
1.2203,-70.861
1.2203,-70.861
1.2204,-70.864
1.2204,-70.868
1.2205,-70.869
1.2205,-70.869
1.2206,-70.868
1.2206,-70.866
1.2207,-70.869
1.2207,-70.866
1.2208,-70.868
1.2208,-70.87
1.2209,-70.87
1.2209,-70.866
1.221,-70.872
1.221,-70.877
1.2211,-70.872
1.2211,-70.864
1.2212,-70.861
1.2212,-70.861
1.2213,-70.861
1.2213,-70.861
1.2214,-70.857
1.2214,-70.857
1.2215,-70.857
1.2215,-70.857
1.2216,-70.854
1.2216,-70.855
1.2217,-70.855
1.2217,-70.854
1.2218,-70.856
1.2218,-70.858
1.2219,-70.859
1.2219,-70.864
1.222,-70.876
1.222,-70.877
1.2221,-70.877
1.2221,-70.883
1.2222,-70.885
1.2222,-70.889
1.2223,-70.894
1.2223,-70.906
1.2224,-70.901
1.2224,-70.909
1.2225,-70.909
1.2225,-70.912
1.2226,-70.924
1.2226,-70.932
1.2227,-70.943
1.2227,-70.948
1.2228,-70.951
1.2228,-70.964
1.2229,-70.97
1.2229,-70.973
1.223,-70.973
1.223,-70.973
1.2231,-70.973
1.2231,-70.973
1.2232,-70.973
1.2232,-70.97
1.2233,-70.961
1.2233,-70.954
1.2234,-70.948
1.2234,-70.951
1.2235,-70.945
1.2235,-70.936
1.2236,-70.938
1.2236,-70.939
1.2237,-70.939
1.2237,-70.931
1.2238,-70.927
1.2238,-70.926
1.2239,-70.926
1.2239,-70.927
1.224,-70.92
1.224,-70.907
1.2241,-70.887
1.2241,-70.873
1.2242,-70.873
1.2242,-70.836
1.2243,-70.794
1.2243,-70.789
1.2244,-70.781
1.2244,-70.768
1.2245,-70.754
1.2245,-70.742
1.2246,-70.728
1.2246,-70.713
1.2247,-70.699
1.2247,-70.689
1.2248,-70.664
1.2248,-70.658
1.2249,-70.658
1.2249,-70.655
1.225,-70.655
1.225,-70.66
1.2251,-70.66
1.2251,-70.654
1.2252,-70.647
1.2252,-70.642
1.2253,-70.641
1.2253,-70.637
1.2254,-70.635
1.2254,-70.639
1.2255,-70.64
1.2255,-70.64
1.2256,-70.641
1.2256,-70.642
1.2257,-70.64
1.2257,-70.636
1.2258,-70.633
1.2258,-70.629
1.2259,-70.628
1.2259,-70.629
1.226,-70.624
1.226,-70.623
1.2261,-70.623
1.2261,-70.623
1.2262,-70.623
1.2262,-70.623
1.2263,-70.623
1.2263,-70.626
1.2264,-70.628
1.2264,-70.626
1.2265,-70.628
1.2265,-70.628
1.2266,-70.628
1.2266,-70.619
1.2267,-70.616
1.2267,-70.625
1.2268,-70.629
1.2268,-70.65
1.2269,-70.669
1.2269,-70.668
1.227,-70.67
1.227,-70.678
1.2271,-70.685
1.2271,-70.694
1.2272,-70.703
1.2272,-70.707
1.2273,-70.713
1.2273,-70.72
1.2274,-70.721
1.2274,-70.713
1.2275,-70.707
1.2275,-70.707
1.2276,-70.705
1.2276,-70.711
1.2277,-70.716
1.2277,-70.707
1.2278,-70.705
1.2278,-70.699
1.2279,-70.707
1.2279,-70.705
1.228,-70.708
1.228,-70.707
1.2281,-70.708
1.2281,-70.71
1.2282,-70.714
1.2282,-70.71
1.2283,-70.706
1.2283,-70.701
1.2284,-70.702
1.2284,-70.71
1.2285,-70.707
1.2285,-70.697
1.2286,-70.685
1.2286,-70.684
1.2287,-70.699
1.2287,-70.71
1.2288,-70.71
1.2288,-70.716
1.2289,-70.723
1.2289,-70.726
1.229,-70.726
1.229,-70.723
1.2291,-70.717
1.2291,-70.716
1.2292,-70.72
1.2292,-70.722
1.2293,-70.722
1.2293,-70.723
1.2294,-70.725
1.2294,-70.725
1.2295,-70.726
1.2295,-70.727
1.2296,-70.731
1.2296,-70.74
1.2297,-70.749
1.2297,-70.758
1.2298,-70.765
1.2298,-70.765
1.2299,-70.766
1.2299,-70.766
1.23,-70.777
1.23,-70.787
1.2301,-70.788
1.2301,-70.783
1.2302,-70.784
1.2302,-70.791
1.2303,-70.803
1.2303,-70.809
1.2304,-70.81
1.2304,-70.805
1.2305,-70.812
1.2305,-70.826
1.2306,-70.829
1.2306,-70.834
1.2307,-70.844
1.2307,-70.864
1.2308,-70.878
1.2308,-70.882
1.2309,-70.884
1.2309,-70.887
1.231,-70.893
1.231,-70.906
1.2311,-70.919
1.2311,-70.928
1.2312,-70.935
1.2312,-70.938
1.2313,-70.946
1.2313,-70.956
1.2314,-70.967
1.2314,-70.974
1.2315,-70.985
1.2315,-70.989
1.2316,-70.992
1.2316,-70.996
1.2317,-70.999
1.2317,-70.999
1.2318,-70.999
1.2318,-70.999
1.2319,-70.999
1.2319,-71.003
1.232,-71.008
1.232,-71.014
1.2321,-71.031
1.2321,-71.046
1.2322,-71.051
1.2322,-71.07
1.2323,-71.087
1.2323,-71.094
1.2324,-71.094
1.2324,-71.092
1.2325,-71.088
1.2325,-71.088
1.2326,-71.088
1.2326,-71.083
1.2327,-71.085
1.2327,-71.085
1.2328,-71.093
1.2328,-71.093
1.2329,-71.09
1.2329,-71.085
1.2329,-71.079
1.233,-71.07
1.233,-71.064
1.2331,-71.064
1.2331,-71.061
1.2332,-71.055
1.2332,-71.051
1.2333,-71.05
1.2333,-71.047
1.2334,-71.044
1.2334,-71.042
1.2335,-71.037
1.2335,-71.031
1.2336,-71.025
1.2336,-71.018
1.2337,-71.019
1.2337,-71.018
1.2338,-71.018
1.2338,-71.018
1.2339,-71.019
1.2339,-71.013
1.234,-71.001
1.234,-71.01
1.2341,-71.009
1.2341,-71.012
1.2342,-71.014
1.2342,-71.015
1.2343,-71.015
1.2343,-71.014
1.2344,-71.013
1.2344,-71.013
1.2345,-71.013
1.2345,-71.019
1.2346,-71.019
1.2346,-71.019
1.2347,-71.022
1.2347,-71.019
1.2348,-71.012
1.2348,-71.019
1.2349,-71.025
1.2349,-71.028
1.235,-71.028
1.235,-71.033
1.2351,-71.039
1.2351,-71.042
1.2352,-71.047
1.2352,-71.05
1.2353,-71.05
1.2353,-71.05
1.2354,-71.053
1.2354,-71.052
1.2355,-71.054
1.2355,-71.056
1.2356,-71.059
1.2356,-71.068
1.2357,-71.083
1.2357,-71.079
1.2358,-71.083
1.2358,-71.084
1.2359,-71.083
1.2359,-71.083
1.236,-71.085
1.236,-71.088
1.2361,-71.09
1.2361,-71.093
1.2362,-71.098
1.2362,-71.1
1.2363,-71.107
1.2363,-71.107
1.2364,-71.115
1.2364,-71.124
1.2365,-71.131
1.2365,-71.135
1.2366,-71.138
1.2366,-71.144
1.2367,-71.148
1.2367,-71.15
1.2368,-71.151
1.2368,-71.156
1.2369,-71.158
1.2369,-71.159
1.237,-71.159
1.237,-71.159
1.2371,-71.159
1.2371,-71.159
1.2372,-71.159
1.2372,-71.162
1.2373,-71.165
1.2373,-71.168
1.2374,-71.179
1.2374,-71.189
1.2375,-71.195
1.2375,-71.195
1.2376,-71.204
1.2376,-71.215
1.2377,-71.215
1.2377,-71.205
1.2378,-71.228
1.2378,-71.241
1.2379,-71.247
1.2379,-71.251
1.238,-71.258
1.238,-71.267
1.2381,-71.269
1.2381,-71.267
1.2382,-71.263
1.2382,-71.269
1.2383,-71.273
1.2383,-71.276
1.2384,-71.274
1.2384,-71.274
1.2385,-71.276
1.2385,-71.277
1.2386,-71.273
1.2386,-71.271
1.2387,-71.27
1.2387,-71.27
1.2388,-71.271
1.2388,-71.274
1.2389,-71.274
1.2389,-71.274
1.239,-71.274
1.239,-71.274
1.2391,-71.273
1.2391,-71.269
1.2392,-71.266
1.2392,-71.262
1.2393,-71.263
1.2393,-71.266
1.2394,-71.269
1.2394,-71.263
1.2395,-71.266
1.2395,-71.266
1.2396,-71.266
1.2396,-71.274
1.2397,-71.278
1.2397,-71.276
1.2398,-71.276
1.2398,-71.275
1.2399,-71.274
1.2399,-71.268
1.24,-71.262
1.24,-71.257
1.2401,-71.252
1.2401,-71.254
1.2402,-71.258
1.2402,-71.263
1.2403,-71.258
1.2403,-71.254
1.2404,-71.254
1.2404,-71.254
1.2405,-71.252
1.2405,-71.252
1.2406,-71.252
1.2406,-71.254
1.2407,-71.257
1.2407,-71.25
1.2408,-71.245
1.2408,-71.243
1.2409,-71.243
1.2409,-71.238
1.241,-71.238
1.241,-71.23
1.2411,-71.222
1.2411,-71.223
1.2412,-71.223
1.2412,-71.222
1.2413,-71.218
1.2413,-71.212
1.2414,-71.207
1.2414,-71.214
1.2415,-71.21
1.2415,-71.208
1.2416,-71.208
1.2416,-71.207
1.2417,-71.207
1.2417,-71.199
1.2418,-71.184
1.2418,-71.176
1.2419,-71.17
1.2419,-71.167
1.242,-71.16
1.242,-71.152
1.2421,-71.148
1.2421,-71.147
1.2422,-71.144
1.2422,-71.144
1.2423,-71.14
1.2423,-71.138
1.2424,-71.135
1.2424,-71.135
1.2425,-71.135
1.2425,-71.135
1.2426,-71.129
1.2426,-71.122
1.2427,-71.119
1.2427,-71.119
1.2428,-71.116
1.2428,-71.115
1.2429,-71.107
1.2429,-71.105
1.243,-71.101
1.243,-71.094
1.2431,-71.084
1.2431,-71.075
1.2432,-71.069
1.2432,-71.072
1.2433,-71.075
1.2433,-71.078
1.2434,-71.078
1.2434,-71.078
1.2435,-71.084
1.2435,-71.09
1.2436,-71.097
1.2436,-71.103
1.2437,-71.102
1.2437,-71.103
1.2438,-71.107
1.2438,-71.104
1.2439,-71.104
1.2439,-71.097
1.244,-71.096
1.244,-71.099
1.2441,-71.103
1.2441,-71.105
1.2442,-71.105
1.2442,-71.101
1.2443,-71.097
1.2443,-71.104
1.2444,-71.111
1.2444,-71.109
1.2445,-71.11
1.2445,-71.114
1.2446,-71.115
1.2446,-71.118
1.2447,-71.12
1.2447,-71.12
1.2448,-71.121
1.2448,-71.125
1.2449,-71.135
1.2449,-71.139
1.245,-71.145
1.245,-71.148
1.2451,-71.151
1.2451,-71.154
1.2452,-71.154
1.2452,-71.154
1.2453,-71.156
1.2453,-71.159
1.2454,-71.158
1.2454,-71.164
1.2455,-71.166
1.2455,-71.164
1.2456,-71.164
1.2456,-71.169
1.2457,-71.174
1.2457,-71.175
1.2458,-71.177
1.2458,-71.182
1.2459,-71.186
1.2459,-71.183
1.246,-71.187
1.246,-71.186
1.2461,-71.186
1.2461,-71.183
1.2462,-71.189
1.2462,-71.189
1.2463,-71.18
1.2463,-71.172
1.2464,-71.177
1.2464,-71.178
1.2465,-71.179
1.2465,-71.179
1.2466,-71.18
1.2466,-71.18
1.2466,-71.186
1.2467,-71.186
1.2467,-71.184
1.2468,-71.179
1.2468,-71.167
1.2469,-71.166
1.2469,-71.177
1.247,-71.179
1.247,-71.18
1.2471,-71.173
1.2471,-71.171
1.2472,-71.17
1.2472,-71.17
1.2473,-71.168
1.2473,-71.16
1.2474,-71.16
1.2474,-71.157
1.2475,-71.157
1.2475,-71.157
1.2476,-71.157
1.2476,-71.166
1.2477,-71.164
1.2477,-71.143
1.2478,-71.114
1.2478,-71.101
1.2479,-71.096
1.2479,-71.096
1.248,-71.096
1.248,-71.091
1.2481,-71.08
1.2481,-71.072
1.2482,-71.062
1.2482,-71.057
1.2483,-71.05
1.2483,-71.043
1.2484,-71.039
1.2484,-71.022
1.2485,-71.012
1.2485,-71.004
1.2486,-70.996
1.2486,-70.985
1.2487,-70.978
1.2487,-70.976
1.2488,-70.967
1.2488,-70.955
1.2489,-70.933
1.2489,-70.916
1.249,-70.909
1.249,-70.904
1.2491,-70.897
1.2491,-70.892
1.2492,-70.873
1.2492,-70.851
1.2493,-70.845
1.2493,-70.842
1.2494,-70.835
1.2494,-70.828
1.2495,-70.826
1.2495,-70.826
1.2496,-70.826
1.2496,-70.825
1.2497,-70.813
1.2497,-70.8
1.2498,-70.787
1.2498,-70.775
1.2499,-70.772
1.2499,-70.771
1.25,-70.77
1.25,-70.759
1.2501,-70.747
1.2501,-70.743
1.2502,-70.745
1.2502,-70.727
1.2503,-70.709
1.2503,-70.697
1.2504,-70.687
1.2504,-70.671
1.2505,-70.655
1.2505,-70.641
1.2506,-70.648
1.2506,-70.649
1.2507,-70.647
1.2507,-70.65
1.2508,-70.649
1.2508,-70.648
1.2509,-70.636
1.2509,-70.623
1.251,-70.622
1.251,-70.623
1.2511,-70.623
1.2511,-70.63
1.2512,-70.634
1.2512,-70.629
1.2513,-70.629
1.2513,-70.623
1.2514,-70.619
1.2514,-70.62
1.2515,-70.619
1.2515,-70.622
1.2516,-70.623
1.2516,-70.628
1.2517,-70.63
1.2517,-70.621
1.2518,-70.624
1.2518,-70.637
1.2519,-70.663
1.2519,-70.677
1.252,-70.687
1.252,-70.694
1.2521,-70.703
1.2521,-70.703
1.2522,-70.717
1.2522,-70.733
1.2523,-70.742
1.2523,-70.751
1.2524,-70.749
1.2524,-70.746
1.2525,-70.751
1.2525,-70.753
1.2526,-70.755
1.2526,-70.755
1.2527,-70.752
1.2527,-70.745
1.2528,-70.747
1.2528,-70.756
1.2529,-70.767
1.2529,-70.767
1.253,-70.772
1.253,-70.779
1.2531,-70.787
1.2531,-70.794
1.2532,-70.791
1.2532,-70.791
1.2533,-70.791
1.2533,-70.791
1.2534,-70.794
1.2534,-70.794
1.2535,-70.795
1.2535,-70.8
1.2536,-70.803
1.2536,-70.811
1.2537,-70.816
1.2537,-70.818
1.2538,-70.819
1.2538,-70.822
1.2539,-70.832
1.2539,-70.832
1.254,-70.843
1.254,-70.848
1.2541,-70.849
1.2541,-70.852
1.2542,-70.855
1.2542,-70.857
1.2543,-70.854
1.2543,-70.85
1.2544,-70.856
1.2544,-70.864
1.2545,-70.864
1.2545,-70.864
1.2546,-70.871
1.2546,-70.877
1.2547,-70.878
1.2547,-70.874
1.2548,-70.867
1.2548,-70.869
1.2549,-70.886
1.2549,-70.897
1.255,-70.903
1.255,-70.897
1.2551,-70.9
1.2551,-70.909
1.2552,-70.916
1.2552,-70.922
1.2553,-70.92
1.2553,-70.918
1.2554,-70.918
1.2554,-70.922
1.2555,-70.926
1.2555,-70.931
1.2556,-70.931
1.2556,-70.943
1.2557,-70.947
1.2557,-70.948
1.2558,-70.95
1.2558,-70.951
1.2559,-70.953
1.2559,-70.953
1.256,-70.954
1.256,-70.955
1.2561,-70.96
1.2561,-70.96
1.2562,-70.953
1.2562,-70.968
1.2563,-70.976
1.2563,-70.976
1.2564,-70.977
1.2564,-70.981
1.2565,-70.983
1.2565,-70.983
1.2566,-70.983
1.2566,-70.983
1.2567,-70.983
1.2567,-70.983
1.2568,-70.984
1.2568,-70.985
1.2569,-70.985
1.2569,-70.985
1.257,-70.985
1.257,-70.987
1.2571,-70.991
1.2571,-70.991
1.2572,-70.991
1.2572,-70.996
1.2573,-71
1.2573,-71.001
1.2574,-71.001
1.2574,-71.006
1.2575,-71.014
1.2575,-71.018
1.2576,-71.018
1.2576,-71.018
1.2577,-71.017
1.2577,-71.017
1.2578,-71.017
1.2578,-71.022
1.2579,-71.028
1.2579,-71.035
1.258,-71.035
1.258,-71.045
1.2581,-71.051
1.2581,-71.048
1.2582,-71.048
1.2582,-71.045
1.2583,-71.045
1.2583,-71.045
1.2584,-71.047
1.2584,-71.042
1.2585,-71.042
1.2585,-71.05
1.2586,-71.057
1.2586,-71.061
1.2587,-71.067
1.2587,-71.07
1.2588,-71.07
1.2588,-71.07
1.2589,-71.064
1.2589,-71.061
1.259,-71.06
1.259,-71.06
1.2591,-71.06
1.2591,-71.058
1.2592,-71.054
1.2592,-71.051
1.2593,-71.051
1.2593,-71.055
1.2594,-71.058
1.2594,-71.064
1.2595,-71.064
1.2595,-71.058
1.2596,-71.058
1.2596,-71.07
1.2597,-71.071
1.2597,-71.076
1.2598,-71.069
1.2598,-71.067
1.2599,-71.065
1.2599,-71.07
1.26,-71.07
1.26,-71.061
1.2601,-71.074
1.2601,-71.086
1.2602,-71.089
1.2602,-71.09
1.2603,-71.093
1.2603,-71.095
1.2603,-71.095
1.2604,-71.095
1.2604,-71.093
1.2605,-71.093
1.2605,-71.093
1.2606,-71.093
1.2606,-71.095
1.2607,-71.101
1.2607,-71.11
1.2608,-71.116
1.2608,-71.123
1.2609,-71.134
1.2609,-71.142
1.261,-71.142
1.261,-71.145
1.2611,-71.148
1.2611,-71.146
1.2612,-71.146
1.2612,-71.146
1.2613,-71.148
1.2613,-71.151
1.2614,-71.155
1.2614,-71.158
1.2615,-71.161
1.2615,-71.158
1.2616,-71.154
1.2616,-71.159
1.2617,-71.162
1.2617,-71.162
1.2618,-71.162
1.2618,-71.159
1.2619,-71.153
1.2619,-71.153
1.262,-71.153
1.262,-71.148
1.2621,-71.15
1.2621,-71.148
1.2622,-71.146
1.2622,-71.144
1.2623,-71.144
1.2623,-71.144
1.2624,-71.144
1.2624,-71.146
1.2625,-71.134
1.2625,-71.116
1.2626,-71.116
1.2626,-71.116
1.2627,-71.116
1.2627,-71.113
1.2628,-71.111
1.2628,-71.109
1.2629,-71.099
1.2629,-71.086
1.263,-71.086
1.263,-71.087
1.2631,-71.09
1.2631,-71.09
1.2632,-71.087
1.2632,-71.085
1.2633,-71.085
1.2633,-71.085
1.2634,-71.085
1.2634,-71.085
1.2635,-71.085
1.2635,-71.084
1.2636,-71.084
1.2636,-71.089
1.2637,-71.093
1.2637,-71.085
1.2638,-71.085
1.2638,-71.084
1.2639,-71.089
1.2639,-71.086
1.264,-71.085
1.264,-71.089
1.2641,-71.097
1.2641,-71.104
1.2642,-71.105
1.2642,-71.106
1.2643,-71.106
1.2643,-71.1
1.2644,-71.098
1.2644,-71.1
1.2645,-71.097
1.2645,-71.098
1.2646,-71.098
1.2646,-71.098
1.2647,-71.098
1.2647,-71.098
1.2648,-71.103
1.2648,-71.103
1.2649,-71.109
1.2649,-71.109
1.265,-71.109
1.265,-71.106
1.2651,-71.108
1.2651,-71.108
1.2652,-71.113
1.2652,-71.122
1.2653,-71.124
1.2653,-71.125
1.2654,-71.132
1.2654,-71.141
1.2655,-71.143
1.2655,-71.143
1.2656,-71.146
1.2656,-71.146
1.2657,-71.151
1.2657,-71.157
1.2658,-71.157
1.2658,-71.157
1.2659,-71.157
1.2659,-71.157
1.266,-71.155
1.266,-71.157
1.2661,-71.164
1.2661,-71.164
1.2662,-71.164
1.2662,-71.164
1.2663,-71.158
1.2663,-71.16
1.2664,-71.16
1.2664,-71.167
1.2665,-71.17
1.2665,-71.171
1.2666,-71.168
1.2666,-71.171
1.2667,-71.175
1.2667,-71.171
1.2668,-71.183
1.2668,-71.189
1.2669,-71.2
1.2669,-71.206
1.267,-71.212
1.267,-71.217
1.2671,-71.22
1.2671,-71.225
1.2672,-71.233
1.2672,-71.238
1.2673,-71.249
1.2673,-71.257
1.2674,-71.261
1.2674,-71.271
1.2675,-71.28
1.2675,-71.282
1.2676,-71.283
1.2676,-71.284
1.2677,-71.288
1.2677,-71.294
1.2678,-71.287
1.2678,-71.289
1.2679,-71.289
1.2679,-71.289
1.268,-71.28
1.268,-71.284
1.2681,-71.284
1.2681,-71.296
1.2682,-71.302
1.2682,-71.314
1.2683,-71.322
1.2683,-71.321
1.2684,-71.318
1.2684,-71.316
1.2685,-71.319
1.2685,-71.325
1.2686,-71.325
1.2686,-71.331
1.2687,-71.323
1.2687,-71.315
1.2688,-71.323
1.2688,-71.331
1.2689,-71.331
1.2689,-71.34
1.269,-71.341
1.269,-71.343
1.2691,-71.341
1.2691,-71.335
1.2692,-71.33
1.2692,-71.328
1.2693,-71.326
1.2693,-71.328
1.2694,-71.329
1.2694,-71.329
1.2695,-71.33
1.2695,-71.331
1.2696,-71.333
1.2696,-71.331
1.2697,-71.328
1.2697,-71.328
1.2698,-71.329
1.2698,-71.329
1.2699,-71.329
1.2699,-71.328
1.27,-71.325
1.27,-71.32
1.2701,-71.32
1.2701,-71.32
1.2702,-71.318
1.2702,-71.317
1.2703,-71.318
1.2703,-71.322
1.2704,-71.325
1.2704,-71.33
1.2705,-71.331
1.2705,-71.334
1.2706,-71.342
1.2706,-71.337
1.2707,-71.325
1.2707,-71.317
1.2708,-71.309
1.2708,-71.303
1.2709,-71.298
1.2709,-71.299
1.271,-71.291
1.271,-71.282
1.2711,-71.282
1.2711,-71.282
1.2712,-71.282
1.2712,-71.274
1.2713,-71.259
1.2713,-71.251
1.2714,-71.237
1.2714,-71.218
1.2715,-71.212
1.2715,-71.205
1.2716,-71.2
1.2716,-71.196
1.2717,-71.193
1.2717,-71.19
1.2718,-71.187
1.2718,-71.18
1.2719,-71.173
1.2719,-71.168
1.272,-71.166
1.272,-71.162
1.2721,-71.161
1.2721,-71.16
1.2722,-71.159
1.2722,-71.159
1.2723,-71.158
1.2723,-71.156
1.2724,-71.154
1.2724,-71.153
1.2725,-71.151
1.2725,-71.15
1.2726,-71.15
1.2726,-71.147
1.2727,-71.147
1.2727,-71.138
1.2728,-71.129
1.2728,-71.125
1.2729,-71.122
1.2729,-71.121
1.273,-71.123
1.273,-71.123
1.2731,-71.119
1.2731,-71.119
1.2732,-71.118
1.2732,-71.118
1.2733,-71.115
1.2733,-71.112
1.2734,-71.106
1.2734,-71.102
1.2735,-71.102
1.2735,-71.105
1.2736,-71.102
1.2736,-71.102
1.2737,-71.102
1.2737,-71.105
1.2738,-71.105
1.2738,-71.105
1.2739,-71.105
1.2739,-71.106
1.274,-71.105
1.274,-71.105
1.274,-71.105
1.2741,-71.105
1.2741,-71.105
1.2742,-71.108
1.2742,-71.108
1.2743,-71.106
1.2743,-71.103
1.2744,-71.101
1.2744,-71.099
1.2745,-71.099
1.2745,-71.096
1.2746,-71.097
1.2746,-71.091
1.2747,-71.09
1.2747,-71.093
1.2748,-71.093
1.2748,-71.09
1.2749,-71.088
1.2749,-71.083
1.275,-71.083
1.275,-71.083
1.2751,-71.083
1.2751,-71.079
1.2752,-71.08
1.2752,-71.083
1.2753,-71.085
1.2753,-71.085
1.2754,-71.084
1.2754,-71.083
1.2755,-71.083
1.2755,-71.088
1.2756,-71.092
1.2756,-71.096
1.2757,-71.09
1.2757,-71.088
1.2758,-71.088
1.2758,-71.092
1.2759,-71.099
1.2759,-71.097
1.276,-71.106
1.276,-71.105
1.2761,-71.103
1.2761,-71.099
1.2762,-71.092
1.2762,-71.084
1.2763,-71.091
1.2763,-71.088
1.2764,-71.089
1.2764,-71.098
1.2765,-71.103
1.2765,-71.103
1.2766,-71.103
1.2766,-71.106
1.2767,-71.105
1.2767,-71.105
1.2768,-71.107
1.2768,-71.108
1.2769,-71.109
1.2769,-71.109
1.277,-71.105
1.277,-71.102
1.2771,-71.105
1.2771,-71.109
1.2772,-71.111
1.2772,-71.115
1.2773,-71.117
1.2773,-71.115
1.2774,-71.112
1.2774,-71.111
1.2775,-71.108
1.2775,-71.108
1.2776,-71.111
1.2776,-71.112
1.2777,-71.111
1.2777,-71.109
1.2778,-71.111
1.2778,-71.112
1.2779,-71.107
1.2779,-71.104
1.278,-71.09
1.278,-71.085
1.2781,-71.083
1.2781,-71.076
1.2782,-71.07
1.2782,-71.07
1.2783,-71.069
1.2783,-71.068
1.2784,-71.068
1.2784,-71.069
1.2785,-71.069
1.2785,-71.067
1.2786,-71.047
1.2786,-71.028
1.2787,-71.028
1.2787,-71.019
1.2788,-71.006
1.2788,-70.993
1.2789,-70.978
1.2789,-70.972
1.279,-70.972
1.279,-70.974
1.2791,-70.978
1.2791,-70.978
1.2792,-70.974
1.2792,-70.978
1.2793,-70.986
1.2793,-70.978
1.2794,-70.974
1.2794,-70.972
1.2795,-70.972
1.2795,-70.97
1.2796,-70.967
1.2796,-70.967
1.2797,-70.967
1.2797,-70.967
1.2798,-70.967
1.2798,-70.966
1.2799,-70.971
1.2799,-70.974
1.28,-70.985
1.28,-70.997
1.2801,-71.011
1.2801,-71.015
1.2802,-71.011
1.2802,-71.021
1.2803,-71.03
1.2803,-71.022
1.2804,-71.01
1.2804,-71.003
1.2805,-71.005
1.2805,-71.006
1.2806,-70.996
1.2806,-70.976
1.2807,-70.965
1.2807,-70.958
1.2808,-70.945
1.2808,-70.931
1.2809,-70.92
1.2809,-70.911
1.281,-70.908
1.281,-70.906
1.2811,-70.913
1.2811,-70.913
1.2812,-70.913
1.2812,-70.918
1.2813,-70.914
1.2813,-70.911
1.2814,-70.914
1.2814,-70.916
1.2815,-70.913
1.2815,-70.912
1.2816,-70.916
1.2816,-70.918
1.2817,-70.918
1.2817,-70.919
1.2818,-70.922
1.2818,-70.914
1.2819,-70.914
1.2819,-70.918
1.282,-70.918
1.282,-70.918
1.2821,-70.919
1.2821,-70.927
1.2822,-70.931
1.2822,-70.937
1.2823,-70.942
1.2823,-70.957
1.2824,-70.972
1.2824,-70.974
1.2825,-70.983
1.2825,-70.995
1.2826,-70.985
1.2826,-70.976
1.2827,-70.976
1.2827,-70.985
1.2828,-70.995
1.2828,-70.987
1.2829,-70.98
1.2829,-70.983
1.283,-70.986
1.283,-70.993
1.2831,-70.999
1.2831,-71.003
1.2832,-71.009
1.2832,-71.013
1.2833,-71.017
1.2833,-71.019
1.2834,-71.022
1.2834,-71.027
1.2835,-71.043
1.2835,-71.056
1.2836,-71.057
1.2836,-71.06
1.2837,-71.059
1.2837,-71.064
1.2838,-71.071
1.2838,-71.072
1.2839,-71.075
1.2839,-71.08
1.284,-71.083
1.284,-71.083
1.2841,-71.065
1.2841,-71.064
1.2842,-71.066
1.2842,-71.066
1.2843,-71.064
1.2843,-71.064
1.2844,-71.066
1.2844,-71.061
1.2845,-71.054
1.2845,-71.048
1.2846,-71.037
1.2846,-71.028
1.2847,-71.024
1.2847,-71.017
1.2848,-71
1.2848,-70.987
1.2849,-70.982
1.2849,-70.98
1.285,-70.976
1.285,-70.974
1.2851,-70.983
1.2851,-70.995
1.2852,-70.999
1.2852,-71.002
1.2853,-71.006
1.2853,-71.007
1.2854,-71.006
1.2854,-71.006
1.2855,-71.006
1.2855,-71.004
1.2856,-71.006
1.2856,-71.006
1.2857,-71.006
1.2857,-71.012
1.2858,-71.014
1.2858,-71.02
1.2859,-71.021
1.2859,-71.022
1.286,-71.023
1.286,-71.023
1.2861,-71.025
1.2861,-71.026
1.2862,-71.029
1.2862,-71.032
1.2863,-71.03
1.2863,-71.032
1.2864,-71.03
1.2864,-71.028
1.2865,-71.031
1.2865,-71.025
1.2866,-71.022
1.2866,-71.019
1.2867,-71.025
1.2867,-71.035
1.2868,-71.042
1.2868,-71.037
1.2869,-71.031
1.2869,-71.026
1.287,-71.025
1.287,-71.025
1.2871,-71.025
1.2871,-71.035
1.2872,-71.042
1.2872,-71.047
1.2873,-71.048
1.2873,-71.047
1.2874,-71.048
1.2874,-71.051
1.2875,-71.055
1.2875,-71.07
1.2876,-71.083
1.2876,-71.094
1.2877,-71.106
1.2877,-71.11
1.2877,-71.112
1.2878,-71.121
1.2878,-71.128
1.2879,-71.133
1.2879,-71.138
1.288,-71.139
1.288,-71.141
1.2881,-71.144
1.2881,-71.145
1.2882,-71.16
1.2882,-71.183
1.2883,-71.197
1.2883,-71.197
1.2884,-71.196
1.2884,-71.196
1.2885,-71.197
1.2885,-71.195
1.2886,-71.189
1.2886,-71.189
1.2887,-71.188
1.2887,-71.189
1.2888,-71.194
1.2888,-71.198
1.2889,-71.197
1.2889,-71.193
1.289,-71.198
1.289,-71.199
1.2891,-71.195
1.2891,-71.195
1.2892,-71.195
1.2892,-71.19
1.2893,-71.194
1.2893,-71.197
1.2894,-71.195
1.2894,-71.193
1.2895,-71.193
1.2895,-71.196
1.2896,-71.199
1.2896,-71.199
1.2897,-71.201
1.2897,-71.202
1.2898,-71.202
1.2898,-71.199
1.2899,-71.199
1.2899,-71.193
1.29,-71.184
1.29,-71.183
1.2901,-71.177
1.2901,-71.168
1.2902,-71.163
1.2902,-71.157
1.2903,-71.157
1.2903,-71.152
1.2904,-71.146
1.2904,-71.138
1.2905,-71.126
1.2905,-71.137
1.2906,-71.145
1.2906,-71.142
1.2907,-71.147
1.2907,-71.147
1.2908,-71.148
1.2908,-71.157
1.2909,-71.16
1.2909,-71.157
1.291,-71.149
1.291,-71.148
1.2911,-71.141
1.2911,-71.138
1.2912,-71.136
1.2912,-71.135
1.2913,-71.134
1.2913,-71.127
1.2914,-71.122
1.2914,-71.122
1.2915,-71.112
1.2915,-71.103
1.2916,-71.104
1.2916,-71.104
1.2917,-71.102
1.2917,-71.093
1.2918,-71.074
1.2918,-71.063
1.2919,-71.063
1.2919,-71.063
1.292,-71.061
1.292,-71.057
1.2921,-71.051
1.2921,-71.041
1.2922,-71.032
1.2922,-71.025
1.2923,-71.019
1.2923,-71.012
1.2924,-71.009
1.2924,-71.006
1.2925,-71.001
1.2925,-70.99
1.2926,-70.987
1.2926,-70.986
1.2927,-70.99
1.2927,-70.996
1.2928,-70.995
1.2928,-70.994
1.2929,-70.995
1.2929,-70.992
1.293,-70.988
1.293,-70.983
1.2931,-70.98
1.2931,-70.981
1.2932,-70.984
1.2932,-70.983
1.2933,-70.978
1.2933,-70.977
1.2934,-70.974
1.2934,-70.968
1.2935,-70.965
1.2935,-70.964
1.2936,-70.964
1.2936,-70.965
1.2937,-70.962
1.2937,-70.959
1.2938,-70.967
1.2938,-70.964
1.2939,-70.962
1.2939,-70.971
1.294,-70.971
1.294,-70.971
1.2941,-70.967
1.2941,-70.969
1.2942,-70.964
1.2942,-70.966
1.2943,-70.969
1.2943,-70.979
1.2944,-70.99
1.2944,-70.995
1.2945,-70.999
1.2945,-71.009
1.2946,-71.015
1.2946,-71.017
1.2947,-71.019
1.2947,-71.017
1.2948,-71.016
1.2948,-71.013
1.2949,-71.011
1.2949,-71.014
1.295,-71.018
1.295,-71.014
1.2951,-71.017
1.2951,-71.016
1.2952,-71.014
1.2952,-71.012
1.2953,-71.008
1.2953,-71
1.2954,-70.998
1.2954,-70.995
1.2955,-70.989
1.2955,-70.996
1.2956,-71.008
1.2956,-71.016
1.2957,-71.019
1.2957,-71.025
1.2958,-71.032
1.2958,-71.039
1.2959,-71.044
1.2959,-71.041
1.296,-71.042
1.296,-71.045
1.2961,-71.056
1.2961,-71.07
1.2962,-71.077
1.2962,-71.077
1.2963,-71.078
1.2963,-71.082
1.2964,-71.089
1.2964,-71.09
1.2965,-71.09
1.2965,-71.09
1.2966,-71.092
1.2966,-71.096
1.2967,-71.096
1.2967,-71.096
1.2968,-71.095
1.2968,-71.095
1.2969,-71.096
1.2969,-71.095
1.297,-71.091
1.297,-71.089
1.2971,-71.093
1.2971,-71.097
1.2972,-71.1
1.2972,-71.106
1.2973,-71.116
1.2973,-71.122
1.2974,-71.125
1.2974,-71.127
1.2975,-71.13
1.2975,-71.135
1.2976,-71.135
1.2976,-71.134
1.2977,-71.119
1.2977,-71.108
1.2978,-71.112
1.2978,-71.115
1.2979,-71.113
1.2979,-71.109
1.298,-71.105
1.298,-71.102
1.2981,-71.086
1.2981,-71.066
1.2982,-71.038
1.2982,-71.016
1.2983,-71.003
1.2983,-70.987
1.2984,-70.973
1.2984,-70.975
1.2985,-70.977
1.2985,-70.981
1.2986,-70.977
1.2986,-70.979
1.2987,-70.974
1.2987,-70.97
1.2988,-70.969
1.2988,-70.966
1.2989,-70.972
1.2989,-70.976
1.299,-70.972
1.299,-70.964
1.2991,-70.962
1.2991,-70.961
1.2992,-70.963
1.2992,-70.965
1.2993,-70.964
1.2993,-70.962
1.2994,-70.958
1.2994,-70.957
1.2995,-70.96
1.2995,-70.959
1.2996,-70.956
1.2996,-70.95
1.2997,-70.946
1.2997,-70.949
1.2998,-70.956
1.2998,-70.956
1.2999,-70.949
1.2999,-70.942
1.3,-70.942
1.3,-70.945
1.3001,-70.939
1.3001,-70.947
1.3002,-70.951
1.3002,-70.951
1.3003,-70.958
1.3003,-70.962
1.3004,-70.956
1.3004,-70.956
1.3005,-70.946
1.3005,-70.935
1.3006,-70.926
1.3006,-70.925
1.3007,-70.926
1.3007,-70.928
1.3008,-70.928
1.3008,-70.932
1.3009,-70.937
1.3009,-70.947
1.301,-70.951
1.301,-70.955
1.3011,-70.962
1.3011,-70.966
1.3012,-70.968
1.3012,-70.968
1.3013,-70.966
1.3013,-70.959
1.3014,-70.959
1.3014,-70.964
1.3014,-70.963
1.3015,-70.963
1.3015,-70.963
1.3016,-70.963
1.3016,-70.961
1.3017,-70.971
1.3017,-70.974
1.3018,-70.976
1.3018,-70.973
1.3019,-70.974
1.3019,-70.978
1.302,-70.981
1.302,-70.986
1.3021,-71.007
1.3021,-71.007
1.3022,-71.023
1.3022,-71.026
1.3023,-71.033
1.3023,-71.035
1.3024,-71.038
1.3024,-71.038
1.3025,-71.041
1.3025,-71.042
1.3026,-71.05
1.3026,-71.06
1.3027,-71.064
1.3027,-71.065
1.3028,-71.071
1.3028,-71.079
1.3029,-71.085
1.3029,-71.087
1.303,-71.087
1.303,-71.087
1.3031,-71.092
1.3031,-71.093
1.3032,-71.091
1.3032,-71.096
1.3033,-71.096
1.3033,-71.096
1.3034,-71.1
1.3034,-71.1
1.3035,-71.099
1.3035,-71.095
1.3036,-71.089
1.3036,-71.095
1.3037,-71.095
1.3037,-71.104
1.3038,-71.109
1.3038,-71.111
1.3039,-71.122
1.3039,-71.138
1.304,-71.138
1.304,-71.141
1.3041,-71.151
1.3041,-71.152
1.3042,-71.153
1.3042,-71.159
1.3043,-71.166
1.3043,-71.166
1.3044,-71.17
1.3044,-71.17
1.3045,-71.174
1.3045,-71.177
1.3046,-71.173
1.3046,-71.168
1.3047,-71.162
1.3047,-71.168
1.3048,-71.17
1.3048,-71.17
1.3049,-71.17
1.3049,-71.173
1.305,-71.17
1.305,-71.165
1.3051,-71.161
1.3051,-71.158
1.3052,-71.164
1.3052,-71.16
1.3053,-71.155
1.3053,-71.151
1.3054,-71.15
1.3054,-71.151
1.3055,-71.152
1.3055,-71.151
1.3056,-71.148
1.3056,-71.144
1.3057,-71.145
1.3057,-71.143
1.3058,-71.143
1.3058,-71.135
1.3059,-71.132
1.3059,-71.125
1.306,-71.125
1.306,-71.125
1.3061,-71.121
1.3061,-71.121
1.3062,-71.121
1.3062,-71.121
1.3063,-71.121
1.3063,-71.12
1.3064,-71.117
1.3064,-71.117
1.3065,-71.117
1.3065,-71.117
1.3066,-71.114
1.3066,-71.114
1.3067,-71.114
1.3067,-71.113
1.3068,-71.114
1.3068,-71.115
1.3069,-71.118
1.3069,-71.118
1.307,-71.118
1.307,-71.118
1.3071,-71.118
1.3071,-71.114
1.3072,-71.114
1.3072,-71.112
1.3073,-71.112
1.3073,-71.112
1.3074,-71.112
1.3074,-71.112
1.3075,-71.112
1.3075,-71.109
1.3076,-71.103
1.3076,-71.103
1.3077,-71.106
1.3077,-71.111
1.3078,-71.114
1.3078,-71.123
1.3079,-71.128
1.3079,-71.131
1.308,-71.129
1.308,-71.137
1.3081,-71.136
1.3081,-71.136
1.3082,-71.136
1.3082,-71.133
1.3083,-71.135
1.3083,-71.125
1.3084,-71.128
1.3084,-71.13
1.3085,-71.131
1.3085,-71.128
1.3086,-71.13
1.3086,-71.131
1.3087,-71.13
1.3087,-71.128
1.3088,-71.128
1.3088,-71.125
1.3089,-71.12
1.3089,-71.115
1.309,-71.115
1.309,-71.115
1.3091,-71.108
1.3091,-71.097
1.3092,-71.094
1.3092,-71.094
1.3093,-71.093
1.3093,-71.089
1.3094,-71.087
1.3094,-71.088
1.3095,-71.085
1.3095,-71.083
1.3096,-71.083
1.3096,-71.085
1.3097,-71.087
1.3097,-71.092
1.3098,-71.087
1.3098,-71.081
1.3099,-71.074
1.3099,-71.072
1.31,-71.061
1.31,-71.055
1.3101,-71.055
1.3101,-71.055
1.3102,-71.059
1.3102,-71.064
1.3103,-71.064
1.3103,-71.064
1.3104,-71.064
1.3104,-71.064
1.3105,-71.064
1.3105,-71.064
1.3106,-71.059
1.3106,-71.052
1.3107,-71.05
1.3107,-71.052
1.3108,-71.052
1.3108,-71.054
1.3109,-71.052
1.3109,-71.049
1.311,-71.049
1.311,-71.053
1.3111,-71.046
1.3111,-71.044
1.3112,-71.047
1.3112,-71.05
1.3113,-71.051
1.3113,-71.052
1.3114,-71.052
1.3114,-71.054
1.3115,-71.059
1.3115,-71.059
1.3116,-71.059
1.3116,-71.06
1.3117,-71.058
1.3117,-71.056
1.3118,-71.056
1.3118,-71.056
1.3119,-71.058
1.3119,-71.072
1.312,-71.092
1.312,-71.1
1.3121,-71.103
1.3121,-71.109
1.3122,-71.119
1.3122,-71.13
1.3123,-71.138
1.3123,-71.144
1.3124,-71.148
1.3124,-71.149
1.3125,-71.151
1.3125,-71.151
1.3126,-71.153
1.3126,-71.153
1.3127,-71.148
1.3127,-71.143
1.3128,-71.143
1.3128,-71.141
1.3129,-71.138
1.3129,-71.14
1.313,-71.144
1.313,-71.147
1.3131,-71.147
1.3131,-71.149
1.3132,-71.147
1.3132,-71.147
1.3133,-71.147
1.3133,-71.147
1.3134,-71.149
1.3134,-71.15
1.3135,-71.148
1.3135,-71.151
1.3136,-71.152
1.3136,-71.151
1.3137,-71.154
1.3137,-71.156
1.3138,-71.157
1.3138,-71.157
1.3139,-71.157
1.3139,-71.157
1.314,-71.16
1.314,-71.164
1.3141,-71.17
1.3141,-71.175
1.3142,-71.177
1.3142,-71.18
1.3143,-71.187
1.3143,-71.196
1.3144,-71.206
1.3144,-71.215
1.3145,-71.223
1.3145,-71.224
1.3146,-71.218
1.3146,-71.225
1.3147,-71.225
1.3147,-71.227
1.3148,-71.219
1.3148,-71.218
1.3149,-71.228
1.3149,-71.235
1.315,-71.243
1.315,-71.267
1.3151,-71.29
1.3151,-71.298
1.3151,-71.299
1.3152,-71.305
1.3152,-71.31
1.3153,-71.313
1.3153,-71.328
1.3154,-71.333
1.3154,-71.328
1.3155,-71.328
1.3155,-71.331
1.3156,-71.335
1.3156,-71.344
1.3157,-71.348
1.3157,-71.348
1.3158,-71.348
1.3158,-71.348
1.3159,-71.35
1.3159,-71.352
1.316,-71.353
1.316,-71.355
1.3161,-71.36
1.3161,-71.37
1.3162,-71.373
1.3162,-71.375
1.3163,-71.377
1.3163,-71.377
1.3164,-71.373
1.3164,-71.373
1.3165,-71.373
1.3165,-71.373
1.3166,-71.368
1.3166,-71.363
1.3167,-71.362
1.3167,-71.363
1.3168,-71.366
1.3168,-71.362
1.3169,-71.359
1.3169,-71.358
1.317,-71.363
1.317,-71.363
1.3171,-71.366
1.3171,-71.364
1.3172,-71.363
1.3172,-71.363
1.3173,-71.361
1.3173,-71.361
1.3174,-71.361
1.3174,-71.357
1.3175,-71.354
1.3175,-71.349
1.3176,-71.354
1.3176,-71.358
1.3177,-71.357
1.3177,-71.354
1.3178,-71.354
1.3178,-71.351
1.3179,-71.347
1.3179,-71.347
1.318,-71.342
1.318,-71.337
1.3181,-71.333
1.3181,-71.325
1.3182,-71.325
1.3182,-71.325
1.3183,-71.322
1.3183,-71.32
1.3184,-71.317
1.3184,-71.315
1.3185,-71.309
1.3185,-71.308
1.3186,-71.298
1.3186,-71.286
1.3187,-71.27
1.3187,-71.262
1.3188,-71.257
1.3188,-71.257
1.3189,-71.254
1.3189,-71.237
1.319,-71.207
1.319,-71.156
1.3191,-71.095
1.3191,-71.071
1.3192,-71.035
1.3192,-70.951
1.3193,-70.9
1.3193,-70.9
1.3194,-70.9
1.3194,-70.898
1.3195,-70.887
1.3195,-70.88
1.3196,-70.879
1.3196,-70.868
1.3197,-70.861
1.3197,-70.857
1.3198,-70.851
1.3198,-70.851
1.3199,-70.848
1.3199,-70.846
1.32,-70.848
1.32,-70.851
1.3201,-70.851
1.3201,-70.851
1.3202,-70.851
1.3202,-70.853
1.3203,-70.855
1.3203,-70.855
1.3204,-70.855
1.3204,-70.855
1.3205,-70.855
1.3205,-70.858
1.3206,-70.866
1.3206,-70.868
1.3207,-70.868
1.3207,-70.877
1.3208,-70.879
1.3208,-70.888
1.3209,-70.896
1.3209,-70.908
1.321,-70.917
1.321,-70.927
1.3211,-70.938
1.3211,-70.945
1.3212,-70.957
1.3212,-70.97
1.3213,-70.979
1.3213,-70.992
1.3214,-71.011
1.3214,-71.024
1.3215,-71.03
1.3215,-71.038
1.3216,-71.044
1.3216,-71.045
1.3217,-71.049
1.3217,-71.061
1.3218,-71.073
1.3218,-71.076
1.3219,-71.081
1.3219,-71.086
1.322,-71.093
1.322,-71.101
1.3221,-71.108
1.3221,-71.111
1.3222,-71.111
1.3222,-71.115
1.3223,-71.117
1.3223,-71.119
1.3224,-71.119
1.3224,-71.122
1.3225,-71.126
1.3225,-71.131
1.3226,-71.131
1.3226,-71.131
1.3227,-71.131
1.3227,-71.13
1.3228,-71.133
1.3228,-71.13
1.3229,-71.13
1.3229,-71.124
1.323,-71.124
1.323,-71.124
1.3231,-71.124
1.3231,-71.124
1.3232,-71.124
1.3232,-71.13
1.3233,-71.138
1.3233,-71.14
1.3234,-71.14
1.3234,-71.138
1.3235,-71.135
1.3235,-71.128
1.3236,-71.135
1.3236,-71.138
1.3237,-71.14
1.3237,-71.139
1.3238,-71.139
1.3238,-71.139
1.3239,-71.14
1.3239,-71.14
1.324,-71.14
1.324,-71.141
1.3241,-71.144
1.3241,-71.148
1.3242,-71.148
1.3242,-71.154
1.3243,-71.155
1.3243,-71.155
1.3244,-71.148
1.3244,-71.144
1.3245,-71.142
1.3245,-71.145
1.3246,-71.154
1.3246,-71.157
1.3247,-71.165
1.3247,-71.165
1.3248,-71.17
1.3248,-71.166
1.3249,-71.158
1.3249,-71.151
1.325,-71.148
1.325,-71.148
1.3251,-71.15
1.3251,-71.154
1.3252,-71.155
1.3252,-71.152
1.3253,-71.151
1.3253,-71.156
1.3254,-71.157
1.3254,-71.151
1.3255,-71.154
1.3255,-71.151
1.3256,-71.149
1.3256,-71.148
1.3257,-71.149
1.3257,-71.139
1.3258,-71.13
1.3258,-71.121
1.3259,-71.122
1.3259,-71.119
1.326,-71.125
1.326,-71.126
1.3261,-71.112
1.3261,-71.098
1.3262,-71.096
1.3262,-71.091
1.3263,-71.087
1.3263,-71.087
1.3264,-71.087
1.3264,-71.09
1.3265,-71.093
1.3265,-71.099
1.3266,-71.105
1.3266,-71.109
1.3267,-71.112
1.3267,-71.114
1.3268,-71.12
1.3268,-71.132
1.3269,-71.132
1.3269,-71.135
1.327,-71.143
1.327,-71.143
1.3271,-71.138
1.3271,-71.125
1.3272,-71.124
1.3272,-71.124
1.3273,-71.125
1.3273,-71.131
1.3274,-71.142
1.3274,-71.142
1.3275,-71.149
1.3275,-71.152
1.3276,-71.149
1.3276,-71.142
1.3277,-71.131
1.3277,-71.13
1.3278,-71.13
1.3278,-71.131
1.3279,-71.135
1.3279,-71.134
1.328,-71.134
1.328,-71.138
1.3281,-71.141
1.3281,-71.144
1.3282,-71.16
1.3282,-71.161
1.3283,-71.161
1.3283,-71.161
1.3284,-71.161
1.3284,-71.164
1.3285,-71.164
1.3285,-71.164
1.3286,-71.164
1.3286,-71.164
1.3287,-71.164
1.3287,-71.164
1.3288,-71.164
1.3288,-71.16
1.3288,-71.16
1.3289,-71.164
1.3289,-71.164
1.329,-71.167
1.329,-71.168
1.3291,-71.168
1.3291,-71.167
1.3292,-71.164
1.3292,-71.159
1.3293,-71.154
1.3293,-71.154
1.3294,-71.154
1.3294,-71.151
1.3295,-71.15
1.3295,-71.15
1.3296,-71.148
1.3296,-71.148
1.3297,-71.148
1.3297,-71.143
1.3298,-71.135
1.3298,-71.129
1.3299,-71.115
1.3299,-71.109
1.33,-71.094
1.33,-71.073
1.3301,-71.063
1.3301,-71.06
1.3302,-71.06
1.3302,-71.056
1.3303,-71.056
1.3303,-71.055
1.3304,-71.048
1.3304,-71.048
1.3305,-71.04
1.3305,-71.036
1.3306,-71.034
1.3306,-71.029
1.3307,-71.022
1.3307,-71.015
1.3308,-71.007
1.3308,-71.003
1.3309,-71.002
1.3309,-71
1.331,-70.996
1.331,-70.993
1.3311,-70.993
1.3311,-70.993
1.3312,-70.996
1.3312,-70.99
1.3313,-70.986
1.3313,-70.983
1.3314,-70.983
1.3314,-70.981
1.3315,-70.977
1.3315,-70.972
1.3316,-70.963
1.3316,-70.972
1.3317,-70.972
1.3317,-70.977
1.3318,-70.972
1.3318,-70.963
1.3319,-70.957
1.3319,-70.961
1.332,-70.964
1.332,-70.966
1.3321,-70.967
1.3321,-70.964
1.3322,-70.954
1.3322,-70.958
1.3323,-70.967
1.3323,-70.973
1.3324,-70.973
1.3324,-70.975
1.3325,-70.983
1.3325,-70.994
1.3326,-70.991
1.3326,-70.991
1.3327,-70.994
1.3327,-70.994
1.3328,-70.994
1.3328,-70.994
1.3329,-71.001
1.3329,-70.986
1.333,-70.986
1.333,-70.99
1.3331,-71.007
1.3331,-71.012
1.3332,-71.013
1.3332,-71.02
1.3333,-71.025
1.3333,-71.031
1.3334,-71.041
1.3334,-71.045
1.3335,-71.048
1.3335,-71.057
1.3336,-71.066
1.3336,-71.076
1.3337,-71.082
1.3337,-71.083
1.3338,-71.092
1.3338,-71.106
1.3339,-71.111
1.3339,-71.115
1.334,-71.115
1.334,-71.115
1.3341,-71.115
1.3341,-71.112
1.3342,-71.1
1.3342,-71.1
1.3343,-71.106
1.3343,-71.106
1.3344,-71.11
1.3344,-71.11
1.3345,-71.114
1.3345,-71.115
1.3346,-71.114
1.3346,-71.114
1.3347,-71.114
1.3347,-71.099
1.3348,-71.093
1.3348,-71.089
1.3349,-71.085
1.3349,-71.096
1.335,-71.093
1.335,-71.09
1.3351,-71.087
1.3351,-71.091
1.3352,-71.091
1.3352,-71.087
1.3353,-71.074
1.3353,-71.074
1.3354,-71.074
1.3354,-71.078
1.3355,-71.078
1.3355,-71.071
1.3356,-71.067
1.3356,-71.064
1.3357,-71.046
1.3357,-71.029
1.3358,-71.029
1.3358,-71.027
1.3359,-71.022
1.3359,-71.016
1.336,-71.016
1.336,-71.012
1.3361,-71.008
1.3361,-71.007
1.3362,-71.009
1.3362,-71.014
1.3363,-71.012
1.3363,-71.009
1.3364,-71.007
1.3364,-71.007
1.3365,-71.011
1.3365,-71.011
1.3366,-71.009
1.3366,-71.012
1.3367,-71.023
1.3367,-71.014
1.3368,-71.014
1.3368,-71.014
1.3369,-71.023
1.3369,-71.041
1.337,-71.043
1.337,-71.054
1.3371,-71.057
1.3371,-71.062
1.3372,-71.065
1.3372,-71.069
1.3373,-71.072
1.3373,-71.074
1.3374,-71.077
1.3374,-71.074
1.3375,-71.076
1.3375,-71.077
1.3376,-71.077
1.3376,-71.092
1.3377,-71.108
1.3377,-71.122
1.3378,-71.131
1.3378,-71.134
1.3379,-71.136
1.3379,-71.14
1.338,-71.145
1.338,-71.15
1.3381,-71.157
1.3381,-71.166
1.3382,-71.161
1.3382,-71.17
1.3383,-71.173
1.3383,-71.177
1.3384,-71.18
1.3384,-71.185
1.3385,-71.185
1.3385,-71.189
1.3386,-71.192
1.3386,-71.197
1.3387,-71.203
1.3387,-71.203
1.3388,-71.204
1.3388,-71.21
1.3389,-71.218
1.3389,-71.215
1.339,-71.209
1.339,-71.207
1.3391,-71.206
1.3391,-71.209
1.3392,-71.209
1.3392,-71.206
1.3393,-71.205
1.3393,-71.203
1.3394,-71.198
1.3394,-71.19
1.3395,-71.19
1.3395,-71.19
1.3396,-71.183
1.3396,-71.169
1.3397,-71.169
1.3397,-71.18
1.3398,-71.184
1.3398,-71.184
1.3399,-71.184
1.3399,-71.18
1.34,-71.17
1.34,-71.165
1.3401,-71.138
1.3401,-71.111
1.3402,-71.101
1.3402,-71.086
1.3403,-71.08
1.3403,-71.079
1.3404,-71.073
1.3404,-71.07
1.3405,-71.061
1.3405,-71.051
1.3406,-71.038
1.3406,-71.028
1.3407,-71.017
1.3407,-70.997
1.3408,-70.971
1.3408,-70.971
1.3409,-70.927
1.3409,-70.931
1.341,-70.931
1.341,-70.932
1.3411,-70.934
1.3411,-70.936
1.3412,-70.94
1.3412,-70.94
1.3413,-70.94
1.3413,-70.943
1.3414,-70.944
1.3414,-70.95
1.3415,-70.958
1.3415,-70.966
1.3416,-70.987
1.3416,-71.003
1.3417,-71.01
1.3417,-71.021
1.3418,-71.035
1.3418,-71.044
1.3419,-71.045
1.3419,-71.048
1.342,-71.054
1.342,-71.054
1.3421,-71.054
1.3421,-71.06
1.3422,-71.068
1.3422,-71.078
1.3423,-71.084
1.3423,-71.084
1.3424,-71.091
1.3424,-71.094
1.3425,-71.115
1.3425,-71.13
1.3425,-71.136
1.3426,-71.143
1.3426,-71.149
1.3427,-71.15
1.3427,-71.151
1.3428,-71.151
1.3428,-71.161
1.3429,-71.16
1.3429,-71.16
1.343,-71.16
1.343,-71.16
1.3431,-71.16
1.3431,-71.16
1.3432,-71.157
1.3432,-71.147
1.3433,-71.145
1.3433,-71.151
1.3434,-71.157
1.3434,-71.157
1.3435,-71.157
1.3435,-71.155
1.3436,-71.154
1.3436,-71.148
1.3437,-71.141
1.3437,-71.138
1.3438,-71.134
1.3438,-71.124
1.3439,-71.134
1.3439,-71.138
1.344,-71.141
1.344,-71.14
1.3441,-71.14
1.3441,-71.14
1.3442,-71.142
1.3442,-71.143
1.3443,-71.148
1.3443,-71.138
1.3444,-71.137
1.3444,-71.137
1.3445,-71.138
1.3445,-71.145
1.3446,-71.154
1.3446,-71.158
1.3447,-71.154
1.3447,-71.148
1.3448,-71.164
1.3448,-71.178
1.3449,-71.17
1.3449,-71.17
1.345,-71.16
1.345,-71.156
1.3451,-71.156
1.3451,-71.156
1.3452,-71.156
1.3452,-71.151
1.3453,-71.16
1.3453,-71.158
1.3454,-71.159
1.3454,-71.16
1.3455,-71.161
1.3455,-71.173
1.3456,-71.185
1.3456,-71.186
1.3457,-71.186
1.3457,-71.192
1.3458,-71.2
1.3458,-71.195
1.3459,-71.202
1.3459,-71.204
1.346,-71.207
1.346,-71.21
1.3461,-71.207
1.3461,-71.204
1.3462,-71.203
1.3462,-71.199
1.3463,-71.199
1.3463,-71.197
1.3464,-71.199
1.3464,-71.197
1.3465,-71.186
1.3465,-71.182
1.3466,-71.173
1.3466,-71.173
1.3467,-71.16
1.3467,-71.16
1.3468,-71.16
1.3468,-71.154
1.3469,-71.155
1.3469,-71.154
1.347,-71.15
1.347,-71.144
1.3471,-71.139
1.3471,-71.138
1.3472,-71.144
1.3472,-71.144
1.3473,-71.143
1.3473,-71.145
1.3474,-71.151
1.3474,-71.154
1.3475,-71.157
1.3475,-71.154
1.3476,-71.154
1.3476,-71.162
1.3477,-71.167
1.3477,-71.167
1.3478,-71.16
1.3478,-71.155
1.3479,-71.157
1.3479,-71.16
1.348,-71.162
1.348,-71.158
1.3481,-71.148
1.3481,-71.138
1.3482,-71.138
1.3482,-71.136
1.3483,-71.138
1.3483,-71.132
1.3484,-71.135
1.3484,-71.138
1.3485,-71.138
1.3485,-71.146
1.3486,-71.148
1.3486,-71.15
1.3487,-71.154
1.3487,-71.162
1.3488,-71.172
1.3488,-71.178
1.3489,-71.178
1.3489,-71.18
1.349,-71.179
1.349,-71.18
1.3491,-71.183
1.3491,-71.196
1.3492,-71.206
1.3492,-71.209
1.3493,-71.212
1.3493,-71.212
1.3494,-71.212
1.3494,-71.207
1.3495,-71.218
1.3495,-71.234
1.3496,-71.236
1.3496,-71.25
1.3497,-71.254
1.3497,-71.255
1.3498,-71.252
1.3498,-71.256
1.3499,-71.256
1.3499,-71.256
1.35,-71.263
1.35,-71.267
1.3501,-71.263
1.3501,-71.27
1.3502,-71.27
1.3502,-71.276
1.3503,-71.278
1.3503,-71.285
1.3504,-71.278
1.3504,-71.278
1.3505,-71.278
1.3505,-71.281
1.3506,-71.284
1.3506,-71.283
1.3507,-71.283
1.3507,-71.284
1.3508,-71.284
1.3508,-71.284
1.3509,-71.284
1.3509,-71.281
1.351,-71.278
1.351,-71.278
1.3511,-71.278
1.3511,-71.276
1.3512,-71.273
1.3512,-71.275
1.3513,-71.277
1.3513,-71.278
1.3514,-71.282
1.3514,-71.278
1.3515,-71.28
1.3515,-71.278
1.3516,-71.27
1.3516,-71.262
1.3517,-71.256
1.3517,-71.247
1.3518,-71.244
1.3518,-71.244
1.3519,-71.242
1.3519,-71.238
1.352,-71.232
1.352,-71.225
1.3521,-71.215
1.3521,-71.206
1.3522,-71.202
1.3522,-71.196
1.3523,-71.193
1.3523,-71.189
1.3524,-71.183
1.3524,-71.173
1.3525,-71.166
1.3525,-71.165
1.3526,-71.14
1.3526,-71.115
1.3527,-71.112
1.3527,-71.109
1.3528,-71.104
1.3528,-71.099
1.3529,-71.098
1.3529,-71.098
1.353,-71.098
1.353,-71.094
1.3531,-71.09
1.3531,-71.09
1.3532,-71.096
1.3532,-71.108
1.3533,-71.111
1.3533,-71.113
1.3534,-71.109
1.3534,-71.108
1.3535,-71.099
1.3535,-71.084
1.3536,-71.084
1.3536,-71.093
1.3537,-71.091
1.3537,-71.091
1.3538,-71.095
1.3538,-71.097
1.3539,-71.093
1.3539,-71.09
1.354,-71.086
1.354,-71.09
1.3541,-71.09
1.3541,-71.094
1.3542,-71.09
1.3542,-71.097
1.3543,-71.099
1.3543,-71.103
1.3544,-71.103
1.3544,-71.112
1.3545,-71.112
1.3545,-71.119
1.3546,-71.125
1.3546,-71.13
1.3547,-71.133
1.3547,-71.137
1.3548,-71.141
1.3548,-71.145
1.3549,-71.146
1.3549,-71.147
1.355,-71.146
1.355,-71.148
1.3551,-71.151
1.3551,-71.154
1.3552,-71.154
1.3552,-71.154
1.3553,-71.151
1.3553,-71.154
1.3554,-71.156
1.3554,-71.156
1.3555,-71.155
1.3555,-71.153
1.3556,-71.153
1.3556,-71.149
1.3557,-71.146
1.3557,-71.145
1.3558,-71.144
1.3558,-71.14
1.3559,-71.136
1.3559,-71.133
1.356,-71.138
1.356,-71.146
1.3561,-71.143
1.3561,-71.144
1.3562,-71.146
1.3562,-71.149
1.3562,-71.148
1.3563,-71.149
1.3563,-71.151
1.3564,-71.156
1.3564,-71.156
1.3565,-71.151
1.3565,-71.149
1.3566,-71.156
1.3566,-71.165
1.3567,-71.16
1.3567,-71.157
1.3568,-71.153
1.3568,-71.153
1.3569,-71.151
1.3569,-71.151
1.357,-71.154
1.357,-71.16
1.3571,-71.166
1.3571,-71.169
1.3572,-71.17
1.3572,-71.173
1.3573,-71.171
1.3573,-71.169
1.3574,-71.169
1.3574,-71.167
1.3575,-71.162
1.3575,-71.153
1.3576,-71.151
1.3576,-71.165
1.3577,-71.173
1.3577,-71.172
1.3578,-71.169
1.3578,-71.165
1.3579,-71.164
1.3579,-71.168
1.358,-71.174
1.358,-71.179
1.3581,-71.181
1.3581,-71.187
1.3582,-71.202
1.3582,-71.202
1.3583,-71.198
1.3583,-71.205
1.3584,-71.193
1.3584,-71.202
1.3585,-71.193
1.3585,-71.19
1.3586,-71.196
1.3586,-71.196
1.3587,-71.19
1.3587,-71.19
1.3588,-71.19
1.3588,-71.194
1.3589,-71.199
1.3589,-71.209
1.359,-71.208
1.359,-71.212
1.3591,-71.215
1.3591,-71.215
1.3592,-71.216
1.3592,-71.218
1.3593,-71.225
1.3593,-71.231
1.3594,-71.234
1.3594,-71.238
1.3595,-71.244
1.3595,-71.239
1.3596,-71.233
1.3596,-71.226
1.3597,-71.222
1.3597,-71.217
1.3598,-71.217
1.3598,-71.221
1.3599,-71.225
1.3599,-71.227
1.36,-71.227
1.36,-71.23
1.3601,-71.231
1.3601,-71.231
1.3602,-71.228
1.3602,-71.224
1.3603,-71.224
1.3603,-71.224
1.3604,-71.224
1.3604,-71.225
1.3605,-71.223
1.3605,-71.219
1.3606,-71.212
1.3606,-71.208
1.3607,-71.201
1.3607,-71.197
1.3608,-71.197
1.3608,-71.198
1.3609,-71.194
1.3609,-71.199
1.361,-71.196
1.361,-71.188
1.3611,-71.175
1.3611,-71.175
1.3612,-71.175
1.3612,-71.169
1.3613,-71.162
1.3613,-71.158
1.3614,-71.151
1.3614,-71.151
1.3615,-71.151
1.3615,-71.148
1.3616,-71.148
1.3616,-71.148
1.3617,-71.151
1.3617,-71.151
1.3618,-71.151
1.3618,-71.151
1.3619,-71.151
1.3619,-71.157
1.362,-71.162
1.362,-71.164
1.3621,-71.164
1.3621,-71.164
1.3622,-71.172
1.3622,-71.183
1.3623,-71.186
1.3623,-71.186
1.3624,-71.186
1.3624,-71.194
1.3625,-71.198
1.3625,-71.199
1.3626,-71.199
1.3626,-71.204
1.3627,-71.219
1.3627,-71.229
1.3628,-71.258
1.3628,-71.295
1.3629,-71.3
1.3629,-71.311
1.363,-71.318
1.363,-71.324
1.3631,-71.332
1.3631,-71.337
1.3632,-71.344
1.3632,-71.356
1.3633,-71.363
1.3633,-71.366
1.3634,-71.372
1.3634,-71.372
1.3635,-71.372
1.3635,-71.383
1.3636,-71.384
1.3636,-71.39
1.3637,-71.395
1.3637,-71.395
1.3638,-71.395
1.3638,-71.397
1.3639,-71.399
1.3639,-71.404
1.364,-71.407
1.364,-71.409
1.3641,-71.411
1.3641,-71.411
1.3642,-71.416
1.3642,-71.42
1.3643,-71.424
1.3643,-71.419
1.3644,-71.415
1.3644,-71.42
1.3645,-71.424
1.3645,-71.424
1.3646,-71.419
1.3646,-71.414
1.3647,-71.415
1.3647,-71.408
1.3648,-71.408
1.3648,-71.412
1.3649,-71.408
1.3649,-71.408
1.365,-71.405
1.365,-71.402
1.3651,-71.4
1.3651,-71.395
1.3652,-71.391
1.3652,-71.391
1.3653,-71.392
1.3653,-71.386
1.3654,-71.386
1.3654,-71.383
1.3655,-71.376
1.3655,-71.376
1.3656,-71.375
1.3656,-71.383
1.3657,-71.383
1.3657,-71.379
1.3658,-71.379
1.3658,-71.378
1.3659,-71.378
1.3659,-71.384
1.366,-71.387
1.366,-71.381
1.3661,-71.374
1.3661,-71.37
1.3662,-71.367
1.3662,-71.365
1.3663,-71.361
1.3663,-71.357
1.3664,-71.352
1.3664,-71.342
1.3665,-71.334
1.3665,-71.332
1.3666,-71.329
1.3666,-71.324
1.3667,-71.31
1.3667,-71.31
1.3668,-71.31
1.3668,-71.31
1.3669,-71.293
1.3669,-71.283
1.367,-71.28
1.367,-71.278
1.3671,-71.274
1.3671,-71.271
1.3672,-71.27
1.3672,-71.27
1.3673,-71.267
1.3673,-71.265
1.3674,-71.264
1.3674,-71.253
1.3675,-71.239
1.3675,-71.217
1.3676,-71.186
1.3676,-71.173
1.3677,-71.164
1.3677,-71.138
1.3678,-71.11
1.3678,-71.099
1.3679,-71.088
1.3679,-71.079
1.368,-71.072
1.368,-71.063
1.3681,-71.062
1.3681,-71.054
1.3682,-71.048
1.3682,-71.04
1.3683,-71.022
1.3683,-71.017
1.3684,-71.017
1.3684,-71.005
1.3685,-71
1.3685,-70.996
1.3686,-70.992
1.3686,-70.992
1.3687,-70.993
1.3687,-70.992
1.3688,-70.992
1.3688,-70.987
1.3689,-70.987
1.3689,-70.991
1.369,-70.996
1.369,-70.999
1.3691,-70.996
1.3691,-70.996
1.3692,-70.997
1.3692,-70.997
1.3693,-70.997
1.3693,-70.996
1.3694,-70.999
1.3694,-71
1.3695,-70.998
1.3695,-71
1.3696,-71.002
1.3696,-71.003
1.3697,-71.006
1.3697,-71.011
1.3698,-71.017
1.3698,-71.019
1.3699,-71.016
1.3699,-71.021
1.3699,-71.033
1.37,-71.033
1.37,-71.032
1.3701,-71.028
1.3701,-71.03
1.3702,-71.031
1.3702,-71.037
1.3703,-71.038
1.3703,-71.037
1.3704,-71.038
1.3704,-71.045
1.3705,-71.052
1.3705,-71.055
1.3706,-71.062
1.3706,-71.075
1.3707,-71.091
1.3707,-71.101
1.3708,-71.11
1.3708,-71.116
1.3709,-71.116
1.3709,-71.119
1.371,-71.121
1.371,-71.125
1.3711,-71.131
1.3711,-71.132
1.3712,-71.133
1.3712,-71.134
1.3713,-71.145
1.3713,-71.156
1.3714,-71.156
1.3714,-71.157
1.3715,-71.167
1.3715,-71.182
1.3716,-71.188
1.3716,-71.189
1.3717,-71.195
1.3717,-71.204
1.3718,-71.209
1.3718,-71.217
1.3719,-71.227
1.3719,-71.23
1.372,-71.231
1.372,-71.234
1.3721,-71.234
1.3721,-71.235
1.3722,-71.234
1.3722,-71.234
1.3723,-71.234
1.3723,-71.237
1.3724,-71.238
1.3724,-71.239
1.3725,-71.239
1.3725,-71.242
1.3726,-71.242
1.3726,-71.247
1.3727,-71.254
1.3727,-71.255
1.3728,-71.256
1.3728,-71.257
1.3729,-71.258
1.3729,-71.26
1.373,-71.27
1.373,-71.267
1.3731,-71.264
1.3731,-71.264
1.3732,-71.27
1.3732,-71.276
1.3733,-71.28
1.3733,-71.283
1.3734,-71.283
1.3734,-71.28
1.3735,-71.269
1.3735,-71.263
1.3736,-71.259
1.3736,-71.251
1.3737,-71.251
1.3737,-71.248
1.3738,-71.245
1.3738,-71.236
1.3739,-71.238
1.3739,-71.238
1.374,-71.238
1.374,-71.232
1.3741,-71.23
1.3741,-71.225
1.3742,-71.222
1.3742,-71.218
1.3743,-71.215
1.3743,-71.212
1.3744,-71.208
1.3744,-71.202
1.3745,-71.198
1.3745,-71.198
1.3746,-71.198
1.3746,-71.196
1.3747,-71.198
1.3747,-71.196
1.3748,-71.186
1.3748,-71.174
1.3749,-71.169
1.3749,-71.165
1.375,-71.16
1.375,-71.151
1.3751,-71.145
1.3751,-71.135
1.3752,-71.131
1.3752,-71.111
1.3753,-71.094
1.3753,-71.087
1.3754,-71.085
1.3754,-71.078
1.3755,-71.078
1.3755,-71.077
1.3756,-71.075
1.3756,-71.068
1.3757,-71.068
1.3757,-71.063
1.3758,-71.06
1.3758,-71.051
1.3759,-71.049
1.3759,-71.049
1.376,-71.049
1.376,-71.049
1.3761,-71.051
1.3761,-71.051
1.3762,-71.057
1.3762,-71.065
1.3763,-71.073
1.3763,-71.073
1.3764,-71.073
1.3764,-71.084
1.3765,-71.087
1.3765,-71.098
1.3766,-71.102
1.3766,-71.102
1.3767,-71.106
1.3767,-71.115
1.3768,-71.115
1.3768,-71.115
1.3769,-71.115
1.3769,-71.118
1.377,-71.119
1.377,-71.136
1.3771,-71.162
1.3771,-71.178
1.3772,-71.188
1.3772,-71.191
1.3773,-71.212
1.3773,-71.23
1.3774,-71.238
1.3774,-71.243
1.3775,-71.244
1.3775,-71.254
1.3776,-71.258
1.3776,-71.26
1.3777,-71.265
1.3777,-71.271
1.3778,-71.28
1.3778,-71.287
1.3779,-71.294
1.3779,-71.296
1.378,-71.301
1.378,-71.305
1.3781,-71.307
1.3781,-71.308
1.3782,-71.309
1.3782,-71.309
1.3783,-71.309
1.3783,-71.309
1.3784,-71.309
1.3784,-71.309
1.3785,-71.312
1.3785,-71.317
1.3786,-71.32
1.3786,-71.322
1.3787,-71.326
1.3787,-71.329
1.3788,-71.329
1.3788,-71.323
1.3789,-71.323
1.3789,-71.323
1.379,-71.326
1.379,-71.323
1.3791,-71.314
1.3791,-71.291
1.3792,-71.263
1.3792,-71.253
1.3793,-71.249
1.3793,-71.249
1.3794,-71.247
1.3794,-71.236
1.3795,-71.22
1.3795,-71.213
1.3796,-71.204
1.3796,-71.2
1.3797,-71.2
1.3797,-71.196
1.3798,-71.191
1.3798,-71.183
1.3799,-71.178
1.3799,-71.175
1.38,-71.166
1.38,-71.157
1.3801,-71.155
1.3801,-71.152
1.3802,-71.147
1.3802,-71.131
1.3803,-71.116
1.3803,-71.111
1.3804,-71.106
1.3804,-71.103
1.3805,-71.093
1.3805,-71.085
1.3806,-71.074
1.3806,-71.074
1.3807,-71.074
1.3807,-71.074
1.3808,-71.076
1.3808,-71.076
1.3809,-71.075
1.3809,-71.074
1.381,-71.075
1.381,-71.089
1.3811,-71.104
1.3811,-71.106
1.3812,-71.103
1.3812,-71.104
1.3813,-71.112
1.3813,-71.112
1.3814,-71.111
1.3814,-71.108
1.3815,-71.108
1.3815,-71.108
1.3816,-71.115
1.3816,-71.112
1.3817,-71.112
1.3817,-71.109
1.3818,-71.108
1.3818,-71.108
1.3819,-71.122
1.3819,-71.133
1.382,-71.142
1.382,-71.148
1.3821,-71.155
1.3821,-71.157
1.3822,-71.173
1.3822,-71.179
1.3823,-71.179
1.3823,-71.179
1.3824,-71.179
1.3824,-71.191
1.3825,-71.2
1.3825,-71.205
1.3826,-71.205
1.3826,-71.205
1.3827,-71.21
1.3827,-71.21
1.3828,-71.21
1.3828,-71.212
1.3829,-71.213
1.3829,-71.206
1.383,-71.204
1.383,-71.207
1.3831,-71.207
1.3831,-71.207
1.3832,-71.216
1.3832,-71.228
1.3833,-71.235
1.3833,-71.239
1.3834,-71.238
1.3834,-71.238
1.3835,-71.236
1.3835,-71.234
1.3836,-71.239
1.3836,-71.24
1.3836,-71.245
1.3837,-71.248
1.3837,-71.248
1.3838,-71.253
1.3838,-71.253
1.3839,-71.258
1.3839,-71.258
1.384,-71.257
1.384,-71.252
1.3841,-71.252
1.3841,-71.252
1.3842,-71.252
1.3842,-71.241
1.3843,-71.232
1.3843,-71.238
1.3844,-71.241
1.3844,-71.241
1.3845,-71.229
1.3845,-71.222
1.3846,-71.222
1.3846,-71.235
1.3847,-71.241
1.3847,-71.245
1.3848,-71.252
1.3848,-71.252
1.3849,-71.252
1.3849,-71.248
1.385,-71.243
1.385,-71.243
1.3851,-71.238
1.3851,-71.233
1.3852,-71.228
1.3852,-71.226
1.3853,-71.225
1.3853,-71.223
1.3854,-71.221
1.3854,-71.221
1.3855,-71.218
1.3855,-71.215
1.3856,-71.213
1.3856,-71.21
1.3857,-71.206
1.3857,-71.201
1.3858,-71.193
1.3858,-71.189
1.3859,-71.187
1.3859,-71.18
1.386,-71.18
1.386,-71.178
1.3861,-71.177
1.3861,-71.17
1.3862,-71.16
1.3862,-71.148
1.3863,-71.142
1.3863,-71.141
1.3864,-71.137
1.3864,-71.125
1.3865,-71.114
1.3865,-71.112
1.3866,-71.112
1.3866,-71.112
1.3867,-71.106
1.3867,-71.096
1.3868,-71.09
1.3868,-71.083
1.3869,-71.083
1.3869,-71.08
1.387,-71.074
1.387,-71.073
1.3871,-71.07
1.3871,-71.062
1.3872,-71.057
1.3872,-71.061
1.3873,-71.06
1.3873,-71.06
1.3874,-71.06
1.3874,-71.061
1.3875,-71.064
1.3875,-71.065
1.3876,-71.071
1.3876,-71.078
1.3877,-71.073
1.3877,-71.077
1.3878,-71.081
1.3878,-71.083
1.3879,-71.087
1.3879,-71.097
1.388,-71.103
1.388,-71.112
1.3881,-71.118
1.3881,-71.121
1.3882,-71.138
1.3882,-71.154
1.3883,-71.157
1.3883,-71.157
1.3884,-71.161
1.3884,-71.158
1.3885,-71.156
1.3885,-71.159
1.3886,-71.163
1.3886,-71.171
1.3887,-71.179
1.3887,-71.18
1.3888,-71.182
1.3888,-71.183
1.3889,-71.185
1.3889,-71.194
1.389,-71.198
1.389,-71.202
1.3891,-71.205
1.3891,-71.205
1.3892,-71.206
1.3892,-71.212
1.3893,-71.228
1.3893,-71.228
1.3894,-71.231
1.3894,-71.232
1.3895,-71.234
1.3895,-71.242
1.3896,-71.251
1.3896,-71.252
1.3897,-71.257
1.3897,-71.263
1.3898,-71.266
1.3898,-71.268
1.3899,-71.272
1.3899,-71.275
1.39,-71.281
1.39,-71.283
1.3901,-71.288
1.3901,-71.288
1.3902,-71.288
1.3902,-71.292
1.3903,-71.296
1.3903,-71.299
1.3904,-71.299
1.3904,-71.302
1.3905,-71.306
1.3905,-71.315
1.3906,-71.315
1.3906,-71.322
1.3907,-71.322
1.3907,-71.328
1.3908,-71.335
1.3908,-71.341
1.3909,-71.346
1.3909,-71.354
1.391,-71.362
1.391,-71.364
1.3911,-71.369
1.3911,-71.367
1.3912,-71.362
1.3912,-71.361
1.3913,-71.359
1.3913,-71.354
1.3914,-71.352
1.3914,-71.347
1.3915,-71.354
1.3915,-71.359
1.3916,-71.354
1.3916,-71.35
1.3917,-71.347
1.3917,-71.347
1.3918,-71.348
1.3918,-71.349
1.3919,-71.346
1.3919,-71.346
1.392,-71.342
1.392,-71.344
1.3921,-71.341
1.3921,-71.337
1.3922,-71.337
1.3922,-71.334
1.3923,-71.334
1.3923,-71.338
1.3924,-71.337
1.3924,-71.334
1.3925,-71.334
1.3925,-71.334
1.3926,-71.324
1.3926,-71.324
1.3927,-71.323
1.3927,-71.32
1.3928,-71.315
1.3928,-71.312
1.3929,-71.314
1.3929,-71.311
1.393,-71.311
1.393,-71.311
1.3931,-71.308
1.3931,-71.313
1.3932,-71.314
1.3932,-71.314
1.3933,-71.314
1.3933,-71.317
1.3934,-71.318
1.3934,-71.312
1.3935,-71.312
1.3935,-71.311
1.3936,-71.311
1.3936,-71.308
1.3937,-71.304
1.3937,-71.297
1.3938,-71.293
1.3938,-71.293
1.3939,-71.296
1.3939,-71.302
1.394,-71.304
1.394,-71.3
1.3941,-71.292
1.3941,-71.286
1.3942,-71.276
1.3942,-71.256
1.3943,-71.242
1.3943,-71.234
1.3944,-71.226
1.3944,-71.222
1.3945,-71.218
1.3945,-71.209
1.3946,-71.192
1.3946,-71.184
1.3947,-71.183
1.3947,-71.175
1.3948,-71.168
1.3948,-71.162
1.3949,-71.16
1.3949,-71.154
1.395,-71.14
1.395,-71.125
1.3951,-71.116
1.3951,-71.109
1.3952,-71.101
1.3952,-71.1
1.3953,-71.1
1.3953,-71.099
1.3954,-71.093
1.3954,-71.082
1.3955,-71.075
1.3955,-71.075
1.3956,-71.075
1.3956,-71.076
1.3957,-71.076
1.3957,-71.081
1.3958,-71.089
1.3958,-71.093
1.3959,-71.093
1.3959,-71.09
1.396,-71.08
1.396,-71.08
1.3961,-71.084
1.3961,-71.09
1.3962,-71.092
1.3962,-71.099
1.3963,-71.101
1.3963,-71.103
1.3964,-71.103
1.3964,-71.095
1.3965,-71.08
1.3965,-71.07
1.3966,-71.081
1.3966,-71.081
1.3967,-71.081
1.3967,-71.081
1.3968,-71.097
1.3968,-71.1
1.3969,-71.105
1.3969,-71.098
1.397,-71.094
1.397,-71.094
1.3971,-71.088
1.3971,-71.088
1.3972,-71.081
1.3972,-71.077
1.3973,-71.077
1.3973,-71.077
1.3973,-71.077
1.3974,-71.074
1.3974,-71.072
1.3975,-71.071
1.3975,-71.067
1.3976,-71.061
1.3976,-71.051
1.3977,-71.048
1.3977,-71.041
1.3978,-71.037
1.3978,-71.035
1.3979,-71.032
1.3979,-71.033
1.398,-71.033
1.398,-71.032
1.3981,-71.033
1.3981,-71.035
1.3982,-71.035
1.3982,-71.033
1.3983,-71.033
1.3983,-71.033
1.3984,-71.033
1.3984,-71.035
1.3985,-71.038
1.3985,-71.032
1.3986,-71.026
1.3986,-71.021
1.3987,-71.018
1.3987,-71.017
1.3988,-71.017
1.3988,-71.015
1.3989,-71.008
1.3989,-71.015
1.399,-71.018
1.399,-71.018
1.3991,-71.015
1.3991,-71.012
1.3992,-71.009
1.3992,-71.002
1.3993,-71
1.3993,-70.997
1.3994,-70.997
1.3994,-70.999
1.3995,-71.001
1.3995,-71.003
1.3996,-71.001
1.3996,-71
1.3997,-71.001
1.3997,-71.002
1.3998,-71.004
1.3998,-71.001
1.3999,-70.999
1.3999,-70.996
1.4,-70.996
1.4,-70.996
1.4001,-70.994
1.4001,-70.994
1.4002,-70.993
1.4002,-70.994
1.4003,-70.992
1.4003,-70.986
1.4004,-70.988
1.4004,-70.991
1.4005,-70.98
1.4005,-70.973
1.4006,-70.961
1.4006,-70.95
1.4007,-70.939
1.4007,-70.94
1.4008,-70.939
1.4008,-70.938
1.4009,-70.94
1.4009,-70.942
1.401,-70.939
1.401,-70.94
1.4011,-70.942
1.4011,-70.942
1.4012,-70.94
1.4012,-70.938
1.4013,-70.932
1.4013,-70.927
1.4014,-70.919
1.4014,-70.913
1.4015,-70.907
1.4015,-70.901
1.4016,-70.906
1.4016,-70.907
1.4017,-70.911
1.4017,-70.914
1.4018,-70.915
1.4018,-70.915
1.4019,-70.919
1.4019,-70.916
1.402,-70.913
1.402,-70.911
1.4021,-70.916
1.4021,-70.917
1.4022,-70.917
1.4022,-70.913
1.4023,-70.91
1.4023,-70.913
1.4024,-70.916
1.4024,-70.916
1.4025,-70.916
1.4025,-70.918
1.4026,-70.922
1.4026,-70.924
1.4027,-70.929
1.4027,-70.936
1.4028,-70.936
1.4028,-70.938
1.4029,-70.942
1.4029,-70.942
1.403,-70.942
1.403,-70.943
1.4031,-70.949
1.4031,-70.958
1.4032,-70.958
1.4032,-70.958
1.4033,-70.958
1.4033,-70.968
1.4034,-70.971
1.4034,-70.977
1.4035,-70.982
1.4035,-70.982
1.4036,-70.979
1.4036,-70.99
1.4037,-70.994
1.4037,-70.997
1.4038,-71.001
1.4038,-71.006
1.4039,-71.012
1.4039,-71.021
1.404,-71.024
1.404,-71.025
1.4041,-71.025
1.4041,-71.027
1.4042,-71.028
1.4042,-71.032
1.4043,-71.034
1.4043,-71.035
1.4044,-71.038
1.4044,-71.046
1.4045,-71.053
1.4045,-71.057
1.4046,-71.059
1.4046,-71.061
1.4047,-71.058
1.4047,-71.059
1.4048,-71.063
1.4048,-71.071
1.4049,-71.081
1.4049,-71.089
1.405,-71.093
1.405,-71.094
1.4051,-71.099
1.4051,-71.104
1.4052,-71.106
1.4052,-71.109
1.4053,-71.115
1.4053,-71.122
1.4054,-71.129
1.4054,-71.128
1.4055,-71.126
1.4055,-71.13
1.4056,-71.131
1.4056,-71.135
1.4057,-71.143
1.4057,-71.151
1.4058,-71.146
1.4058,-71.143
1.4059,-71.144
1.4059,-71.145
1.406,-71.149
1.406,-71.149
1.4061,-71.151
1.4061,-71.155
1.4062,-71.155
1.4062,-71.151
1.4063,-71.148
1.4063,-71.146
1.4064,-71.139
1.4064,-71.131
1.4065,-71.122
1.4065,-71.118
1.4066,-71.109
1.4066,-71.103
1.4067,-71.103
1.4067,-71.107
1.4068,-71.107
1.4068,-71.101
1.4069,-71.098
1.4069,-71.091
1.407,-71.097
1.407,-71.111
1.4071,-71.122
1.4071,-71.128
1.4072,-71.13
1.4072,-71.135
1.4073,-71.142
1.4073,-71.148
1.4074,-71.155
1.4074,-71.16
1.4075,-71.157
1.4075,-71.154
1.4076,-71.153
1.4076,-71.155
1.4077,-71.157
1.4077,-71.158
1.4078,-71.159
1.4078,-71.159
1.4079,-71.155
1.4079,-71.157
1.408,-71.16
1.408,-71.168
1.4081,-71.173
1.4081,-71.17
1.4082,-71.17
1.4082,-71.17
1.4083,-71.165
1.4083,-71.152
1.4084,-71.152
1.4084,-71.154
1.4085,-71.165
1.4085,-71.171
1.4086,-71.171
1.4086,-71.168
1.4087,-71.168
1.4087,-71.168
1.4088,-71.171
1.4088,-71.17
1.4089,-71.17
1.4089,-71.168
1.409,-71.163
1.409,-71.158
1.4091,-71.154
1.4091,-71.15
1.4092,-71.15
1.4092,-71.15
1.4093,-71.15
1.4093,-71.143
1.4094,-71.135
1.4094,-71.134
1.4095,-71.134
1.4095,-71.121
1.4096,-71.121
1.4096,-71.121
1.4097,-71.108
1.4097,-71.106
1.4098,-71.097
1.4098,-71.093
1.4099,-71.084
1.4099,-71.079
1.41,-71.08
1.41,-71.097
1.4101,-71.103
1.4101,-71.103
1.4102,-71.103
1.4102,-71.097
1.4103,-71.093
1.4103,-71.092
1.4104,-71.092
1.4104,-71.092
1.4105,-71.092
1.4105,-71.092
1.4106,-71.092
1.4106,-71.092
1.4107,-71.092
1.4107,-71.092
1.4108,-71.092
1.4108,-71.097
1.4109,-71.097
1.4109,-71.097
1.411,-71.103
1.411,-71.104
1.411,-71.103
1.4111,-71.103
1.4111,-71.103
1.4112,-71.101
1.4112,-71.103
1.4113,-71.11
1.4113,-71.097
1.4114,-71.083
1.4114,-71.088
1.4115,-71.086
1.4115,-71.088
1.4116,-71.085
1.4116,-71.081
1.4117,-71.078
1.4117,-71.074
1.4118,-71.072
1.4118,-71.079
1.4119,-71.088
1.4119,-71.09
1.412,-71.09
1.412,-71.088
1.4121,-71.095
1.4121,-71.1
1.4122,-71.104
1.4122,-71.106
1.4123,-71.106
1.4123,-71.106
1.4124,-71.106
1.4124,-71.108
1.4125,-71.111
1.4125,-71.113
1.4126,-71.115
1.4126,-71.115
1.4127,-71.115
1.4127,-71.115
1.4128,-71.115
1.4128,-71.116
1.4129,-71.116
1.4129,-71.117
1.413,-71.119
1.413,-71.115
1.4131,-71.115
1.4131,-71.112
1.4132,-71.115
1.4132,-71.117
1.4133,-71.117
1.4133,-71.12
1.4134,-71.126
1.4134,-71.125
1.4135,-71.128
1.4135,-71.129
1.4136,-71.13
1.4136,-71.121
1.4137,-71.104
1.4137,-71.092
1.4138,-71.077
1.4138,-71.068
1.4139,-71.064
1.4139,-71.064
1.414,-71.056
1.414,-71.047
1.4141,-71.04
1.4141,-71.034
1.4142,-71.028
1.4142,-71.017
1.4143,-71.017
1.4143,-71.017
1.4144,-71.006
1.4144,-71
1.4145,-70.998
1.4145,-70.998
1.4146,-70.998
1.4146,-70.992
1.4147,-70.982
1.4147,-70.977
1.4148,-70.979
1.4148,-70.979
1.4149,-70.979
1.4149,-70.978
1.415,-70.973
1.415,-70.966
1.4151,-70.964
1.4151,-70.964
1.4152,-70.964
1.4152,-70.963
1.4153,-70.956
1.4153,-70.951
1.4154,-70.952
1.4154,-70.946
1.4155,-70.942
1.4155,-70.942
1.4156,-70.942
1.4156,-70.951
1.4157,-70.957
1.4157,-70.957
1.4158,-70.957
1.4158,-70.957
1.4159,-70.959
1.4159,-70.961
1.416,-70.959
1.416,-70.959
1.4161,-70.962
1.4161,-70.969
1.4162,-70.977
1.4162,-70.986
1.4163,-70.99
1.4163,-70.999
1.4164,-71.001
1.4164,-71.005
1.4165,-70.98
1.4165,-70.981
1.4166,-70.955
1.4166,-70.93
1.4167,-70.912
1.4167,-70.912
1.4168,-70.912
1.4168,-70.909
1.4169,-70.909
1.4169,-70.914
1.417,-70.921
1.417,-70.921
1.4171,-70.914
1.4171,-70.914
1.4172,-70.914
1.4172,-70.909
1.4173,-70.905
1.4173,-70.902
1.4174,-70.9
1.4174,-70.9
1.4175,-70.9
1.4175,-70.9
1.4176,-70.9
1.4176,-70.9
1.4177,-70.9
1.4177,-70.9
1.4178,-70.9
1.4178,-70.935
1.4179,-70.98
1.4179,-70.995
1.418,-70.987
1.418,-70.985
1.4181,-70.981
1.4181,-70.975
1.4182,-70.981
1.4182,-70.988
1.4183,-70.979
1.4183,-70.973
1.4184,-70.973
1.4184,-70.973
1.4185,-70.973
1.4185,-70.97
1.4186,-70.958
1.4186,-70.949
1.4187,-70.945
1.4187,-70.942
1.4188,-70.927
1.4188,-70.906
1.4189,-70.9
1.4189,-70.897
1.419,-70.897
1.419,-70.897
1.4191,-70.887
1.4191,-70.879
1.4192,-70.878
1.4192,-70.871
1.4193,-70.86
1.4193,-70.851
1.4194,-70.846
1.4194,-70.843
1.4195,-70.835
1.4195,-70.83
1.4196,-70.827
1.4196,-70.824
1.4197,-70.819
1.4197,-70.812
1.4198,-70.813
1.4198,-70.819
1.4199,-70.819
1.4199,-70.819
1.42,-70.819
1.42,-70.814
1.4201,-70.812
1.4201,-70.805
1.4202,-70.802
1.4202,-70.807
1.4203,-70.807
1.4203,-70.813
1.4204,-70.813
1.4204,-70.813
1.4205,-70.815
1.4205,-70.819
1.4206,-70.824
1.4206,-70.827
1.4207,-70.829
1.4207,-70.829
1.4208,-70.829
1.4208,-70.829
1.4209,-70.834
1.4209,-70.833
1.421,-70.833
1.421,-70.828
1.4211,-70.828
1.4211,-70.833
1.4212,-70.836
1.4212,-70.838
1.4213,-70.842
1.4213,-70.844
1.4214,-70.844
1.4214,-70.842
1.4215,-70.843
1.4215,-70.844
1.4216,-70.844
1.4216,-70.844
1.4217,-70.844
1.4217,-70.845
1.4218,-70.845
1.4218,-70.844
1.4219,-70.847
1.4219,-70.85
1.422,-70.853
1.422,-70.856
1.4221,-70.861
1.4221,-70.868
1.4222,-70.871
1.4222,-70.879
1.4223,-70.878
1.4223,-70.874
1.4224,-70.871
1.4224,-70.866
1.4225,-70.862
1.4225,-70.862
1.4226,-70.862
1.4226,-70.866
1.4227,-70.861
1.4227,-70.854
1.4228,-70.851
1.4228,-70.851
1.4229,-70.858
1.4229,-70.864
1.423,-70.867
1.423,-70.849
1.4231,-70.858
1.4231,-70.861
1.4232,-70.868
1.4232,-70.877
1.4233,-70.882
1.4233,-70.886
1.4234,-70.891
1.4234,-70.897
1.4235,-70.904
1.4235,-70.904
1.4236,-70.904
1.4236,-70.904
1.4237,-70.903
1.4237,-70.903
1.4238,-70.906
1.4238,-70.905
1.4239,-70.908
1.4239,-70.91
1.424,-70.915
1.424,-70.919
1.4241,-70.921
1.4241,-70.926
1.4242,-70.926
1.4242,-70.926
1.4243,-70.927
1.4243,-70.932
1.4244,-70.937
1.4244,-70.937
1.4245,-70.942
1.4245,-70.942
1.4246,-70.947
1.4246,-70.95
1.4247,-70.952
1.4247,-70.956
1.4247,-70.956
1.4248,-70.961
1.4248,-70.976
1.4249,-70.986
1.4249,-70.987
1.425,-70.987
1.425,-70.993
1.4251,-70.999
1.4251,-71.003
1.4252,-71.008
1.4252,-71.018
1.4253,-71.025
1.4253,-71.025
1.4254,-71.025
1.4254,-71.025
1.4255,-71.027
1.4255,-71.031
1.4256,-71.031
1.4256,-71.028
1.4257,-71.026
1.4257,-71.026
1.4258,-71.026
1.4258,-71.032
1.4259,-71.037
1.4259,-71.04
1.426,-71.045
1.426,-71.048
1.4261,-71.053
1.4261,-71.054
1.4262,-71.048
1.4262,-71.041
1.4263,-71.045
1.4263,-71.055
1.4264,-71.053
1.4264,-71.053
1.4265,-71.061
1.4265,-71.063
1.4266,-71.064
1.4266,-71.057
1.4267,-71.048
1.4267,-71.049
1.4268,-71.054
1.4268,-71.059
1.4269,-71.057
1.4269,-71.05
1.427,-71.05
1.427,-71.052
1.4271,-71.06
1.4271,-71.061
1.4272,-71.057
1.4272,-71.051
1.4273,-71.053
1.4273,-71.057
1.4274,-71.066
1.4274,-71.074
1.4275,-71.078
1.4275,-71.08
1.4276,-71.083
1.4276,-71.083
1.4277,-71.083
1.4277,-71.081
1.4278,-71.081
1.4278,-71.082
1.4279,-71.082
1.4279,-71.085
1.428,-71.085
1.428,-71.092
1.4281,-71.096
1.4281,-71.105
1.4282,-71.115
1.4282,-71.113
1.4283,-71.115
1.4283,-71.118
1.4284,-71.122
1.4284,-71.125
1.4285,-71.122
1.4285,-71.12
1.4286,-71.119
1.4286,-71.118
1.4287,-71.122
1.4287,-71.123
1.4288,-71.125
1.4288,-71.125
1.4289,-71.122
1.4289,-71.12
1.429,-71.125
1.429,-71.128
1.4291,-71.131
1.4291,-71.131
1.4292,-71.13
1.4292,-71.13
1.4293,-71.13
1.4293,-71.13
1.4294,-71.132
1.4294,-71.131
1.4295,-71.129
1.4295,-71.128
1.4296,-71.126
1.4296,-71.126
1.4297,-71.128
1.4297,-71.128
1.4298,-71.128
1.4298,-71.13
1.4299,-71.132
1.4299,-71.127
1.43,-71.122
1.43,-71.126
1.4301,-71.129
1.4301,-71.131
1.4302,-71.133
1.4302,-71.139
1.4303,-71.14
1.4303,-71.147
1.4304,-71.153
1.4304,-71.158
1.4305,-71.157
1.4305,-71.158
1.4306,-71.157
1.4306,-71.16
1.4307,-71.159
1.4307,-71.163
1.4308,-71.164
1.4308,-71.164
1.4309,-71.161
1.4309,-71.163
1.431,-71.163
1.431,-71.163
1.4311,-71.154
1.4311,-71.15
1.4312,-71.148
1.4312,-71.148
1.4313,-71.15
1.4313,-71.15
1.4314,-71.15
1.4314,-71.15
1.4315,-71.16
1.4315,-71.169
1.4316,-71.173
1.4316,-71.176
1.4317,-71.176
1.4317,-71.164
1.4318,-71.156
1.4318,-71.151
1.4319,-71.148
1.4319,-71.148
1.432,-71.144
1.432,-71.144
1.4321,-71.139
1.4321,-71.135
1.4322,-71.129
1.4322,-71.127
1.4323,-71.125
1.4323,-71.125
1.4324,-71.119
1.4324,-71.115
1.4325,-71.117
1.4325,-71.112
1.4326,-71.11
1.4326,-71.101
1.4327,-71.098
1.4327,-71.093
1.4328,-71.092
1.4328,-71.093
1.4329,-71.091
1.4329,-71.074
1.433,-71.061
1.433,-71.048
1.4331,-71.037
1.4331,-71.038
1.4332,-71.041
1.4332,-71.041
1.4333,-71.041
1.4333,-71.047
1.4334,-71.051
1.4334,-71.053
1.4335,-71.056
1.4335,-71.054
1.4336,-71.054
1.4336,-71.057
1.4337,-71.06
1.4337,-71.061
1.4338,-71.062
1.4338,-71.064
1.4339,-71.063
1.4339,-71.063
1.434,-71.061
1.434,-71.06
1.4341,-71.056
1.4341,-71.053
1.4342,-71.052
1.4342,-71.054
1.4343,-71.051
1.4343,-71.046
1.4344,-71.044
1.4344,-71.044
1.4345,-71.044
1.4345,-71.045
1.4346,-71.048
1.4346,-71.049
1.4347,-71.05
1.4347,-71.049
1.4348,-71.048
1.4348,-71.049
1.4349,-71.051
1.4349,-71.051
1.435,-71.054
1.435,-71.055
1.4351,-71.058
1.4351,-71.058
1.4352,-71.055
1.4352,-71.054
1.4353,-71.057
1.4353,-71.061
1.4354,-71.064
1.4354,-71.063
1.4355,-71.058
1.4355,-71.061
1.4356,-71.061
1.4356,-71.063
1.4357,-71.063
1.4357,-71.063
1.4358,-71.065
1.4358,-71.068
1.4359,-71.064
1.4359,-71.063
1.436,-71.062
1.436,-71.064
1.4361,-71.069
1.4361,-71.073
1.4362,-71.071
1.4362,-71.068
1.4363,-71.068
1.4363,-71.067
1.4364,-71.07
1.4364,-71.074
1.4365,-71.075
1.4365,-71.072
1.4366,-71.073
1.4366,-71.077
1.4367,-71.079
1.4367,-71.08
1.4368,-71.08
1.4368,-71.083
1.4369,-71.09
1.4369,-71.09
1.437,-71.09
1.437,-71.09
1.4371,-71.091
1.4371,-71.093
1.4372,-71.092
1.4372,-71.093
1.4373,-71.093
1.4373,-71.095
1.4374,-71.095
1.4374,-71.095
1.4375,-71.092
1.4375,-71.09
1.4376,-71.09
1.4376,-71.096
1.4377,-71.1
1.4377,-71.1
1.4378,-71.096
1.4378,-71.095
1.4379,-71.095
1.4379,-71.097
1.438,-71.101
1.438,-71.096
1.4381,-71.093
1.4381,-71.098
1.4382,-71.106
1.4382,-71.102
1.4383,-71.096
1.4383,-71.096
1.4384,-71.098
1.4384,-71.101
1.4384,-71.108
1.4385,-71.111
1.4385,-71.111
1.4386,-71.111
1.4386,-71.117
1.4387,-71.125
1.4387,-71.128
1.4388,-71.124
1.4388,-71.121
1.4389,-71.117
1.4389,-71.119
1.439,-71.122
1.439,-71.124
1.4391,-71.124
1.4391,-71.129
1.4392,-71.131
1.4392,-71.136
1.4393,-71.136
1.4393,-71.141
1.4394,-71.15
1.4394,-71.16
1.4395,-71.165
1.4395,-71.166
1.4396,-71.168
1.4396,-71.172
1.4397,-71.18
1.4397,-71.196
1.4398,-71.207
1.4398,-71.207
1.4399,-71.207
1.4399,-71.2
1.44,-71.211
1.44,-71.218
1.4401,-71.222
1.4401,-71.228
1.4402,-71.229
1.4402,-71.23
1.4403,-71.229
1.4403,-71.229
1.4404,-71.229
1.4404,-71.228
1.4405,-71.228
1.4405,-71.228
1.4406,-71.223
1.4406,-71.218
1.4407,-71.218
1.4407,-71.218
1.4408,-71.218
1.4408,-71.211
1.4409,-71.199
1.4409,-71.2
1.441,-71.2
1.441,-71.193
1.4411,-71.187
1.4411,-71.155
1.4412,-71.125
1.4412,-71.106
1.4413,-71.107
1.4413,-71.094
1.4414,-71.071
1.4414,-71.05
1.4415,-71.021
1.4415,-70.967
1.4416,-70.925
1.4416,-70.906
1.4417,-70.887
1.4417,-70.874
1.4418,-70.867
1.4418,-70.864
1.4419,-70.864
1.4419,-70.864
1.442,-70.864
1.442,-70.867
1.4421,-70.873
1.4421,-70.878
1.4422,-70.877
1.4422,-70.874
1.4423,-70.874
1.4423,-70.877
1.4424,-70.878
1.4424,-70.865
1.4425,-70.846
1.4425,-70.846
1.4426,-70.845
1.4426,-70.845
1.4427,-70.845
1.4427,-70.845
1.4428,-70.838
1.4428,-70.839
1.4429,-70.836
1.4429,-70.833
1.443,-70.826
1.443,-70.816
1.4431,-70.816
1.4431,-70.815
1.4432,-70.811
1.4432,-70.815
1.4433,-70.815
1.4433,-70.815
1.4434,-70.817
1.4434,-70.819
1.4435,-70.819
1.4435,-70.819
1.4436,-70.819
1.4436,-70.819
1.4437,-70.819
1.4437,-70.826
1.4438,-70.83
1.4438,-70.831
1.4439,-70.829
1.4439,-70.826
1.444,-70.828
1.444,-70.848
1.4441,-70.868
1.4441,-70.871
1.4442,-70.865
1.4442,-70.859
1.4443,-70.864
1.4443,-70.879
1.4444,-70.888
1.4444,-70.895
1.4445,-70.9
1.4445,-70.903
1.4446,-70.903
1.4446,-70.905
1.4447,-70.905
1.4447,-70.913
1.4448,-70.914
1.4448,-70.916
1.4449,-70.916
1.4449,-70.918
1.445,-70.918
1.445,-70.919
1.4451,-70.918
1.4451,-70.91
1.4452,-70.912
1.4452,-70.912
1.4453,-70.912
1.4453,-70.91
1.4454,-70.903
1.4454,-70.899
1.4455,-70.9
1.4455,-70.905
1.4456,-70.916
1.4456,-70.916
1.4457,-70.916
1.4457,-70.905
1.4458,-70.9
1.4458,-70.907
1.4459,-70.903
1.4459,-70.893
1.446,-70.884
1.446,-70.888
1.4461,-70.897
1.4461,-70.908
1.4462,-70.912
1.4462,-70.913
1.4463,-70.912
1.4463,-70.913
1.4464,-70.919
1.4464,-70.921
1.4465,-70.932
1.4465,-70.934
1.4466,-70.938
1.4466,-70.942
1.4467,-70.944
1.4467,-70.944
1.4468,-70.947
1.4468,-70.951
1.4469,-70.954
1.4469,-70.966
1.447,-70.968
1.447,-70.959
1.4471,-70.953
1.4471,-70.953
1.4472,-70.959
1.4472,-70.959
1.4473,-70.969
1.4473,-70.979
1.4474,-70.98
1.4474,-70.987
1.4475,-70.991
1.4475,-70.995
1.4476,-71
1.4476,-71.002
1.4477,-71.004
1.4477,-71.009
1.4478,-71.012
1.4478,-71.014
1.4479,-71.014
1.4479,-71.019
1.448,-71.027
1.448,-71.032
1.4481,-71.032
1.4481,-71.034
1.4482,-71.037
1.4482,-71.042
1.4483,-71.044
1.4483,-71.05
1.4484,-71.05
1.4484,-71.054
1.4485,-71.056
1.4485,-71.059
1.4486,-71.059
1.4486,-71.062
1.4487,-71.061
1.4487,-71.064
1.4488,-71.064
1.4488,-71.064
1.4489,-71.061
1.4489,-71.061
1.449,-71.058
1.449,-71.059
1.4491,-71.064
1.4491,-71.067
1.4492,-71.067
1.4492,-71.067
1.4493,-71.07
1.4493,-71.067
1.4494,-71.067
1.4494,-71.064
1.4495,-71.06
1.4495,-71.059
1.4496,-71.061
1.4496,-71.061
1.4497,-71.058
1.4497,-71.061
1.4498,-71.054
1.4498,-71.051
1.4499,-71.053
1.4499,-71.049
1.45,-71.05
1.45,-71.05
1.4501,-71.048
1.4501,-71.048
1.4502,-71.045
1.4502,-71.04
1.4503,-71.035
1.4503,-71.038
1.4504,-71.038
1.4504,-71.038
1.4505,-71.038
1.4505,-71.042
1.4506,-71.042
1.4506,-71.047
1.4507,-71.047
1.4507,-71.042
1.4508,-71.04
1.4508,-71.043
1.4509,-71.046
1.4509,-71.047
1.451,-71.04
1.451,-71.039
1.4511,-71.04
1.4511,-71.04
1.4512,-71.036
1.4512,-71.032
1.4513,-71.025
1.4513,-71.02
1.4514,-71.015
1.4514,-71.012
1.4515,-71.006
1.4515,-71.003
1.4516,-71.001
1.4516,-71.005
1.4517,-71.008
1.4517,-71.004
1.4518,-71.006
1.4518,-71.007
1.4519,-71.008
1.4519,-71.013
1.452,-71.019
1.452,-71.019
1.4521,-71.019
1.4521,-71.019
1.4521,-71.019
1.4522,-71.019
1.4522,-71.015
1.4523,-71.012
1.4523,-71.009
1.4524,-71
1.4524,-70.983
1.4525,-70.96
1.4525,-70.949
1.4526,-70.945
1.4526,-70.937
1.4527,-70.935
1.4527,-70.94
1.4528,-70.942
1.4528,-70.944
1.4529,-70.943
1.4529,-70.942
1.453,-70.94
1.453,-70.941
1.4531,-70.94
1.4531,-70.944
1.4532,-70.947
1.4532,-70.949
1.4533,-70.946
1.4533,-70.949
1.4534,-70.951
1.4534,-70.952
1.4535,-70.952
1.4535,-70.95
1.4536,-70.952
1.4536,-70.955
1.4537,-70.964
1.4537,-70.964
1.4538,-70.961
1.4538,-70.963
1.4539,-70.968
1.4539,-70.976
1.454,-70.986
1.454,-70.987
1.4541,-70.994
1.4541,-70.998
1.4542,-71.001
1.4542,-71.009
1.4543,-71.018
1.4543,-71.032
1.4544,-71.038
1.4544,-71.042
1.4545,-71.051
1.4545,-71.058
1.4546,-71.07
1.4546,-71.07
1.4547,-71.07
1.4547,-71.07
1.4548,-71.077
1.4548,-71.077
1.4549,-71.077
1.4549,-71.078
1.455,-71.08
1.455,-71.086
1.4551,-71.091
1.4551,-71.093
1.4552,-71.094
1.4552,-71.096
1.4553,-71.096
1.4553,-71.099
1.4554,-71.105
1.4554,-71.111
1.4555,-71.116
1.4555,-71.12
1.4556,-71.122
1.4556,-71.125
1.4557,-71.127
1.4557,-71.131
1.4558,-71.135
1.4558,-71.136
1.4559,-71.138
1.4559,-71.142
1.456,-71.138
1.456,-71.137
1.4561,-71.137
1.4561,-71.135
1.4562,-71.136
1.4562,-71.137
1.4563,-71.137
1.4563,-71.141
1.4564,-71.14
1.4564,-71.137
1.4565,-71.131
1.4565,-71.132
1.4566,-71.133
1.4566,-71.14
1.4567,-71.14
1.4567,-71.141
1.4568,-71.142
1.4568,-71.142
1.4569,-71.149
1.4569,-71.151
1.457,-71.157
1.457,-71.157
1.4571,-71.162
1.4571,-71.162
1.4572,-71.164
1.4572,-71.165
1.4573,-71.165
1.4573,-71.165
1.4574,-71.165
1.4574,-71.166
1.4575,-71.16
1.4575,-71.159
1.4576,-71.157
1.4576,-71.157
1.4577,-71.159
1.4577,-71.155
1.4578,-71.144
1.4578,-71.134
1.4579,-71.126
1.4579,-71.12
1.458,-71.113
1.458,-71.109
1.4581,-71.109
1.4581,-71.109
1.4582,-71.112
1.4582,-71.111
1.4583,-71.111
1.4583,-71.102
1.4584,-71.095
1.4584,-71.092
1.4585,-71.094
1.4585,-71.096
1.4586,-71.099
1.4586,-71.096
1.4587,-71.088
1.4587,-71.08
1.4588,-71.077
1.4588,-71.074
1.4589,-71.072
1.4589,-71.074
1.459,-71.077
1.459,-71.072
1.4591,-71.064
1.4591,-71.061
1.4592,-71.055
1.4592,-71.048
1.4593,-71.048
1.4593,-71.048
1.4594,-71.042
1.4594,-71.041
1.4595,-71.037
1.4595,-71.029
1.4596,-71.028
1.4596,-71.027
1.4597,-71.025
1.4597,-71.025
1.4598,-71.027
1.4598,-71.027
1.4599,-71.032
1.4599,-71.031
1.46,-71.028
1.46,-71.028
1.4601,-71.031
1.4601,-71.031
1.4602,-71.031
1.4602,-71.032
1.4603,-71.034
1.4603,-71.035
1.4604,-71.033
1.4604,-71.031
1.4605,-71.031
1.4605,-71.031
1.4606,-71.032
1.4606,-71.035
1.4607,-71.037
1.4607,-71.041
1.4608,-71.047
1.4608,-71.051
1.4609,-71.054
1.4609,-71.059
1.461,-71.061
1.461,-71.064
1.4611,-71.073
1.4611,-71.08
1.4612,-71.087
1.4612,-71.09
1.4613,-71.09
1.4613,-71.099
1.4614,-71.105
1.4614,-71.106
1.4615,-71.109
1.4615,-71.112
1.4616,-71.12
1.4616,-71.127
1.4617,-71.136
1.4617,-71.141
1.4618,-71.141
1.4618,-71.141
1.4619,-71.146
1.4619,-71.153
1.462,-71.163
1.462,-71.168
1.4621,-71.172
1.4621,-71.177
1.4622,-71.178
1.4622,-71.182
1.4623,-71.186
1.4623,-71.186
1.4624,-71.187
1.4624,-71.187
1.4625,-71.189
1.4625,-71.19
1.4626,-71.198
1.4626,-71.206
1.4627,-71.209
1.4627,-71.217
1.4628,-71.217
1.4628,-71.217
1.4629,-71.227
1.4629,-71.227
1.463,-71.227
1.463,-71.215
1.4631,-71.209
1.4631,-71.206
1.4632,-71.204
1.4632,-71.202
1.4633,-71.195
1.4633,-71.189
1.4634,-71.187
1.4634,-71.18
1.4635,-71.171
1.4635,-71.162
1.4636,-71.153
1.4636,-71.152
1.4637,-71.146
1.4637,-71.138
1.4638,-71.141
1.4638,-71.136
1.4639,-71.128
1.4639,-71.133
1.464,-71.131
1.464,-71.128
1.4641,-71.122
1.4641,-71.115
1.4642,-71.118
1.4642,-71.122
1.4643,-71.122
1.4643,-71.122
1.4644,-71.122
1.4644,-71.115
1.4645,-71.107
1.4645,-71.106
1.4646,-71.106
1.4646,-71.106
1.4647,-71.099
1.4647,-71.093
1.4648,-71.08
1.4648,-71.064
1.4649,-71.061
1.4649,-71.061
1.465,-71.041
1.465,-71.018
1.4651,-71
1.4651,-70.98
1.4652,-70.978
1.4652,-70.977
1.4653,-70.975
1.4653,-70.971
1.4654,-70.964
1.4654,-70.962
1.4655,-70.957
1.4655,-70.909
1.4656,-70.912
1.4656,-70.912
1.4657,-70.914
1.4657,-70.918
1.4658,-70.926
1.4658,-70.932
1.4658,-70.933
1.4659,-70.936
1.4659,-70.941
1.466,-70.949
1.466,-70.954
1.4661,-70.954
1.4661,-70.952
1.4662,-70.954
1.4662,-70.945
1.4663,-70.941
1.4663,-70.948
1.4664,-70.954
1.4664,-70.957
1.4665,-70.957
1.4665,-70.961
1.4666,-70.971
1.4666,-70.971
1.4667,-70.974
1.4667,-70.972
1.4668,-70.968
1.4668,-70.971
1.4669,-70.972
1.4669,-70.977
1.467,-70.974
1.467,-70.972
1.4671,-70.971
1.4671,-70.972
1.4672,-70.974
1.4672,-70.979
1.4673,-70.977
1.4673,-70.978
1.4674,-70.978
1.4674,-70.978
1.4675,-70.982
1.4675,-70.983
1.4676,-70.977
1.4676,-70.971
1.4677,-70.971
1.4677,-70.971
1.4678,-70.971
1.4678,-70.966
1.4679,-70.962
1.4679,-70.962
1.468,-70.962
1.468,-70.959
1.4681,-70.956
1.4681,-70.951
1.4682,-70.948
1.4682,-70.947
1.4683,-70.946
1.4683,-70.948
1.4684,-70.949
1.4684,-70.95
1.4685,-70.951
1.4685,-70.955
1.4686,-70.959
1.4686,-70.962
1.4687,-70.962
1.4687,-70.958
1.4688,-70.958
1.4688,-70.958
1.4689,-70.958
1.4689,-70.957
1.469,-70.957
1.469,-70.954
1.4691,-70.955
1.4691,-70.954
1.4692,-70.953
1.4692,-70.954
1.4693,-70.967
1.4693,-70.979
1.4694,-70.975
1.4694,-70.975
1.4695,-70.977
1.4695,-70.977
1.4696,-70.977
1.4696,-70.974
1.4697,-70.976
1.4697,-70.971
1.4698,-70.967
1.4698,-70.967
1.4699,-70.97
1.4699,-70.967
1.47,-70.971
1.47,-70.971
1.4701,-70.971
1.4701,-70.974
1.4702,-70.974
1.4702,-70.976
1.4703,-70.976
1.4703,-70.974
1.4704,-70.976
1.4704,-70.977
1.4705,-70.975
1.4705,-70.983
1.4706,-70.991
1.4706,-70.998
1.4707,-71.001
1.4707,-71.003
1.4708,-71
1.4708,-70.99
1.4709,-70.985
1.4709,-70.985
1.471,-70.981
1.471,-70.978
1.4711,-70.978
1.4711,-70.977
1.4712,-70.979
1.4712,-70.983
1.4713,-70.984
1.4713,-70.987
1.4714,-70.991
1.4714,-70.996
1.4715,-71.002
1.4715,-71.006
1.4716,-71.006
1.4716,-71.001
1.4717,-71
1.4717,-70.998
1.4718,-70.997
1.4718,-70.996
1.4719,-70.991
1.4719,-70.985
1.472,-70.985
1.472,-70.981
1.4721,-70.993
1.4721,-70.993
1.4722,-70.993
1.4722,-70.993
1.4723,-70.995
1.4723,-71.004
1.4724,-70.992
1.4724,-70.99
1.4725,-70.977
1.4725,-70.977
1.4726,-70.977
1.4726,-70.976
1.4727,-70.974
1.4727,-70.971
1.4728,-70.967
1.4728,-70.967
1.4729,-70.966
1.4729,-70.967
1.473,-70.971
1.473,-70.974
1.4731,-70.974
1.4731,-70.971
1.4732,-70.959
1.4732,-70.954
1.4733,-70.952
1.4733,-70.951
1.4734,-70.946
1.4734,-70.942
1.4735,-70.941
1.4735,-70.939
1.4736,-70.934
1.4736,-70.932
1.4737,-70.931
1.4737,-70.929
1.4738,-70.929
1.4738,-70.923
1.4739,-70.91
1.4739,-70.903
1.474,-70.903
1.474,-70.903
1.4741,-70.904
1.4741,-70.903
1.4742,-70.903
1.4742,-70.902
1.4743,-70.9
1.4743,-70.904
1.4744,-70.912
1.4744,-70.924
1.4745,-70.918
1.4745,-70.918
1.4746,-70.918
1.4746,-70.929
1.4747,-70.932
1.4747,-70.935
1.4748,-70.937
1.4748,-70.941
1.4749,-70.948
1.4749,-70.951
1.475,-70.948
1.475,-70.945
1.4751,-70.945
1.4751,-70.956
1.4752,-70.967
1.4752,-70.97
1.4753,-70.975
1.4753,-70.977
1.4754,-70.983
1.4754,-70.989
1.4755,-70.99
1.4755,-70.986
1.4756,-70.984
1.4756,-70.986
1.4757,-70.993
1.4757,-71
1.4758,-71
1.4758,-70.999
1.4759,-71.003
1.4759,-71.006
1.476,-71.003
1.476,-71.003
1.4761,-71.003
1.4761,-71.003
1.4762,-71.003
1.4762,-71.006
1.4763,-71.006
1.4763,-71.007
1.4764,-71.007
1.4764,-71.007
1.4765,-71.007
1.4765,-71.003
1.4766,-71
1.4766,-71
1.4767,-70.991
1.4767,-70.981
1.4768,-70.977
1.4768,-70.977
1.4769,-70.975
1.4769,-70.972
1.477,-70.977
1.477,-70.983
1.4771,-70.989
1.4771,-70.988
1.4772,-70.989
1.4772,-70.99
1.4773,-70.995
1.4773,-71.004
1.4774,-71
1.4774,-71
1.4775,-71.003
1.4775,-71.009
1.4776,-71.013
1.4776,-71.022
1.4777,-71.032
1.4777,-71.022
1.4778,-71.022
1.4778,-71.022
1.4779,-71.022
1.4779,-71.022
1.478,-71.022
1.478,-71.028
1.4781,-71.028
1.4781,-71.034
1.4782,-71.034
1.4782,-71.02
1.4783,-71.009
1.4783,-71.007
1.4784,-71.006
1.4784,-71.005
1.4785,-71.006
1.4785,-71.007
1.4786,-71.008
1.4786,-71.001
1.4787,-71
1.4787,-70.987
1.4788,-70.987
1.4788,-70.981
1.4789,-70.98
1.4789,-70.983
1.479,-70.983
1.479,-70.973
1.4791,-70.974
1.4791,-70.986
1.4792,-70.991
1.4792,-70.992
1.4793,-70.993
1.4793,-70.991
1.4794,-70.991
1.4794,-70.992
1.4795,-70.99
1.4795,-70.988
1.4795,-70.987
1.4796,-70.987
1.4796,-70.984
1.4797,-70.983
1.4797,-70.976
1.4798,-70.964
1.4798,-70.969
1.4799,-70.965
1.4799,-70.964
1.48,-70.958
1.48,-70.942
1.4801,-70.928
1.4801,-70.929
1.4802,-70.926
1.4802,-70.921
1.4803,-70.913
1.4803,-70.906
1.4804,-70.886
1.4804,-70.874
1.4805,-70.872
1.4805,-70.876
1.4806,-70.873
1.4806,-70.869
1.4807,-70.869
1.4807,-70.864
1.4808,-70.861
1.4808,-70.861
1.4809,-70.864
1.4809,-70.868
1.481,-70.872
1.481,-70.861
1.4811,-70.845
1.4811,-70.846
1.4812,-70.855
1.4812,-70.866
1.4813,-70.873
1.4813,-70.873
1.4814,-70.87
1.4814,-70.87
1.4815,-70.87
1.4815,-70.884
1.4816,-70.887
1.4816,-70.889
1.4817,-70.892
1.4817,-70.885
1.4818,-70.882
1.4818,-70.878
1.4819,-70.88
1.4819,-70.88
1.482,-70.88
1.482,-70.88
1.4821,-70.878
1.4821,-70.874
1.4822,-70.874
1.4822,-70.873
1.4823,-70.874
1.4823,-70.868
1.4824,-70.868
1.4824,-70.863
1.4825,-70.864
1.4825,-70.864
1.4826,-70.87
1.4826,-70.874
1.4827,-70.874
1.4827,-70.874
1.4828,-70.868
1.4828,-70.869
1.4829,-70.871
1.4829,-70.871
1.483,-70.874
1.483,-70.876
1.4831,-70.87
1.4831,-70.87
1.4832,-70.874
1.4832,-70.874
1.4833,-70.876
1.4833,-70.877
1.4834,-70.877
1.4834,-70.876
1.4835,-70.874
1.4835,-70.865
1.4836,-70.858
1.4836,-70.855
1.4837,-70.845
1.4837,-70.837
1.4838,-70.843
1.4838,-70.843
1.4839,-70.841
1.4839,-70.841
1.484,-70.842
1.484,-70.842
1.4841,-70.851
1.4841,-70.851
1.4842,-70.842
1.4842,-70.843
1.4843,-70.851
1.4843,-70.851
1.4844,-70.854
1.4844,-70.856
1.4845,-70.856
1.4845,-70.856
1.4846,-70.859
1.4846,-70.862
1.4847,-70.862
1.4847,-70.861
1.4848,-70.859
1.4848,-70.861
1.4849,-70.861
1.4849,-70.861
1.485,-70.848
1.485,-70.842
1.4851,-70.822
1.4851,-70.822
1.4852,-70.818
1.4852,-70.813
1.4853,-70.801
1.4853,-70.795
1.4854,-70.778
1.4854,-70.774
1.4855,-70.774
1.4855,-70.77
1.4856,-70.77
1.4856,-70.771
1.4857,-70.774
1.4857,-70.774
1.4858,-70.777
1.4858,-70.787
1.4859,-70.794
1.4859,-70.792
1.486,-70.798
1.486,-70.803
1.4861,-70.81
1.4861,-70.813
1.4862,-70.821
1.4862,-70.826
1.4863,-70.827
1.4863,-70.829
1.4864,-70.832
1.4864,-70.84
1.4865,-70.848
1.4865,-70.854
1.4866,-70.861
1.4866,-70.868
1.4867,-70.884
1.4867,-70.893
1.4868,-70.897
1.4868,-70.9
1.4869,-70.904
1.4869,-70.914
1.487,-70.915
1.487,-70.917
1.4871,-70.914
1.4871,-70.917
1.4872,-70.921
1.4872,-70.921
1.4873,-70.924
1.4873,-70.926
1.4874,-70.932
1.4874,-70.943
1.4875,-70.949
1.4875,-70.954
1.4876,-70.972
1.4876,-70.991
1.4877,-71
1.4877,-71.011
1.4878,-71.011
1.4878,-71.016
1.4879,-71.022
1.4879,-71.028
1.488,-71.028
1.488,-71.039
1.4881,-71.045
1.4881,-71.052
1.4882,-71.057
1.4882,-71.064
1.4883,-71.066
1.4883,-71.068
1.4884,-71.08
1.4884,-71.09
1.4885,-71.09
1.4885,-71.093
1.4886,-71.101
1.4886,-71.112
1.4887,-71.112
1.4887,-71.112
1.4888,-71.112
1.4888,-71.112
1.4889,-71.112
1.4889,-71.112
1.489,-71.119
1.489,-71.119
1.4891,-71.119
1.4891,-71.131
1.4892,-71.128
1.4892,-71.122
1.4893,-71.122
1.4893,-71.114
1.4894,-71.105
1.4894,-71.099
1.4895,-71.094
1.4895,-71.093
1.4896,-71.087
1.4896,-71.087
1.4897,-71.095
1.4897,-71.099
1.4898,-71.099
1.4898,-71.1
1.4899,-71.09
1.4899,-71.086
1.49,-71.082
1.49,-71.089
1.4901,-71.096
1.4901,-71.089
1.4902,-71.088
1.4902,-71.086
1.4903,-71.086
1.4903,-71.086
1.4904,-71.086
1.4904,-71.086
1.4905,-71.086
1.4905,-71.08
1.4906,-71.079
1.4906,-71.077
1.4907,-71.075
1.4907,-71.079
1.4908,-71.079
1.4908,-71.084
1.4909,-71.084
1.4909,-71.083
1.491,-71.083
1.491,-71.083
1.4911,-71.083
1.4911,-71.083
1.4912,-71.08
1.4912,-71.08
1.4913,-71.086
1.4913,-71.091
1.4914,-71.099
1.4914,-71.099
1.4915,-71.099
1.4915,-71.107
1.4916,-71.115
1.4916,-71.12
1.4917,-71.128
1.4917,-71.133
1.4918,-71.138
1.4918,-71.14
1.4919,-71.144
1.4919,-71.144
1.492,-71.145
1.492,-71.149
1.4921,-71.159
1.4921,-71.173
1.4922,-71.178
1.4922,-71.172
1.4923,-71.166
1.4923,-71.166
1.4924,-71.166
1.4924,-71.169
1.4925,-71.169
1.4925,-71.172
1.4926,-71.166
1.4926,-71.177
1.4927,-71.183
1.4927,-71.18
1.4928,-71.18
1.4928,-71.18
1.4929,-71.18
1.4929,-71.17
1.493,-71.16
1.493,-71.163
1.4931,-71.158
1.4931,-71.162
1.4932,-71.165
1.4932,-71.167
1.4932,-71.178
1.4933,-71.175
1.4933,-71.173
1.4934,-71.173
1.4934,-71.175
1.4935,-71.172
1.4935,-71.168
1.4936,-71.161
1.4936,-71.161
1.4937,-71.162
1.4937,-71.164
1.4938,-71.165
1.4938,-71.16
1.4939,-71.157
1.4939,-71.152
1.494,-71.149
1.494,-71.151
1.4941,-71.144
1.4941,-71.138
1.4942,-71.138
1.4942,-71.135
1.4943,-71.133
1.4943,-71.131
1.4944,-71.13
1.4944,-71.127
1.4945,-71.121
1.4945,-71.119
1.4946,-71.119
1.4946,-71.12
1.4947,-71.117
1.4947,-71.112
1.4948,-71.108
1.4948,-71.106
1.4949,-71.103
1.4949,-71.101
1.495,-71.096
1.495,-71.09
1.4951,-71.076
1.4951,-71.059
1.4952,-71.051
1.4952,-71.051
1.4953,-71.049
1.4953,-71.038
1.4954,-71.035
1.4954,-71.021
1.4955,-71.003
1.4955,-70.987
1.4956,-70.968
1.4956,-70.961
1.4957,-70.956
1.4957,-70.951
1.4958,-70.951
1.4958,-70.951
1.4959,-70.951
1.4959,-70.942
1.496,-70.94
1.496,-70.936
1.4961,-70.934
1.4961,-70.933
1.4962,-70.929
1.4962,-70.929
1.4963,-70.929
1.4963,-70.932
1.4964,-70.934
1.4964,-70.931
1.4965,-70.937
1.4965,-70.941
1.4966,-70.943
1.4966,-70.947
1.4967,-70.947
1.4967,-70.948
1.4968,-70.948
1.4968,-70.952
1.4969,-70.954
1.4969,-70.958
1.497,-70.961
1.497,-70.96
1.4971,-70.96
1.4971,-70.96
1.4972,-70.96
1.4972,-70.958
1.4973,-70.954
1.4973,-70.949
1.4974,-70.958
1.4974,-70.964
1.4975,-70.974
1.4975,-70.974
1.4976,-70.982
1.4976,-70.985
1.4977,-70.993
1.4977,-70.996
1.4978,-70.997
1.4978,-70.997
1.4979,-71.003
1.4979,-71.006
1.498,-71.006
1.498,-71.006
1.4981,-71.014
1.4981,-71.023
1.4982,-71.025
1.4982,-71.027
1.4983,-71.029
1.4983,-71.029
1.4984,-71.029
1.4984,-71.03
1.4985,-71.034
1.4985,-71.038
1.4986,-71.041
1.4986,-71.041
1.4987,-71.044
1.4987,-71.052
1.4988,-71.057
1.4988,-71.054
1.4989,-71.057
1.4989,-71.062
1.499,-71.064
1.499,-71.067
1.4991,-71.067
1.4991,-71.063
1.4992,-71.065
1.4992,-71.066
1.4993,-71.062
1.4993,-71.059
1.4994,-71.054
1.4994,-71.048
1.4995,-71.048
1.4995,-71.041
1.4996,-71.05
1.4996,-71.044
1.4997,-71.044
1.4997,-71.042
1.4998,-71.044
1.4998,-71.045
1.4999,-71.044
1.4999,-71.042
1.5,-71.039
1.5,-71.035
1.5001,-71.029
1.5001,-71.024
1.5002,-71.022
1.5002,-71.024
1.5003,-71.029
1.5003,-71.029
1.5004,-71.026
1.5004,-71.024
1.5005,-71.026
1.5005,-71.026
1.5006,-71.03
1.5006,-71.029
1.5007,-71.028
1.5007,-71.022
1.5008,-71.022
1.5008,-71.022
1.5009,-71.02
1.5009,-71.016
1.501,-71.012
1.501,-71.008
1.5011,-71.006
1.5011,-71.006
1.5012,-71.003
1.5012,-71.001
1.5013,-70.999
1.5013,-70.999
1.5014,-70.999
1.5014,-70.996
1.5015,-70.996
1.5015,-70.993
1.5016,-70.986
1.5016,-70.981
1.5017,-70.979
1.5017,-70.973
1.5018,-70.974
1.5018,-70.974
1.5019,-70.977
1.5019,-70.975
1.502,-70.96
1.502,-70.974
1.5021,-70.974
1.5021,-70.977
1.5022,-70.983
1.5022,-70.984
1.5023,-70.984
1.5023,-70.986
1.5024,-70.998
1.5024,-71.012
1.5025,-71.016
1.5025,-71.017
1.5026,-71.017
1.5026,-71.022
1.5027,-71.028
1.5027,-71.032
1.5028,-71.035
1.5028,-71.038
1.5029,-71.048
1.5029,-71.054
1.503,-71.055
1.503,-71.051
1.5031,-71.055
1.5031,-71.06
1.5032,-71.063
1.5032,-71.068
1.5033,-71.067
1.5033,-71.074
1.5034,-71.084
1.5034,-71.095
1.5035,-71.099
1.5035,-71.104
1.5036,-71.103
1.5036,-71.102
1.5037,-71.102
1.5037,-71.102
1.5038,-71.102
1.5038,-71.105
1.5039,-71.102
1.5039,-71.099
1.504,-71.101
1.504,-71.103
1.5041,-71.103
1.5041,-71.103
1.5042,-71.106
1.5042,-71.105
1.5043,-71.097
1.5043,-71.092
1.5044,-71.074
1.5044,-71.066
1.5045,-71.066
1.5045,-71.064
1.5046,-71.078
1.5046,-71.087
1.5047,-71.093
1.5047,-71.093
1.5048,-71.096
1.5048,-71.09
1.5049,-71.085
1.5049,-71.082
1.505,-71.082
1.505,-71.086
1.5051,-71.096
1.5051,-71.106
1.5052,-71.115
1.5052,-71.109
1.5053,-71.11
1.5053,-71.11
1.5054,-71.112
1.5054,-71.105
1.5055,-71.1
1.5055,-71.092
1.5056,-71.084
1.5056,-71.082
1.5057,-71.071
1.5057,-71.059
1.5058,-71.052
1.5058,-71.048
1.5059,-71.048
1.5059,-71.048
1.506,-71.044
1.506,-71.044
1.5061,-71.055
1.5061,-71.061
1.5062,-71.057
1.5062,-71.057
1.5063,-71.057
1.5063,-71.055
1.5064,-71.051
1.5064,-71.051
1.5065,-71.049
1.5065,-71.053
1.5066,-71.052
1.5066,-71.049
1.5067,-71.046
1.5067,-71.041
1.5068,-71.037
1.5068,-71.032
1.5068,-71.03
1.5069,-71.03
1.5069,-71.026
1.507,-71.025
1.507,-71.024
1.5071,-71.022
1.5071,-71.017
1.5072,-71.009
1.5072,-71.003
1.5073,-70.987
1.5073,-70.975
1.5074,-70.966
1.5074,-70.953
1.5075,-70.945
1.5075,-70.941
1.5076,-70.941
1.5076,-70.931
1.5077,-70.921
1.5077,-70.908
1.5078,-70.884
1.5078,-70.774
1.5079,-70.449
1.5079,-70.081
1.508,-69.648
1.508,-69.213
1.5081,-69.027
1.5081,-68.908
1.5082,-68.716
1.5082,-68.638
1.5083,-68.573
1.5083,-68.526
1.5084,-68.485
1.5084,-68.43
1.5085,-68.357
1.5085,-68.287
1.5086,-68.221
1.5086,-68.167
1.5087,-68.137
1.5087,-68.06
1.5088,-67.965
1.5088,-67.923
1.5089,-67.892
1.5089,-67.878
1.509,-67.848
1.509,-67.804
1.5091,-67.771
1.5091,-67.734
1.5092,-67.698
1.5092,-67.678
1.5093,-67.638
1.5093,-67.586
1.5094,-67.543
1.5094,-67.506
1.5095,-67.482
1.5095,-67.456
1.5096,-67.433
1.5096,-67.423
1.5097,-67.409
1.5097,-67.39
1.5098,-67.346
1.5098,-67.306
1.5099,-67.282
1.5099,-67.266
1.51,-67.24
1.51,-67.205
1.5101,-67.175
1.5101,-67.142
1.5102,-67.101
1.5102,-67.068
1.5103,-67.038
1.5103,-67.001
1.5104,-66.961
1.5104,-66.906
1.5105,-66.867
1.5105,-66.834
1.5106,-66.801
1.5106,-66.792
1.5107,-66.773
1.5107,-66.738
1.5108,-66.691
1.5108,-66.655
1.5109,-66.644
1.5109,-66.627
1.511,-66.598
1.511,-66.565
1.5111,-66.545
1.5111,-66.534
1.5112,-66.518
1.5112,-66.504
1.5113,-66.488
1.5113,-66.458
1.5114,-66.418
1.5114,-66.394
1.5115,-66.371
1.5115,-66.346
1.5116,-66.33
1.5116,-66.301
1.5117,-66.273
1.5117,-66.249
1.5118,-66.22
1.5118,-66.197
1.5119,-66.177
1.5119,-66.166
1.512,-66.16
1.512,-66.152
1.5121,-66.142
1.5121,-66.111
1.5122,-66.074
1.5122,-66.04
1.5123,-66.013
1.5123,-66.003
1.5124,-65.992
1.5124,-65.982
1.5125,-65.971
1.5125,-65.951
1.5126,-65.937
1.5126,-65.927
1.5127,-65.915
1.5127,-65.891
1.5128,-65.847
1.5128,-65.801
1.5129,-65.776
1.5129,-65.768
1.513,-65.754
1.513,-65.738
1.5131,-65.728
1.5131,-65.715
1.5132,-65.702
1.5132,-65.695
1.5133,-65.685
1.5133,-65.673
1.5134,-65.661
1.5134,-65.646
1.5135,-65.633
1.5135,-65.625
1.5136,-65.618
1.5136,-65.603
1.5137,-65.588
1.5137,-65.574
1.5138,-65.559
1.5138,-65.542
1.5139,-65.527
1.5139,-65.513
1.514,-65.497
1.514,-65.474
1.5141,-65.426
1.5141,-65.382
1.5142,-65.366
1.5142,-65.365
1.5143,-65.362
1.5143,-65.357
1.5144,-65.352
1.5144,-65.342
1.5145,-65.329
1.5145,-65.316
1.5146,-65.303
1.5146,-65.295
1.5147,-65.291
1.5147,-65.283
1.5148,-65.27
1.5148,-65.255
1.5149,-65.243
1.5149,-65.234
1.515,-65.216
1.515,-65.191
1.5151,-65.159
1.5151,-65.128
1.5152,-65.088
1.5152,-65.048
1.5153,-65.02
1.5153,-64.972
1.5154,-64.907
1.5154,-64.904
1.5155,-64.898
1.5155,-64.893
1.5156,-64.878
1.5156,-64.862
1.5157,-64.845
1.5157,-64.834
1.5158,-64.824
1.5158,-64.811
1.5159,-64.799
1.5159,-64.795
1.516,-64.788
1.516,-64.784
1.5161,-64.77
1.5161,-64.758
1.5162,-64.751
1.5162,-64.749
1.5163,-64.732
1.5163,-64.702
1.5164,-64.663
1.5164,-64.633
1.5165,-64.624
1.5165,-64.622
1.5166,-64.617
1.5166,-64.613
1.5167,-64.604
1.5167,-64.595
1.5168,-64.594
1.5168,-64.589
1.5169,-64.576
1.5169,-64.555
1.517,-64.543
1.517,-64.536
1.5171,-64.531
1.5171,-64.524
1.5172,-64.515
1.5172,-64.51
1.5173,-64.505
1.5173,-64.495
1.5174,-64.489
1.5174,-64.486
1.5175,-64.481
1.5175,-64.474
1.5176,-64.46
1.5176,-64.45
1.5177,-64.444
1.5177,-64.428
1.5178,-64.406
1.5178,-64.396
1.5179,-64.386
1.5179,-64.369
1.518,-64.36
1.518,-64.349
1.5181,-64.344
1.5181,-64.344
1.5182,-64.338
1.5182,-64.332
1.5183,-64.326
1.5183,-64.317
1.5184,-64.312
1.5184,-64.311
1.5185,-64.305
1.5185,-64.304
1.5186,-64.304
1.5186,-64.302
1.5187,-64.299
1.5187,-64.298
1.5188,-64.297
1.5188,-64.296
1.5189,-64.293
1.5189,-64.293
1.519,-64.293
1.519,-64.288
1.5191,-64.287
1.5191,-64.284
1.5192,-64.277
1.5192,-64.273
1.5193,-64.271
1.5193,-64.271
1.5194,-64.271
1.5194,-64.27
1.5195,-64.267
1.5195,-64.267
1.5196,-64.267
1.5196,-64.26
1.5197,-64.255
1.5197,-64.247
1.5198,-64.24
1.5198,-64.239
1.5199,-64.239
1.5199,-64.239
1.52,-64.231
1.52,-64.212
1.5201,-64.196
1.5201,-64.188
1.5202,-64.181
1.5202,-64.176
1.5203,-64.169
1.5203,-64.17
1.5204,-64.172
1.5204,-64.172
1.5205,-64.17
1.5205,-64.161
1.5205,-64.149
1.5206,-64.142
1.5206,-64.136
1.5207,-64.129
1.5207,-64.123
1.5208,-64.113
1.5208,-64.107
1.5209,-64.103
1.5209,-64.086
1.521,-64.078
1.521,-64.053
1.5211,-64.043
1.5211,-64.036
1.5212,-64.025
1.5212,-64.008
1.5213,-63.981
1.5213,-63.978
1.5214,-63.974
1.5214,-63.967
1.5215,-63.956
1.5215,-63.945
1.5216,-63.942
1.5216,-63.932
1.5217,-63.916
1.5217,-63.909
1.5218,-63.901
1.5218,-63.897
1.5219,-63.894
1.5219,-63.887
1.522,-63.873
1.522,-63.839
1.5221,-63.805
1.5221,-63.79
1.5222,-63.785
1.5222,-63.781
1.5223,-63.768
1.5223,-63.758
1.5224,-63.749
1.5224,-63.739
1.5225,-63.73
1.5225,-63.723
1.5226,-63.716
1.5226,-63.708
1.5227,-63.698
1.5227,-63.693
1.5228,-63.692
1.5228,-63.689
1.5229,-63.681
1.5229,-63.675
1.523,-63.672
1.523,-63.666
1.5231,-63.659
1.5231,-63.657
1.5232,-63.656
1.5232,-63.649
1.5233,-63.642
1.5233,-63.639
1.5234,-63.635
1.5234,-63.629
1.5235,-63.625
1.5235,-63.623
1.5236,-63.623
1.5236,-63.621
1.5237,-63.618
1.5237,-63.615
1.5238,-63.613
1.5238,-63.606
1.5239,-63.596
1.5239,-63.59
1.524,-63.584
1.524,-63.581
1.5241,-63.575
1.5241,-63.57
1.5242,-63.57
1.5242,-63.569
1.5243,-63.566
1.5243,-63.561
1.5244,-63.558
1.5244,-63.556
1.5245,-63.548
1.5245,-63.541
1.5246,-63.537
1.5246,-63.531
1.5247,-63.529
1.5247,-63.528
1.5248,-63.525
1.5248,-63.524
1.5249,-63.525
1.5249,-63.527
1.525,-63.527
1.525,-63.523
1.5251,-63.51
1.5251,-63.499
1.5252,-63.482
1.5252,-63.453
1.5253,-63.438
1.5253,-63.432
1.5254,-63.424
1.5254,-63.421
1.5255,-63.414
1.5255,-63.409
1.5256,-63.408
1.5256,-63.411
1.5257,-63.413
1.5257,-63.416
1.5258,-63.417
1.5258,-63.415
1.5259,-63.412
1.5259,-63.414
1.526,-63.411
1.526,-63.406
1.5261,-63.396
1.5261,-63.391
1.5262,-63.383
1.5262,-63.362
1.5263,-63.349
1.5263,-63.345
1.5264,-63.341
1.5264,-63.34
1.5265,-63.343
1.5265,-63.35
1.5266,-63.355
1.5266,-63.358
1.5267,-63.362
1.5267,-63.362
1.5268,-63.362
1.5268,-63.366
1.5269,-63.365
1.5269,-63.37
1.527,-63.37
1.527,-63.376
1.5271,-63.385
1.5271,-63.386
1.5272,-63.386
1.5272,-63.386
1.5273,-63.394
1.5273,-63.397
1.5274,-63.397
1.5274,-63.397
1.5275,-63.397
1.5275,-63.4
1.5276,-63.401
1.5276,-63.401
1.5277,-63.4
1.5277,-63.404
1.5278,-63.413
1.5278,-63.42
1.5279,-63.42
1.5279,-63.423
1.528,-63.425
1.528,-63.425
1.5281,-63.429
1.5281,-63.436
1.5282,-63.436
1.5282,-63.432
1.5283,-63.436
1.5283,-63.449
1.5284,-63.455
1.5284,-63.456
1.5285,-63.449
1.5285,-63.45
1.5286,-63.452
1.5286,-63.449
1.5287,-63.444
1.5287,-63.442
1.5288,-63.442
1.5288,-63.444
1.5289,-63.446
1.5289,-63.452
1.529,-63.449
1.529,-63.445
1.5291,-63.441
1.5291,-63.436
1.5292,-63.433
1.5292,-63.433
1.5293,-63.431
1.5293,-63.43
1.5294,-63.428
1.5294,-63.424
1.5295,-63.42
1.5295,-63.417
1.5296,-63.394
1.5296,-63.364
1.5297,-63.362
1.5297,-63.363
1.5298,-63.366
1.5298,-63.373
1.5299,-63.379
1.5299,-63.38
1.53,-63.38
1.53,-63.375
1.5301,-63.368
1.5301,-63.364
1.5302,-63.363
1.5302,-63.365
1.5303,-63.366
1.5303,-63.366
1.5304,-63.366
1.5304,-63.366
1.5305,-63.369
1.5305,-63.379
1.5306,-63.379
1.5306,-63.375
1.5307,-63.372
1.5307,-63.375
1.5308,-63.375
1.5308,-63.375
1.5309,-63.369
1.5309,-63.364
1.531,-63.366
1.531,-63.369
1.5311,-63.371
1.5311,-63.369
1.5312,-63.366
1.5312,-63.368
1.5313,-63.375
1.5313,-63.382
1.5314,-63.379
1.5314,-63.378
1.5315,-63.378
1.5315,-63.378
1.5316,-63.381
1.5316,-63.388
1.5317,-63.394
1.5317,-63.393
1.5318,-63.395
1.5318,-63.397
1.5319,-63.406
1.5319,-63.397
1.532,-63.392
1.532,-63.39
1.5321,-63.391
1.5321,-63.385
1.5322,-63.382
1.5322,-63.382
1.5323,-63.382
1.5323,-63.383
1.5324,-63.385
1.5324,-63.388
1.5325,-63.388
1.5325,-63.393
1.5326,-63.395
1.5326,-63.399
1.5327,-63.399
1.5327,-63.41
1.5328,-63.411
1.5328,-63.4
1.5329,-63.391
1.5329,-63.394
1.533,-63.395
1.533,-63.4
1.5331,-63.395
1.5331,-63.396
1.5332,-63.398
1.5332,-63.403
1.5333,-63.408
1.5333,-63.408
1.5334,-63.408
1.5334,-63.419
1.5335,-63.424
1.5335,-63.414
1.5336,-63.411
1.5336,-63.411
1.5337,-63.414
1.5337,-63.414
1.5338,-63.414
1.5338,-63.414
1.5339,-63.417
1.5339,-63.425
1.534,-63.432
1.534,-63.434
1.5341,-63.436
1.5341,-63.434
1.5342,-63.432
1.5342,-63.44
1.5342,-63.432
1.5343,-63.434
1.5343,-63.436
1.5344,-63.437
1.5344,-63.438
1.5345,-63.438
1.5345,-63.439
1.5346,-63.446
1.5346,-63.449
1.5347,-63.444
1.5347,-63.439
1.5348,-63.435
1.5348,-63.435
1.5349,-63.431
1.5349,-63.427
1.535,-63.426
1.535,-63.419
1.5351,-63.413
1.5351,-63.418
1.5352,-63.413
1.5352,-63.41
1.5353,-63.417
1.5353,-63.417
1.5354,-63.424
1.5354,-63.418
1.5355,-63.412
1.5355,-63.411
1.5356,-63.407
1.5356,-63.406
1.5357,-63.407
1.5357,-63.409
1.5358,-63.409
1.5358,-63.405
1.5359,-63.4
1.5359,-63.397
1.536,-63.395
1.536,-63.396
1.5361,-63.4
1.5361,-63.402
1.5362,-63.406
1.5362,-63.411
1.5363,-63.411
1.5363,-63.411
1.5364,-63.414
1.5364,-63.412
1.5365,-63.405
1.5365,-63.411
1.5366,-63.411
1.5366,-63.411
1.5367,-63.411
1.5367,-63.419
1.5368,-63.42
1.5368,-63.421
1.5369,-63.419
1.5369,-63.415
1.537,-63.411
1.537,-63.408
1.5371,-63.404
1.5371,-63.407
1.5372,-63.414
1.5372,-63.418
1.5373,-63.42
1.5373,-63.427
1.5374,-63.433
1.5374,-63.442
1.5375,-63.442
1.5375,-63.442
1.5376,-63.442
1.5376,-63.442
1.5377,-63.447
1.5377,-63.443
1.5378,-63.445
1.5378,-63.45
1.5379,-63.459
1.5379,-63.465
1.538,-63.467
1.538,-63.467
1.5381,-63.469
1.5381,-63.468
1.5382,-63.468
1.5382,-63.463
1.5383,-63.458
1.5383,-63.461
1.5384,-63.463
1.5384,-63.468
1.5385,-63.47
1.5385,-63.465
1.5386,-63.462
1.5386,-63.461
1.5387,-63.458
1.5387,-63.453
1.5388,-63.446
1.5388,-63.448
1.5389,-63.44
1.5389,-63.44
1.539,-63.446
1.539,-63.456
1.5391,-63.454
1.5391,-63.453
1.5392,-63.452
1.5392,-63.446
1.5393,-63.438
1.5393,-63.428
1.5394,-63.43
1.5394,-63.428
1.5395,-63.42
1.5395,-63.411
1.5396,-63.406
1.5396,-63.398
1.5397,-63.388
1.5397,-63.382
1.5398,-63.376
1.5398,-63.376
1.5399,-63.373
1.5399,-63.374
1.54,-63.369
1.54,-63.358
1.5401,-63.348
1.5401,-63.343
1.5402,-63.342
1.5402,-63.337
1.5403,-63.335
1.5403,-63.333
1.5404,-63.329
1.5404,-63.324
1.5405,-63.321
1.5405,-63.318
1.5406,-63.317
1.5406,-63.308
1.5407,-63.304
1.5407,-63.299
1.5408,-63.286
1.5408,-63.284
1.5409,-63.285
1.5409,-63.278
1.541,-63.268
1.541,-63.265
1.5411,-63.26
1.5411,-63.256
1.5412,-63.252
1.5412,-63.252
1.5413,-63.256
1.5413,-63.26
1.5414,-63.262
1.5414,-63.266
1.5415,-63.262
1.5415,-63.26
1.5416,-63.26
1.5416,-63.26
1.5417,-63.262
1.5417,-63.266
1.5418,-63.266
1.5418,-63.27
1.5419,-63.274
1.5419,-63.28
1.542,-63.28
1.542,-63.282
1.5421,-63.282
1.5421,-63.281
1.5422,-63.275
1.5422,-63.275
1.5423,-63.27
1.5423,-63.265
1.5424,-63.265
1.5424,-63.269
1.5425,-63.271
1.5425,-63.271
1.5426,-63.266
1.5426,-63.268
1.5427,-63.279
1.5427,-63.285
1.5428,-63.292
1.5428,-63.293
1.5429,-63.295
1.5429,-63.295
1.543,-63.297
1.543,-63.3
1.5431,-63.303
1.5431,-63.303
1.5432,-63.304
1.5432,-63.305
1.5433,-63.305
1.5433,-63.307
1.5434,-63.31
1.5434,-63.313
1.5435,-63.321
1.5435,-63.327
1.5436,-63.33
1.5436,-63.322
1.5437,-63.322
1.5437,-63.322
1.5438,-63.325
1.5438,-63.321
1.5439,-63.322
1.5439,-63.325
1.544,-63.334
1.544,-63.343
1.5441,-63.343
1.5441,-63.346
1.5442,-63.346
1.5442,-63.35
1.5443,-63.353
1.5443,-63.356
1.5444,-63.358
1.5444,-63.358
1.5445,-63.359
1.5445,-63.359
1.5446,-63.36
1.5446,-63.36
1.5447,-63.363
1.5447,-63.362
1.5448,-63.362
1.5448,-63.362
1.5449,-63.363
1.5449,-63.375
1.545,-63.382
1.545,-63.384
1.5451,-63.396
1.5451,-63.407
1.5452,-63.407
1.5452,-63.41
1.5453,-63.423
1.5453,-63.434
1.5454,-63.451
1.5454,-63.464
1.5455,-63.467
1.5455,-63.471
1.5456,-63.485
1.5456,-63.501
1.5457,-63.514
1.5457,-63.52
1.5458,-63.52
1.5458,-63.521
1.5459,-63.523
1.5459,-63.533
1.546,-63.546
1.546,-63.552
1.5461,-63.556
1.5461,-63.556
1.5462,-63.556
1.5462,-63.559
1.5463,-63.568
1.5463,-63.568
1.5464,-63.577
1.5464,-63.584
1.5465,-63.588
1.5465,-63.591
1.5466,-63.594
1.5466,-63.597
1.5467,-63.6
1.5467,-63.604
1.5468,-63.606
1.5468,-63.606
1.5469,-63.606
1.5469,-63.615
1.547,-63.617
1.547,-63.617
1.5471,-63.622
1.5471,-63.626
1.5472,-63.63
1.5472,-63.631
1.5473,-63.633
1.5473,-63.633
1.5474,-63.636
1.5474,-63.633
1.5475,-63.628
1.5475,-63.633
1.5476,-63.642
1.5476,-63.65
1.5477,-63.651
1.5477,-63.658
1.5478,-63.662
1.5478,-63.659
1.5479,-63.652
1.5479,-63.648
1.5479,-63.646
1.548,-63.643
1.548,-63.642
1.5481,-63.633
1.5481,-63.63
1.5482,-63.634
1.5482,-63.633
1.5483,-63.639
1.5483,-63.64
1.5484,-63.633
1.5484,-63.612
1.5485,-63.599
1.5485,-63.597
1.5486,-63.594
1.5486,-63.59
1.5487,-63.574
1.5487,-63.562
1.5488,-63.559
1.5488,-63.556
1.5489,-63.553
1.5489,-63.546
1.549,-63.542
1.549,-63.538
1.5491,-63.532
1.5491,-63.526
1.5492,-63.524
1.5492,-63.522
1.5493,-63.52
1.5493,-63.52
1.5494,-63.518
1.5494,-63.514
1.5495,-63.51
1.5495,-63.51
1.5496,-63.51
1.5496,-63.51
1.5497,-63.51
1.5497,-63.513
1.5498,-63.514
1.5498,-63.514
1.5499,-63.52
1.5499,-63.515
1.55,-63.516
1.55,-63.514
1.5501,-63.512
1.5501,-63.511
1.5502,-63.515
1.5502,-63.514
1.5503,-63.517
1.5503,-63.521
1.5504,-63.527
1.5504,-63.533
1.5505,-63.533
1.5505,-63.533
1.5506,-63.537
1.5506,-63.541
1.5507,-63.541
1.5507,-63.542
1.5508,-63.544
1.5508,-63.545
1.5509,-63.542
1.5509,-63.539
1.551,-63.539
1.551,-63.543
1.5511,-63.546
1.5511,-63.551
1.5512,-63.556
1.5512,-63.56
1.5513,-63.559
1.5513,-63.562
1.5514,-63.561
1.5514,-63.559
1.5515,-63.556
1.5515,-63.559
1.5516,-63.562
1.5516,-63.566
1.5517,-63.568
1.5517,-63.572
1.5518,-63.575
1.5518,-63.575
1.5519,-63.574
1.5519,-63.568
1.552,-63.564
1.552,-63.562
1.5521,-63.557
1.5521,-63.553
1.5522,-63.551
1.5522,-63.549
1.5523,-63.552
1.5523,-63.556
1.5524,-63.558
1.5524,-63.561
1.5525,-63.557
1.5525,-63.562
1.5526,-63.559
1.5526,-63.56
1.5527,-63.562
1.5527,-63.562
1.5528,-63.568
1.5528,-63.568
1.5529,-63.568
1.5529,-63.568
1.553,-63.571
1.553,-63.564
1.5531,-63.557
1.5531,-63.556
1.5532,-63.555
1.5532,-63.56
1.5533,-63.565
1.5533,-63.562
1.5534,-63.573
1.5534,-63.577
1.5535,-63.579
1.5535,-63.59
1.5536,-63.591
1.5536,-63.594
1.5537,-63.596
1.5537,-63.598
1.5538,-63.598
1.5538,-63.598
1.5539,-63.61
1.5539,-63.618
1.554,-63.623
1.554,-63.626
1.5541,-63.636
1.5541,-63.643
1.5542,-63.651
1.5542,-63.653
1.5543,-63.661
1.5543,-63.673
1.5544,-63.678
1.5544,-63.684
1.5545,-63.689
1.5545,-63.691
1.5546,-63.694
1.5546,-63.698
1.5547,-63.703
1.5547,-63.709
1.5548,-63.71
1.5548,-63.712
1.5549,-63.714
1.5549,-63.714
1.555,-63.713
1.555,-63.716
1.5551,-63.722
1.5551,-63.732
1.5552,-63.741
1.5552,-63.742
1.5553,-63.742
1.5553,-63.742
1.5554,-63.742
1.5554,-63.742
1.5555,-63.742
1.5555,-63.745
1.5556,-63.747
1.5556,-63.747
1.5557,-63.745
1.5557,-63.742
1.5558,-63.742
1.5558,-63.742
1.5559,-63.739
1.5559,-63.737
1.556,-63.735
1.556,-63.733
1.5561,-63.724
1.5561,-63.717
1.5562,-63.717
1.5562,-63.713
1.5563,-63.717
1.5563,-63.707
1.5564,-63.704
1.5564,-63.704
1.5565,-63.704
1.5565,-63.694
1.5566,-63.687
1.5566,-63.687
1.5567,-63.684
1.5567,-63.687
1.5568,-63.687
1.5568,-63.683
1.5569,-63.678
1.5569,-63.679
1.557,-63.678
1.557,-63.675
1.5571,-63.675
1.5571,-63.675
1.5572,-63.664
1.5572,-63.652
1.5573,-63.653
1.5573,-63.655
1.5574,-63.661
1.5574,-63.661
1.5575,-63.666
1.5575,-63.669
1.5576,-63.665
1.5576,-63.665
1.5577,-63.665
1.5577,-63.659
1.5578,-63.658
1.5578,-63.656
1.5579,-63.655
1.5579,-63.655
1.558,-63.659
1.558,-63.663
1.5581,-63.668
1.5581,-63.668
1.5582,-63.677
1.5582,-63.681
1.5583,-63.681
1.5583,-63.677
1.5584,-63.678
1.5584,-63.682
1.5585,-63.683
1.5585,-63.68
1.5586,-63.679
1.5586,-63.675
1.5587,-63.668
1.5587,-63.668
1.5588,-63.679
1.5588,-63.682
1.5589,-63.679
1.5589,-63.675
1.559,-63.684
1.559,-63.687
1.5591,-63.69
1.5591,-63.687
1.5592,-63.694
1.5592,-63.7
1.5593,-63.7
1.5593,-63.699
1.5594,-63.697
1.5594,-63.695
1.5595,-63.694
1.5595,-63.691
1.5596,-63.694
1.5596,-63.696
1.5597,-63.697
1.5597,-63.694
1.5598,-63.694
1.5598,-63.691
1.5599,-63.684
1.5599,-63.681
1.56,-63.667
1.56,-63.656
1.5601,-63.65
1.5601,-63.643
1.5602,-63.639
1.5602,-63.636
1.5603,-63.632
1.5603,-63.625
1.5604,-63.616
1.5604,-63.602
1.5605,-63.537
1.5605,-63.466
1.5606,-63.42
1.5606,-63.397
1.5607,-63.381
1.5607,-63.362
1.5608,-63.351
1.5608,-63.353
1.5609,-63.346
1.5609,-63.343
1.561,-63.34
1.561,-63.338
1.5611,-63.338
1.5611,-63.34
1.5612,-63.343
1.5612,-63.343
1.5613,-63.346
1.5613,-63.348
1.5614,-63.339
1.5614,-63.335
1.5615,-63.329
1.5615,-63.325
1.5616,-63.323
1.5616,-63.325
1.5616,-63.325
1.5617,-63.325
1.5617,-63.323
1.5618,-63.323
1.5618,-63.323
1.5619,-63.323
1.5619,-63.32
1.562,-63.318
1.562,-63.318
1.5621,-63.318
1.5621,-63.317
1.5622,-63.317
1.5622,-63.316
1.5623,-63.317
1.5623,-63.321
1.5624,-63.327
1.5624,-63.327
1.5625,-63.325
1.5625,-63.321
1.5626,-63.324
1.5626,-63.311
1.5627,-63.315
1.5627,-63.322
1.5628,-63.33
1.5628,-63.335
1.5629,-63.34
1.5629,-63.337
1.563,-63.332
1.563,-63.332
1.5631,-63.337
1.5631,-63.337
1.5632,-63.337
1.5632,-63.337
1.5633,-63.335
1.5633,-63.335
1.5634,-63.335
1.5634,-63.325
1.5635,-63.318
1.5635,-63.316
1.5636,-63.309
1.5636,-63.301
1.5637,-63.298
1.5637,-63.295
1.5638,-63.291
1.5638,-63.288
1.5639,-63.292
1.5639,-63.292
1.564,-63.29
1.564,-63.289
1.5641,-63.289
1.5641,-63.295
1.5642,-63.304
1.5642,-63.304
1.5643,-63.304
1.5643,-63.307
1.5644,-63.314
1.5644,-63.32
1.5645,-63.324
1.5645,-63.324
1.5646,-63.324
1.5646,-63.337
1.5647,-63.352
1.5647,-63.359
1.5648,-63.362
1.5648,-63.361
1.5649,-63.358
1.5649,-63.364
1.565,-63.372
1.565,-63.379
1.5651,-63.383
1.5651,-63.393
1.5652,-63.399
1.5652,-63.401
1.5653,-63.404
1.5653,-63.406
1.5654,-63.414
1.5654,-63.424
1.5655,-63.427
1.5655,-63.431
1.5656,-63.436
1.5656,-63.444
1.5657,-63.454
1.5657,-63.458
1.5658,-63.462
1.5658,-63.475
1.5659,-63.487
1.5659,-63.491
1.566,-63.495
1.566,-63.496
1.5661,-63.504
1.5661,-63.517
1.5662,-63.522
1.5662,-63.532
1.5663,-63.536
1.5663,-63.537
1.5664,-63.542
1.5664,-63.543
1.5665,-63.545
1.5665,-63.55
1.5666,-63.552
1.5666,-63.56
1.5667,-63.565
1.5667,-63.563
1.5668,-63.564
1.5668,-63.564
1.5669,-63.568
1.5669,-63.574
1.567,-63.581
1.567,-63.589
1.5671,-63.596
1.5671,-63.601
1.5672,-63.604
1.5672,-63.609
1.5673,-63.612
1.5673,-63.617
1.5674,-63.622
1.5674,-63.623
1.5675,-63.626
1.5675,-63.627
1.5676,-63.631
1.5676,-63.633
1.5677,-63.63
1.5677,-63.63
1.5678,-63.633
1.5678,-63.638
1.5679,-63.644
1.5679,-63.644
1.568,-63.647
1.568,-63.649
1.5681,-63.649
1.5681,-63.639
1.5682,-63.637
1.5682,-63.637
1.5683,-63.64
1.5683,-63.642
1.5684,-63.64
1.5684,-63.65
1.5685,-63.646
1.5685,-63.652
1.5686,-63.652
1.5686,-63.659
1.5687,-63.667
1.5687,-63.671
1.5688,-63.678
1.5688,-63.684
1.5689,-63.684
1.5689,-63.7
1.569,-63.712
1.569,-63.723
1.5691,-63.723
1.5691,-63.726
1.5692,-63.736
1.5692,-63.743
1.5693,-63.751
1.5693,-63.758
1.5694,-63.762
1.5694,-63.76
1.5695,-63.762
1.5695,-63.765
1.5696,-63.771
1.5696,-63.777
1.5697,-63.771
1.5697,-63.772
1.5698,-63.778
1.5698,-63.78
1.5699,-63.781
1.5699,-63.784
1.57,-63.784
1.57,-63.794
1.5701,-63.807
1.5701,-63.815
1.5702,-63.816
1.5702,-63.816
1.5703,-63.818
1.5703,-63.818
1.5704,-63.818
1.5704,-63.819
1.5705,-63.813
1.5705,-63.8
1.5706,-63.813
1.5706,-63.823
1.5707,-63.829
1.5707,-63.829
1.5708,-63.833
1.5708,-63.837
1.5709,-63.84
1.5709,-63.839
1.571,-63.843
1.571,-63.839
1.5711,-63.842
1.5711,-63.84
1.5712,-63.838
1.5712,-63.835
1.5713,-63.835
1.5713,-63.827
1.5714,-63.826
1.5714,-63.826
1.5715,-63.826
1.5715,-63.821
1.5716,-63.82
1.5716,-63.819
1.5717,-63.81
1.5717,-63.799
1.5718,-63.794
1.5718,-63.78
1.5719,-63.774
1.5719,-63.771
1.572,-63.768
1.572,-63.762
1.5721,-63.756
1.5721,-63.75
1.5722,-63.744
1.5722,-63.734
1.5723,-63.734
1.5723,-63.734
1.5724,-63.722
1.5724,-63.714
1.5725,-63.711
1.5725,-63.71
1.5726,-63.71
1.5726,-63.713
1.5727,-63.713
1.5727,-63.715
1.5728,-63.717
1.5728,-63.717
1.5729,-63.717
1.5729,-63.723
1.573,-63.727
1.573,-63.733
1.5731,-63.746
1.5731,-63.746
1.5732,-63.752
1.5732,-63.761
1.5733,-63.774
1.5733,-63.782
1.5734,-63.79
1.5734,-63.794
1.5735,-63.81
1.5735,-63.818
1.5736,-63.823
1.5736,-63.831
1.5737,-63.838
1.5737,-63.831
1.5738,-63.831
1.5738,-63.838
1.5739,-63.845
1.5739,-63.848
1.574,-63.851
1.574,-63.855
1.5741,-63.855
1.5741,-63.855
1.5742,-63.857
1.5742,-63.859
1.5743,-63.858
1.5743,-63.856
1.5744,-63.86
1.5744,-63.87
1.5745,-63.872
1.5745,-63.875
1.5746,-63.878
1.5746,-63.881
1.5747,-63.884
1.5747,-63.886
1.5748,-63.883
1.5748,-63.88
1.5749,-63.883
1.5749,-63.886
1.575,-63.888
1.575,-63.892
1.5751,-63.891
1.5751,-63.892
1.5752,-63.899
1.5752,-63.903
1.5753,-63.905
1.5753,-63.905
1.5753,-63.902
1.5754,-63.901
1.5754,-63.904
1.5755,-63.905
1.5755,-63.9
1.5756,-63.897
1.5756,-63.896
1.5757,-63.901
1.5757,-63.908
1.5758,-63.906
1.5758,-63.904
1.5759,-63.893
1.5759,-63.887
1.576,-63.884
1.576,-63.867
1.5761,-63.858
1.5761,-63.842
1.5762,-63.829
1.5762,-63.807
1.5763,-63.79
1.5763,-63.781
1.5764,-63.774
1.5764,-63.756
1.5765,-63.74
1.5765,-63.73
1.5766,-63.722
1.5766,-63.711
1.5767,-63.705
1.5767,-63.705
1.5768,-63.697
1.5768,-63.689
1.5769,-63.681
1.5769,-63.645
1.577,-63.601
1.577,-63.584
1.5771,-63.575
1.5771,-63.561
1.5772,-63.561
1.5772,-63.561
1.5773,-63.562
1.5773,-63.559
1.5774,-63.561
1.5774,-63.561
1.5775,-63.559
1.5775,-63.559
1.5776,-63.559
1.5776,-63.559
1.5777,-63.557
1.5777,-63.549
1.5778,-63.542
1.5778,-63.543
1.5779,-63.545
1.5779,-63.536
1.578,-63.531
1.578,-63.531
1.5781,-63.531
1.5781,-63.531
1.5782,-63.527
1.5782,-63.524
1.5783,-63.524
1.5783,-63.52
1.5784,-63.519
1.5784,-63.516
1.5785,-63.514
1.5785,-63.514
1.5786,-63.514
1.5786,-63.514
1.5787,-63.514
1.5787,-63.514
1.5788,-63.517
1.5788,-63.52
1.5789,-63.524
1.5789,-63.53
1.579,-63.536
1.579,-63.539
1.5791,-63.546
1.5791,-63.554
1.5792,-63.558
1.5792,-63.582
1.5793,-63.609
1.5793,-63.617
1.5794,-63.617
1.5794,-63.617
1.5795,-63.62
1.5795,-63.621
1.5796,-63.621
1.5796,-63.621
1.5797,-63.623
1.5797,-63.606
1.5798,-63.583
1.5798,-63.585
1.5799,-63.594
1.5799,-63.585
1.58,-63.594
1.58,-63.609
1.5801,-63.609
1.5801,-63.616
1.5802,-63.623
1.5802,-63.629
1.5803,-63.624
1.5803,-63.633
1.5804,-63.639
1.5804,-63.64
1.5805,-63.643
1.5805,-63.651
1.5806,-63.659
1.5806,-63.662
1.5807,-63.668
1.5807,-63.667
1.5808,-63.667
1.5808,-63.671
1.5809,-63.667
1.5809,-63.659
1.581,-63.665
1.581,-63.665
1.5811,-63.671
1.5811,-63.671
1.5812,-63.673
1.5812,-63.675
1.5813,-63.672
1.5813,-63.675
1.5814,-63.675
1.5814,-63.677
1.5815,-63.681
1.5815,-63.687
1.5816,-63.683
1.5816,-63.688
1.5817,-63.699
1.5817,-63.708
1.5818,-63.707
1.5818,-63.706
1.5819,-63.71
1.5819,-63.713
1.582,-63.714
1.582,-63.711
1.5821,-63.711
1.5821,-63.711
1.5822,-63.716
1.5822,-63.72
1.5823,-63.72
1.5823,-63.72
1.5824,-63.717
1.5824,-63.717
1.5825,-63.716
1.5825,-63.712
1.5826,-63.704
1.5826,-63.694
1.5827,-63.691
1.5827,-63.69
1.5828,-63.684
1.5828,-63.674
1.5829,-63.668
1.5829,-63.668
1.583,-63.668
1.583,-63.668
1.5831,-63.668
1.5831,-63.665
1.5832,-63.66
1.5832,-63.656
1.5833,-63.656
1.5833,-63.656
1.5834,-63.654
1.5834,-63.659
1.5835,-63.666
1.5835,-63.668
1.5836,-63.671
1.5836,-63.672
1.5837,-63.676
1.5837,-63.685
1.5838,-63.685
1.5838,-63.684
1.5839,-63.697
1.5839,-63.704
1.584,-63.705
1.584,-63.709
1.5841,-63.717
1.5841,-63.726
1.5842,-63.737
1.5842,-63.75
1.5843,-63.758
1.5843,-63.768
1.5844,-63.769
1.5844,-63.771
1.5845,-63.775
1.5845,-63.778
1.5846,-63.777
1.5846,-63.768
1.5847,-63.757
1.5847,-63.75
1.5848,-63.75
1.5848,-63.745
1.5849,-63.742
1.5849,-63.746
1.585,-63.743
1.585,-63.743
1.5851,-63.738
1.5851,-63.705
1.5852,-63.678
1.5852,-63.671
1.5853,-63.678
1.5853,-63.686
1.5854,-63.684
1.5854,-63.677
1.5855,-63.67
1.5855,-63.66
1.5856,-63.646
1.5856,-63.646
1.5857,-63.639
1.5857,-63.637
1.5858,-63.637
1.5858,-63.637
1.5859,-63.644
1.5859,-63.644
1.586,-63.641
1.586,-63.645
1.5861,-63.633
1.5861,-63.629
1.5862,-63.62
1.5862,-63.594
1.5863,-63.58
1.5863,-63.58
1.5864,-63.578
1.5864,-63.576
1.5865,-63.575
1.5865,-63.572
1.5866,-63.569
1.5866,-63.564
1.5867,-63.555
1.5867,-63.551
1.5868,-63.551
1.5868,-63.554
1.5869,-63.554
1.5869,-63.554
1.587,-63.556
1.587,-63.557
1.5871,-63.566
1.5871,-63.581
1.5872,-63.588
1.5872,-63.592
1.5873,-63.593
1.5873,-63.601
1.5874,-63.614
1.5874,-63.625
1.5875,-63.631
1.5875,-63.646
1.5876,-63.662
1.5876,-63.662
1.5877,-63.662
1.5877,-63.67
1.5878,-63.677
1.5878,-63.678
1.5879,-63.678
1.5879,-63.678
1.588,-63.679
1.588,-63.681
1.5881,-63.684
1.5881,-63.691
1.5882,-63.695
1.5882,-63.695
1.5883,-63.692
1.5883,-63.694
1.5884,-63.692
1.5884,-63.695
1.5885,-63.685
1.5885,-63.682
1.5886,-63.67
1.5886,-63.655
1.5887,-63.649
1.5887,-63.646
1.5888,-63.64
1.5888,-63.64
1.5889,-63.638
1.5889,-63.629
1.589,-63.619
1.589,-63.619
1.589,-63.614
1.5891,-63.609
1.5891,-63.607
1.5892,-63.606
1.5892,-63.607
1.5893,-63.607
1.5893,-63.607
1.5894,-63.607
1.5894,-63.605
1.5895,-63.61
1.5895,-63.613
1.5896,-63.607
1.5896,-63.611
1.5897,-63.63
1.5897,-63.63
1.5898,-63.625
1.5898,-63.625
1.5899,-63.625
1.5899,-63.623
1.59,-63.619
1.59,-63.615
1.5901,-63.61
1.5901,-63.6
1.5902,-63.606
1.5902,-63.606
1.5903,-63.6
1.5903,-63.594
1.5904,-63.588
1.5904,-63.58
1.5905,-63.575
1.5905,-63.576
1.5906,-63.575
1.5906,-63.585
1.5907,-63.585
1.5907,-63.602
1.5908,-63.615
1.5908,-63.628
1.5909,-63.635
1.5909,-63.64
1.591,-63.642
1.591,-63.65
1.5911,-63.659
1.5911,-63.672
1.5912,-63.679
1.5912,-63.681
1.5913,-63.682
1.5913,-63.679
1.5914,-63.676
1.5914,-63.681
1.5915,-63.683
1.5915,-63.678
1.5916,-63.684
1.5916,-63.684
1.5917,-63.685
1.5917,-63.684
1.5918,-63.681
1.5918,-63.671
1.5919,-63.664
1.5919,-63.661
1.592,-63.663
1.592,-63.661
1.5921,-63.662
1.5921,-63.661
1.5922,-63.661
1.5922,-63.662
1.5923,-63.668
1.5923,-63.675
1.5924,-63.675
1.5924,-63.681
1.5925,-63.685
1.5925,-63.689
1.5926,-63.691
1.5926,-63.694
1.5927,-63.697
1.5927,-63.697
1.5928,-63.7
1.5928,-63.697
1.5929,-63.694
1.5929,-63.693
1.593,-63.697
1.593,-63.7
1.5931,-63.707
1.5931,-63.705
1.5932,-63.703
1.5932,-63.699
1.5933,-63.697
1.5933,-63.697
1.5934,-63.695
1.5934,-63.7
1.5935,-63.705
1.5935,-63.709
1.5936,-63.716
1.5936,-63.713
1.5937,-63.714
1.5937,-63.716
1.5938,-63.719
1.5938,-63.721
1.5939,-63.721
1.5939,-63.717
1.594,-63.717
1.594,-63.721
1.5941,-63.723
1.5941,-63.723
1.5942,-63.723
1.5942,-63.724
1.5943,-63.729
1.5943,-63.734
1.5944,-63.734
1.5944,-63.741
1.5945,-63.747
1.5945,-63.746
1.5946,-63.745
1.5946,-63.745
1.5947,-63.745
1.5947,-63.744
1.5948,-63.739
1.5948,-63.739
1.5949,-63.739
1.5949,-63.739
1.595,-63.734
1.595,-63.731
1.5951,-63.731
1.5951,-63.726
1.5952,-63.723
1.5952,-63.721
1.5953,-63.723
1.5953,-63.723
1.5954,-63.723
1.5954,-63.723
1.5955,-63.724
1.5955,-63.716
1.5956,-63.708
1.5956,-63.7
1.5957,-63.699
1.5957,-63.697
1.5958,-63.68
1.5958,-63.663
1.5959,-63.683
1.5959,-63.677
1.596,-63.657
1.596,-63.642
1.5961,-63.626
1.5961,-63.616
1.5962,-63.616
1.5962,-63.613
1.5963,-63.6
1.5963,-63.587
1.5964,-63.591
1.5964,-63.591
1.5965,-63.591
1.5965,-63.588
1.5966,-63.591
1.5966,-63.584
1.5967,-63.584
1.5967,-63.591
1.5968,-63.595
1.5968,-63.597
1.5969,-63.597
1.5969,-63.597
1.597,-63.597
1.597,-63.597
1.5971,-63.597
1.5971,-63.595
1.5972,-63.595
1.5972,-63.604
1.5973,-63.604
1.5973,-63.604
1.5974,-63.612
1.5974,-63.616
1.5975,-63.617
1.5975,-63.62
1.5976,-63.627
1.5976,-63.633
1.5977,-63.633
1.5977,-63.633
1.5978,-63.639
1.5978,-63.649
1.5979,-63.661
1.5979,-63.667
1.598,-63.666
1.598,-63.662
1.5981,-63.662
1.5981,-63.667
1.5982,-63.654
1.5982,-63.636
1.5983,-63.632
1.5983,-63.614
1.5984,-63.594
1.5984,-63.587
1.5985,-63.581
1.5985,-63.58
1.5986,-63.573
1.5986,-63.568
1.5987,-63.555
1.5987,-63.536
1.5988,-63.537
1.5988,-63.533
1.5989,-63.53
1.5989,-63.523
1.599,-63.512
1.599,-63.504
1.5991,-63.485
1.5991,-63.475
1.5992,-63.466
1.5992,-63.452
1.5993,-63.448
1.5993,-63.44
1.5994,-63.431
1.5994,-63.43
1.5995,-63.427
1.5995,-63.42
1.5996,-63.411
1.5996,-63.403
1.5997,-63.399
1.5997,-63.403
1.5998,-63.411
1.5998,-63.411
1.5999,-63.414
1.5999,-63.411
1.6,-63.417
1.6,-63.421
1.6001,-63.421
1.6001,-63.421
1.6002,-63.417
1.6002,-63.416
1.6003,-63.404
1.6003,-63.388
1.6004,-63.382
1.6004,-63.375
1.6005,-63.375
1.6005,-63.372
1.6006,-63.372
1.6006,-63.372
1.6007,-63.369
1.6007,-63.368
1.6008,-63.368
1.6008,-63.361
1.6009,-63.361
1.6009,-63.359
1.601,-63.363
1.601,-63.365
1.6011,-63.362
1.6011,-63.357
1.6012,-63.35
1.6012,-63.348
1.6013,-63.342
1.6013,-63.344
1.6014,-63.344
1.6014,-63.335
1.6015,-63.331
1.6015,-63.333
1.6016,-63.334
1.6016,-63.332
1.6017,-63.322
1.6017,-63.318
1.6018,-63.305
1.6018,-63.307
1.6019,-63.307
1.6019,-63.304
1.602,-63.304
1.602,-63.303
1.6021,-63.302
1.6021,-63.304
1.6022,-63.304
1.6022,-63.301
1.6023,-63.301
1.6023,-63.299
1.6024,-63.296
1.6024,-63.295
1.6025,-63.294
1.6025,-63.291
1.6026,-63.294
1.6026,-63.296
1.6027,-63.298
1.6027,-63.309
1.6027,-63.317
1.6028,-63.32
1.6028,-63.323
1.6029,-63.321
1.6029,-63.317
1.603,-63.317
1.603,-63.316
1.6031,-63.311
1.6031,-63.308
1.6032,-63.316
1.6032,-63.326
1.6033,-63.335
1.6033,-63.33
1.6034,-63.325
1.6034,-63.337
1.6035,-63.347
1.6035,-63.347
1.6036,-63.347
1.6036,-63.349
1.6037,-63.35
1.6037,-63.348
1.6038,-63.349
1.6038,-63.346
1.6039,-63.342
1.6039,-63.341
1.604,-63.345
1.604,-63.35
1.6041,-63.347
1.6041,-63.342
1.6042,-63.334
1.6042,-63.332
1.6043,-63.337
1.6043,-63.337
1.6044,-63.342
1.6044,-63.345
1.6045,-63.345
1.6045,-63.35
1.6046,-63.353
1.6046,-63.35
1.6047,-63.35
1.6047,-63.352
1.6048,-63.353
1.6048,-63.352
1.6049,-63.353
1.6049,-63.355
1.605,-63.353
1.605,-63.353
1.6051,-63.353
1.6051,-63.353
1.6052,-63.352
1.6052,-63.352
1.6053,-63.352
1.6053,-63.351
1.6054,-63.351
1.6054,-63.356
1.6055,-63.359
1.6055,-63.363
1.6056,-63.356
1.6056,-63.351
1.6057,-63.351
1.6057,-63.351
1.6058,-63.351
1.6058,-63.359
1.6059,-63.366
1.6059,-63.372
1.606,-63.373
1.606,-63.375
1.6061,-63.381
1.6061,-63.387
1.6062,-63.388
1.6062,-63.392
1.6063,-63.397
1.6063,-63.398
1.6064,-63.398
1.6064,-63.398
1.6065,-63.398
1.6065,-63.398
1.6066,-63.399
1.6066,-63.401
1.6067,-63.405
1.6067,-63.415
1.6068,-63.428
1.6068,-63.433
1.6069,-63.433
1.6069,-63.433
1.607,-63.435
1.607,-63.443
1.6071,-63.45
1.6071,-63.463
1.6072,-63.474
1.6072,-63.478
1.6073,-63.484
1.6073,-63.486
1.6074,-63.492
1.6074,-63.498
1.6075,-63.507
1.6075,-63.521
1.6076,-63.531
1.6076,-63.537
1.6077,-63.548
1.6077,-63.559
1.6078,-63.565
1.6078,-63.581
1.6079,-63.6
1.6079,-63.609
1.608,-63.613
1.608,-63.617
1.6081,-63.626
1.6081,-63.633
1.6082,-63.636
1.6082,-63.639
1.6083,-63.649
1.6083,-63.661
1.6084,-63.668
1.6084,-63.675
1.6085,-63.681
1.6085,-63.683
1.6086,-63.687
1.6086,-63.693
1.6087,-63.701
1.6087,-63.706
1.6088,-63.707
1.6088,-63.708
1.6089,-63.712
1.6089,-63.719
1.609,-63.722
1.609,-63.726
1.6091,-63.736
1.6091,-63.747
1.6092,-63.755
1.6092,-63.767
1.6093,-63.777
1.6093,-63.779
1.6094,-63.79
1.6094,-63.806
1.6095,-63.816
1.6095,-63.818
1.6096,-63.821
1.6096,-63.823
1.6097,-63.825
1.6097,-63.828
1.6098,-63.839
1.6098,-63.848
1.6099,-63.849
1.6099,-63.852
1.61,-63.856
1.61,-63.86
1.6101,-63.812
1.6101,-63.707
1.6102,-63.63
1.6102,-63.603
1.6103,-63.603
1.6103,-63.603
1.6104,-63.603
1.6104,-63.603
1.6105,-63.602
1.6105,-63.6
1.6106,-63.6
1.6106,-63.6
1.6107,-63.6
1.6107,-63.596
1.6108,-63.588
1.6108,-63.588
1.6109,-63.588
1.6109,-63.584
1.611,-63.584
1.611,-63.588
1.6111,-63.588
1.6111,-63.584
1.6112,-63.58
1.6112,-63.575
1.6113,-63.578
1.6113,-63.584
1.6114,-63.572
1.6114,-63.568
1.6115,-63.568
1.6115,-63.568
1.6116,-63.572
1.6116,-63.571
1.6117,-63.568
1.6117,-63.562
1.6118,-63.557
1.6118,-63.56
1.6119,-63.571
1.6119,-63.577
1.612,-63.576
1.612,-63.584
1.6121,-63.601
1.6121,-63.597
1.6122,-63.599
1.6122,-63.596
1.6123,-63.59
1.6123,-63.588
1.6124,-63.586
1.6124,-63.574
1.6125,-63.57
1.6125,-63.581
1.6126,-63.592
1.6126,-63.59
1.6127,-63.58
1.6127,-63.565
1.6128,-63.568
1.6128,-63.569
1.6129,-63.552
1.6129,-63.535
1.613,-63.527
1.613,-63.515
1.6131,-63.496
1.6131,-63.485
1.6132,-63.462
1.6132,-63.425
1.6133,-63.427
1.6133,-63.428
1.6134,-63.427
1.6134,-63.43
1.6135,-63.431
1.6135,-63.434
1.6136,-63.439
1.6136,-63.44
1.6137,-63.444
1.6137,-63.447
1.6138,-63.447
1.6138,-63.453
1.6139,-63.454
1.6139,-63.454
1.614,-63.456
1.614,-63.453
1.6141,-63.453
1.6141,-63.456
1.6142,-63.456
1.6142,-63.46
1.6143,-63.462
1.6143,-63.461
1.6144,-63.462
1.6144,-63.462
1.6145,-63.456
1.6145,-63.453
1.6146,-63.453
1.6146,-63.454
1.6147,-63.452
1.6147,-63.452
1.6148,-63.449
1.6148,-63.44
1.6149,-63.452
1.6149,-63.459
1.615,-63.459
1.615,-63.459
1.6151,-63.459
1.6151,-63.465
1.6152,-63.465
1.6152,-63.464
1.6153,-63.465
1.6153,-63.465
1.6154,-63.465
1.6154,-63.465
1.6155,-63.468
1.6155,-63.466
1.6156,-63.462
1.6156,-63.467
1.6157,-63.469
1.6157,-63.469
1.6158,-63.472
1.6158,-63.477
1.6159,-63.479
1.6159,-63.48
1.616,-63.482
1.616,-63.482
1.6161,-63.48
1.6161,-63.488
1.6162,-63.491
1.6162,-63.51
1.6163,-63.519
1.6163,-63.533
1.6164,-63.557
1.6164,-63.58
1.6164,-63.594
1.6165,-63.61
1.6165,-63.628
1.6166,-63.649
1.6166,-63.669
1.6167,-63.689
1.6167,-63.702
1.6168,-63.704
1.6168,-63.705
1.6169,-63.71
1.6169,-63.715
1.617,-63.718
1.617,-63.723
1.6171,-63.724
1.6171,-63.725
1.6172,-63.722
1.6172,-63.714
1.6173,-63.716
1.6173,-63.72
1.6174,-63.722
1.6174,-63.723
1.6175,-63.714
1.6175,-63.712
1.6176,-63.707
1.6176,-63.71
1.6177,-63.713
1.6177,-63.714
1.6178,-63.716
1.6178,-63.719
1.6179,-63.719
1.6179,-63.72
1.618,-63.72
1.618,-63.719
1.6181,-63.721
1.6181,-63.71
1.6182,-63.7
1.6182,-63.694
1.6183,-63.687
1.6183,-63.686
1.6184,-63.684
1.6184,-63.681
1.6185,-63.681
1.6185,-63.681
1.6186,-63.681
1.6186,-63.678
1.6187,-63.68
1.6187,-63.683
1.6188,-63.687
1.6188,-63.689
1.6189,-63.69
1.6189,-63.688
1.619,-63.685
1.619,-63.685
1.6191,-63.685
1.6191,-63.686
1.6192,-63.681
1.6192,-63.686
1.6193,-63.689
1.6193,-63.689
1.6194,-63.689
1.6194,-63.686
1.6195,-63.686
1.6195,-63.685
1.6196,-63.68
1.6196,-63.674
1.6197,-63.678
1.6197,-63.675
1.6198,-63.671
1.6198,-63.668
1.6199,-63.668
1.6199,-63.667
1.62,-63.667
1.62,-63.663
1.6201,-63.654
1.6201,-63.65
1.6202,-63.641
1.6202,-63.626
1.6203,-63.618
1.6203,-63.613
1.6204,-63.608
1.6204,-63.601
1.6205,-63.602
1.6205,-63.604
1.6206,-63.602
1.6206,-63.603
1.6207,-63.606
1.6207,-63.621
1.6208,-63.63
1.6208,-63.626
1.6209,-63.628
1.6209,-63.625
1.621,-63.62
1.621,-63.617
1.6211,-63.601
1.6211,-63.589
1.6212,-63.577
1.6212,-63.561
1.6213,-63.555
1.6213,-63.55
1.6214,-63.546
1.6214,-63.538
1.6215,-63.504
1.6215,-63.501
1.6216,-63.5
1.6216,-63.502
1.6217,-63.5
1.6217,-63.498
1.6218,-63.495
1.6218,-63.495
1.6219,-63.495
1.6219,-63.493
1.622,-63.49
1.622,-63.485
1.6221,-63.483
1.6221,-63.478
1.6222,-63.463
1.6222,-63.452
1.6223,-63.452
1.6223,-63.453
1.6224,-63.465
1.6224,-63.474
1.6225,-63.482
1.6225,-63.489
1.6226,-63.496
1.6226,-63.504
1.6227,-63.507
1.6227,-63.507
1.6228,-63.515
1.6228,-63.52
1.6229,-63.524
1.6229,-63.528
1.623,-63.542
1.623,-63.552
1.6231,-63.553
1.6231,-63.555
1.6232,-63.557
1.6232,-63.563
1.6233,-63.577
1.6233,-63.591
1.6234,-63.593
1.6234,-63.597
1.6235,-63.606
1.6235,-63.616
1.6236,-63.622
1.6236,-63.629
1.6237,-63.63
1.6237,-63.639
1.6238,-63.642
1.6238,-63.652
1.6239,-63.654
1.6239,-63.662
1.624,-63.668
1.624,-63.666
1.6241,-63.666
1.6241,-63.668
1.6242,-63.671
1.6242,-63.671
1.6243,-63.671
1.6243,-63.669
1.6244,-63.669
1.6244,-63.678
1.6245,-63.684
1.6245,-63.684
1.6246,-63.685
1.6246,-63.687
1.6247,-63.688
1.6247,-63.69
1.6248,-63.691
1.6248,-63.684
1.6249,-63.677
1.6249,-63.674
1.625,-63.67
1.625,-63.669
1.6251,-63.664
1.6251,-63.653
1.6252,-63.64
1.6252,-63.645
1.6253,-63.645
1.6253,-63.645
1.6254,-63.648
1.6254,-63.648
1.6255,-63.653
1.6255,-63.66
1.6256,-63.66
1.6256,-63.657
1.6257,-63.664
1.6257,-63.666
1.6258,-63.665
1.6258,-63.666
1.6259,-63.672
1.6259,-63.681
1.626,-63.687
1.626,-63.689
1.6261,-63.684
1.6261,-63.684
1.6262,-63.692
1.6262,-63.696
1.6263,-63.687
1.6263,-63.679
1.6264,-63.674
1.6264,-63.679
1.6265,-63.679
1.6265,-63.679
1.6266,-63.674
1.6266,-63.662
1.6267,-63.662
1.6267,-63.683
1.6268,-63.684
1.6268,-63.67
1.6269,-63.659
1.6269,-63.652
1.627,-63.646
1.627,-63.637
1.6271,-63.636
1.6271,-63.635
1.6272,-63.633
1.6272,-63.639
1.6273,-63.646
1.6273,-63.648
1.6274,-63.659
1.6274,-63.672
1.6275,-63.684
1.6275,-63.697
1.6276,-63.7
1.6276,-63.704
1.6277,-63.702
1.6277,-63.703
1.6278,-63.699
1.6278,-63.699
1.6279,-63.71
1.6279,-63.719
1.628,-63.725
1.628,-63.729
1.6281,-63.734
1.6281,-63.742
1.6282,-63.745
1.6282,-63.745
1.6283,-63.749
1.6283,-63.752
1.6284,-63.755
1.6284,-63.756
1.6285,-63.756
1.6285,-63.762
1.6286,-63.768
1.6286,-63.77
1.6287,-63.773
1.6287,-63.762
1.6288,-63.749
1.6288,-63.749
1.6289,-63.752
1.6289,-63.736
1.629,-63.731
1.629,-63.728
1.6291,-63.725
1.6291,-63.716
1.6292,-63.709
1.6292,-63.71
1.6293,-63.707
1.6293,-63.706
1.6294,-63.703
1.6294,-63.7
1.6295,-63.697
1.6295,-63.696
1.6296,-63.691
1.6296,-63.687
1.6297,-63.687
1.6297,-63.684
1.6298,-63.681
1.6298,-63.678
1.6299,-63.673
1.6299,-63.664
1.63,-63.659
1.63,-63.657
1.6301,-63.656
1.6301,-63.655
1.6301,-63.655
1.6302,-63.652
1.6302,-63.649
1.6303,-63.646
1.6303,-63.642
1.6304,-63.641
1.6304,-63.641
1.6305,-63.631
1.6305,-63.617
1.6306,-63.611
1.6306,-63.609
1.6307,-63.609
1.6307,-63.605
1.6308,-63.601
1.6308,-63.597
1.6309,-63.589
1.6309,-63.574
1.631,-63.571
1.631,-63.567
1.6311,-63.559
1.6311,-63.55
1.6312,-63.543
1.6312,-63.543
1.6313,-63.541
1.6313,-63.535
1.6314,-63.533
1.6314,-63.531
1.6315,-63.526
1.6315,-63.521
1.6316,-63.513
1.6316,-63.507
1.6317,-63.503
1.6317,-63.503
1.6318,-63.5
1.6318,-63.498
1.6319,-63.497
1.6319,-63.501
1.632,-63.507
1.632,-63.507
1.6321,-63.508
1.6321,-63.506
1.6322,-63.51
1.6322,-63.51
1.6323,-63.511
1.6323,-63.511
1.6324,-63.514
1.6324,-63.513
1.6325,-63.513
1.6325,-63.515
1.6326,-63.517
1.6326,-63.523
1.6327,-63.523
1.6327,-63.53
1.6328,-63.544
1.6328,-63.546
1.6329,-63.545
1.6329,-63.549
1.633,-63.556
1.633,-63.553
1.6331,-63.563
1.6331,-63.575
1.6332,-63.576
1.6332,-63.576
1.6333,-63.575
1.6333,-63.575
1.6334,-63.578
1.6334,-63.58
1.6335,-63.577
1.6335,-63.575
1.6336,-63.575
1.6336,-63.575
1.6337,-63.573
1.6337,-63.57
1.6338,-63.57
1.6338,-63.57
1.6339,-63.57
1.6339,-63.568
1.634,-63.578
1.634,-63.58
1.6341,-63.58
1.6341,-63.576
1.6342,-63.564
1.6342,-63.564
1.6343,-63.572
1.6343,-63.572
1.6344,-63.572
1.6344,-63.572
1.6345,-63.572
1.6345,-63.566
1.6346,-63.566
1.6346,-63.575
1.6347,-63.575
1.6347,-63.575
1.6348,-63.575
1.6348,-63.575
1.6349,-63.579
1.6349,-63.585
1.635,-63.594
1.635,-63.594
1.6351,-63.594
1.6351,-63.593
1.6352,-63.597
1.6352,-63.602
1.6353,-63.601
1.6353,-63.607
1.6354,-63.616
1.6354,-63.628
1.6355,-63.626
1.6355,-63.624
1.6356,-63.624
1.6356,-63.63
1.6357,-63.627
1.6357,-63.626
1.6358,-63.626
1.6358,-63.621
1.6359,-63.613
1.6359,-63.61
1.636,-63.61
1.636,-63.61
1.6361,-63.613
1.6361,-63.621
1.6362,-63.613
1.6362,-63.621
1.6363,-63.626
1.6363,-63.618
1.6364,-63.605
1.6364,-63.594
1.6365,-63.586
1.6365,-63.586
1.6366,-63.586
1.6366,-63.586
1.6367,-63.575
1.6367,-63.572
1.6368,-63.572
1.6368,-63.572
1.6369,-63.572
1.6369,-63.572
1.637,-63.572
1.637,-63.575
1.6371,-63.578
1.6371,-63.581
1.6372,-63.584
1.6372,-63.586
1.6373,-63.589
1.6373,-63.594
1.6374,-63.595
1.6374,-63.597
1.6375,-63.601
1.6375,-63.603
1.6376,-63.605
1.6376,-63.609
1.6377,-63.615
1.6377,-63.62
1.6378,-63.623
1.6378,-63.625
1.6379,-63.627
1.6379,-63.63
1.638,-63.639
1.638,-63.652
1.6381,-63.668
1.6381,-63.675
1.6382,-63.683
1.6382,-63.687
1.6383,-63.691
1.6383,-63.693
1.6384,-63.694
1.6384,-63.702
1.6385,-63.713
1.6385,-63.716
1.6386,-63.717
1.6386,-63.717
1.6387,-63.725
1.6387,-63.729
1.6388,-63.728
1.6388,-63.731
1.6389,-63.734
1.6389,-63.739
1.639,-63.74
1.639,-63.748
1.6391,-63.755
1.6391,-63.753
1.6392,-63.755
1.6392,-63.762
1.6393,-63.766
1.6393,-63.766
1.6394,-63.765
1.6394,-63.765
1.6395,-63.759
1.6395,-63.752
1.6396,-63.755
1.6396,-63.759
1.6397,-63.759
1.6397,-63.759
1.6398,-63.763
1.6398,-63.763
1.6399,-63.763
1.6399,-63.763
1.64,-63.763
1.64,-63.763
1.6401,-63.767
1.6401,-63.767
1.6402,-63.767
1.6402,-63.767
1.6403,-63.763
1.6403,-63.759
1.6404,-63.755
1.6404,-63.751
1.6405,-63.751
1.6405,-63.751
1.6406,-63.748
1.6406,-63.748
1.6407,-63.747
1.6407,-63.749
1.6408,-63.756
1.6408,-63.765
1.6409,-63.768
1.6409,-63.768
1.641,-63.769
1.641,-63.769
1.6411,-63.763
1.6411,-63.771
1.6412,-63.769
1.6412,-63.763
1.6413,-63.753
1.6413,-63.746
1.6414,-63.743
1.6414,-63.742
1.6415,-63.746
1.6415,-63.746
1.6416,-63.745
1.6416,-63.745
1.6417,-63.746
1.6417,-63.748
1.6418,-63.749
1.6418,-63.755
1.6419,-63.754
1.6419,-63.762
1.642,-63.768
1.642,-63.776
1.6421,-63.777
1.6421,-63.777
1.6422,-63.786
1.6422,-63.788
1.6423,-63.79
1.6423,-63.79
1.6424,-63.792
1.6424,-63.794
1.6425,-63.793
1.6425,-63.797
1.6426,-63.797
1.6426,-63.804
1.6427,-63.805
1.6427,-63.807
1.6428,-63.81
1.6428,-63.817
1.6429,-63.819
1.6429,-63.823
1.643,-63.827
1.643,-63.823
1.6431,-63.823
1.6431,-63.822
1.6432,-63.822
1.6432,-63.819
1.6433,-63.819
1.6433,-63.816
1.6434,-63.81
1.6434,-63.81
1.6435,-63.807
1.6435,-63.803
1.6436,-63.799
1.6436,-63.797
1.6437,-63.796
1.6437,-63.792
1.6438,-63.782
1.6438,-63.784
1.6438,-63.794
1.6439,-63.799
1.6439,-63.801
1.644,-63.809
1.644,-63.809
1.6441,-63.809
1.6441,-63.81
1.6442,-63.817
1.6442,-63.821
1.6443,-63.821
1.6443,-63.823
1.6444,-63.823
1.6444,-63.821
1.6445,-63.819
1.6445,-63.815
1.6446,-63.813
1.6446,-63.813
1.6447,-63.815
1.6447,-63.816
1.6448,-63.819
1.6448,-63.819
1.6449,-63.812
1.6449,-63.808
1.645,-63.805
1.645,-63.807
1.6451,-63.805
1.6451,-63.805
1.6452,-63.805
1.6452,-63.805
1.6453,-63.805
1.6453,-63.801
1.6454,-63.788
1.6454,-63.772
1.6455,-63.764
1.6455,-63.755
1.6456,-63.755
1.6456,-63.75
1.6457,-63.745
1.6457,-63.733
1.6458,-63.726
1.6458,-63.729
1.6459,-63.724
1.6459,-63.717
1.646,-63.714
1.646,-63.713
1.6461,-63.713
1.6461,-63.71
1.6462,-63.708
1.6462,-63.706
1.6463,-63.702
1.6463,-63.702
1.6464,-63.706
1.6464,-63.705
1.6465,-63.705
1.6465,-63.71
1.6466,-63.709
1.6466,-63.707
1.6467,-63.704
1.6467,-63.701
1.6468,-63.697
1.6468,-63.693
1.6469,-63.693
1.6469,-63.694
1.647,-63.692
1.647,-63.691
1.6471,-63.684
1.6471,-63.679
1.6472,-63.679
1.6472,-63.683
1.6473,-63.682
1.6473,-63.676
1.6474,-63.675
1.6474,-63.675
1.6475,-63.671
1.6475,-63.668
1.6476,-63.672
1.6476,-63.682
1.6477,-63.683
1.6477,-63.681
1.6478,-63.693
1.6478,-63.708
1.6479,-63.713
1.6479,-63.716
1.648,-63.728
1.648,-63.738
1.6481,-63.742
1.6481,-63.74
1.6482,-63.742
1.6482,-63.749
1.6483,-63.753
1.6483,-63.754
1.6484,-63.754
1.6484,-63.751
1.6485,-63.749
1.6485,-63.753
1.6486,-63.758
1.6486,-63.756
1.6487,-63.751
1.6487,-63.749
1.6488,-63.741
1.6488,-63.729
1.6489,-63.724
1.6489,-63.72
1.649,-63.715
1.649,-63.716
1.6491,-63.722
1.6491,-63.715
1.6492,-63.714
1.6492,-63.713
1.6493,-63.707
1.6493,-63.698
1.6494,-63.689
1.6494,-63.675
1.6495,-63.66
1.6495,-63.654
1.6496,-63.645
1.6496,-63.636
1.6497,-63.621
1.6497,-63.61
1.6498,-63.608
1.6498,-63.601
1.6499,-63.601
1.6499,-63.603
1.65,-63.595
1.65,-63.591
1.6501,-63.587
1.6501,-63.589
1.6502,-63.587
1.6502,-63.58
1.6503,-63.574
1.6503,-63.57
1.6504,-63.57
1.6504,-63.565
1.6505,-63.56
1.6505,-63.56
1.6506,-63.563
1.6506,-63.563
1.6507,-63.56
1.6507,-63.563
1.6508,-63.574
1.6508,-63.581
1.6509,-63.583
1.6509,-63.583
1.651,-63.581
1.651,-63.581
1.6511,-63.585
1.6511,-63.588
1.6512,-63.59
1.6512,-63.591
1.6513,-63.595
1.6513,-63.597
1.6514,-63.603
1.6514,-63.604
1.6515,-63.592
1.6515,-63.589
1.6516,-63.592
1.6516,-63.592
1.6517,-63.595
1.6517,-63.595
1.6518,-63.595
1.6518,-63.596
1.6519,-63.588
1.6519,-63.587
1.652,-63.587
1.652,-63.587
1.6521,-63.587
1.6521,-63.588
1.6522,-63.588
1.6522,-63.588
1.6523,-63.582
1.6523,-63.58
1.6524,-63.578
1.6524,-63.58
1.6525,-63.583
1.6525,-63.583
1.6526,-63.582
1.6526,-63.588
1.6527,-63.592
1.6527,-63.594
1.6528,-63.607
1.6528,-63.616
1.6529,-63.616
1.6529,-63.617
1.653,-63.621
1.653,-63.621
1.6531,-63.621
1.6531,-63.625
1.6532,-63.625
1.6532,-63.629
1.6533,-63.631
1.6533,-63.633
1.6534,-63.635
1.6534,-63.636
1.6535,-63.642
1.6535,-63.646
1.6536,-63.653
1.6536,-63.659
1.6537,-63.663
1.6537,-63.668
1.6538,-63.673
1.6538,-63.675
1.6539,-63.678
1.6539,-63.68
1.654,-63.686
1.654,-63.692
1.6541,-63.692
1.6541,-63.693
1.6542,-63.692
1.6542,-63.691
1.6543,-63.692
1.6543,-63.694
1.6544,-63.71
1.6544,-63.722
1.6545,-63.699
1.6545,-63.676
1.6546,-63.675
1.6546,-63.662
1.6547,-63.648
1.6547,-63.642
1.6548,-63.627
1.6548,-63.617
1.6549,-63.619
1.6549,-63.622
1.655,-63.626
1.655,-63.632
1.6551,-63.633
1.6551,-63.633
1.6552,-63.642
1.6552,-63.646
1.6553,-63.648
1.6553,-63.65
1.6554,-63.648
1.6554,-63.65
1.6555,-63.653
1.6555,-63.657
1.6556,-63.66
1.6556,-63.663
1.6557,-63.663
1.6557,-63.67
1.6558,-63.681
1.6558,-63.681
1.6559,-63.684
1.6559,-63.684
1.656,-63.683
1.656,-63.684
1.6561,-63.684
1.6561,-63.682
1.6562,-63.682
1.6562,-63.683
1.6563,-63.679
1.6563,-63.682
1.6564,-63.682
1.6564,-63.678
1.6565,-63.678
1.6565,-63.678
1.6566,-63.678
1.6566,-63.679
1.6567,-63.68
1.6567,-63.681
1.6568,-63.683
1.6568,-63.687
1.6569,-63.69
1.6569,-63.686
1.657,-63.68
1.657,-63.686
1.6571,-63.687
1.6571,-63.684
1.6572,-63.679
1.6572,-63.678
1.6573,-63.675
1.6573,-63.671
1.6574,-63.67
1.6574,-63.674
1.6575,-63.686
1.6575,-63.686
1.6575,-63.695
1.6576,-63.701
1.6576,-63.699
1.6577,-63.698
1.6577,-63.68
1.6578,-63.649
1.6578,-63.635
1.6579,-63.617
1.6579,-63.591
1.658,-63.562
1.658,-63.561
1.6581,-63.561
1.6581,-63.539
1.6582,-63.533
1.6582,-63.526
1.6583,-63.526
1.6583,-63.526
1.6584,-63.515
1.6584,-63.515
1.6585,-63.515
1.6585,-63.524
1.6586,-63.536
1.6586,-63.538
1.6587,-63.543
1.6587,-63.55
1.6588,-63.55
1.6588,-63.55
1.6589,-63.555
1.6589,-63.551
1.659,-63.558
1.659,-63.559
1.6591,-63.555
1.6591,-63.559
1.6592,-63.562
1.6592,-63.565
1.6593,-63.58
1.6593,-63.591
1.6594,-63.593
1.6594,-63.599
1.6595,-63.605
1.6595,-63.618
1.6596,-63.618
1.6596,-63.616
1.6597,-63.615
1.6597,-63.619
1.6598,-63.621
1.6598,-63.625
1.6599,-63.637
1.6599,-63.649
1.66,-63.656
1.66,-63.665
1.6601,-63.676
1.6601,-63.684
1.6602,-63.697
1.6602,-63.712
1.6603,-63.716
1.6603,-63.721
1.6604,-63.73
1.6604,-63.732
1.6605,-63.733
1.6605,-63.735
1.6606,-63.739
1.6606,-63.742
1.6607,-63.746
1.6607,-63.755
1.6608,-63.756
1.6608,-63.76
1.6609,-63.758
1.6609,-63.767
1.661,-63.771
1.661,-63.781
1.6611,-63.783
1.6611,-63.781
1.6612,-63.782
1.6612,-63.787
1.6613,-63.79
1.6613,-63.796
1.6614,-63.804
1.6614,-63.816
1.6615,-63.823
1.6615,-63.828
1.6616,-63.829
1.6616,-63.834
1.6617,-63.842
1.6617,-63.851
1.6618,-63.865
1.6618,-63.875
1.6619,-63.881
1.6619,-63.884
1.662,-63.884
1.662,-63.885
1.6621,-63.887
1.6621,-63.893
1.6622,-63.903
1.6622,-63.908
1.6623,-63.91
1.6623,-63.906
1.6624,-63.91
1.6624,-63.916
1.6625,-63.919
1.6625,-63.921
1.6626,-63.923
1.6626,-63.928
1.6627,-63.931
1.6627,-63.942
1.6628,-63.955
1.6628,-63.961
1.6629,-63.965
1.6629,-63.97
1.663,-63.974
1.663,-63.98
1.6631,-63.982
1.6631,-63.981
1.6632,-63.981
1.6632,-63.983
1.6633,-63.983
1.6633,-63.981
1.6634,-63.98
1.6634,-63.975
1.6635,-63.98
1.6635,-63.983
1.6636,-63.984
1.6636,-63.977
1.6637,-63.975
1.6637,-63.968
1.6638,-63.971
1.6638,-63.974
1.6639,-63.971
1.6639,-63.964
1.664,-63.964
1.664,-63.968
1.6641,-63.97
1.6641,-63.97
1.6642,-63.971
1.6642,-63.969
1.6643,-63.967
1.6643,-63.962
1.6644,-63.951
1.6644,-63.95
1.6645,-63.946
1.6645,-63.945
1.6646,-63.945
1.6646,-63.945
1.6647,-63.94
1.6647,-63.935
1.6648,-63.933
1.6648,-63.933
1.6649,-63.931
1.6649,-63.926
1.665,-63.919
1.665,-63.91
1.6651,-63.907
1.6651,-63.9
1.6652,-63.895
1.6652,-63.885
1.6653,-63.873
1.6653,-63.856
1.6654,-63.839
1.6654,-63.833
1.6655,-63.829
1.6655,-63.82
1.6656,-63.814
1.6656,-63.81
1.6657,-63.816
1.6657,-63.827
1.6658,-63.828
1.6658,-63.828
1.6659,-63.817
1.6659,-63.817
1.666,-63.817
1.666,-63.813
1.6661,-63.823
1.6661,-63.829
1.6662,-63.829
1.6662,-63.829
1.6663,-63.826
1.6663,-63.816
1.6664,-63.81
1.6664,-63.809
1.6665,-63.813
1.6665,-63.813
1.6666,-63.812
1.6666,-63.819
1.6667,-63.814
1.6667,-63.809
1.6668,-63.809
1.6668,-63.816
1.6669,-63.813
1.6669,-63.816
1.667,-63.817
1.667,-63.818
1.6671,-63.799
1.6671,-63.736
1.6672,-63.716
1.6672,-63.72
1.6673,-63.73
1.6673,-63.732
1.6674,-63.732
1.6674,-63.733
1.6675,-63.742
1.6675,-63.742
1.6676,-63.742
1.6676,-63.745
1.6677,-63.747
1.6677,-63.761
1.6678,-63.776
1.6678,-63.778
1.6679,-63.778
1.6679,-63.78
1.668,-63.78
1.668,-63.783
1.6681,-63.781
1.6681,-63.78
1.6682,-63.78
1.6682,-63.78
1.6683,-63.78
1.6683,-63.784
1.6684,-63.781
1.6684,-63.776
1.6685,-63.772
1.6685,-63.772
1.6686,-63.772
1.6686,-63.778
1.6687,-63.782
1.6687,-63.788
1.6688,-63.788
1.6688,-63.788
1.6689,-63.788
1.6689,-63.788
1.669,-63.785
1.669,-63.788
1.6691,-63.79
1.6691,-63.79
1.6692,-63.784
1.6692,-63.788
1.6693,-63.79
1.6693,-63.79
1.6694,-63.79
1.6694,-63.79
1.6695,-63.784
1.6695,-63.786
1.6696,-63.781
1.6696,-63.775
1.6697,-63.77
1.6697,-63.77
1.6698,-63.77
1.6698,-63.771
1.6699,-63.77
1.6699,-63.772
1.67,-63.777
1.67,-63.781
1.6701,-63.781
1.6701,-63.774
1.6702,-63.766
1.6702,-63.762
1.6703,-63.754
1.6703,-63.749
1.6704,-63.751
1.6704,-63.755
1.6705,-63.759
1.6705,-63.759
1.6706,-63.761
1.6706,-63.768
1.6707,-63.768
1.6707,-63.767
1.6708,-63.759
1.6708,-63.752
1.6709,-63.745
1.6709,-63.742
1.671,-63.735
1.671,-63.729
1.6711,-63.729
1.6711,-63.727
1.6712,-63.727
1.6712,-63.726
1.6712,-63.729
1.6713,-63.718
1.6713,-63.706
1.6714,-63.71
1.6714,-63.714
1.6715,-63.71
1.6715,-63.706
1.6716,-63.701
1.6716,-63.7
1.6717,-63.703
1.6717,-63.703
1.6718,-63.703
1.6718,-63.703
1.6719,-63.707
1.6719,-63.712
1.672,-63.72
1.672,-63.726
1.6721,-63.726
1.6721,-63.726
1.6722,-63.731
1.6722,-63.737
1.6723,-63.744
1.6723,-63.739
1.6724,-63.738
1.6724,-63.742
1.6725,-63.749
1.6725,-63.751
1.6726,-63.758
1.6726,-63.765
1.6727,-63.767
1.6727,-63.775
1.6728,-63.794
1.6728,-63.805
1.6729,-63.809
1.6729,-63.814
1.673,-63.823
1.673,-63.827
1.6731,-63.83
1.6731,-63.842
1.6732,-63.849
1.6732,-63.861
1.6733,-63.861
1.6733,-63.872
1.6734,-63.874
1.6734,-63.872
1.6735,-63.877
1.6735,-63.879
1.6736,-63.879
1.6736,-63.881
1.6737,-63.885
1.6737,-63.892
1.6738,-63.893
1.6738,-63.901
1.6739,-63.905
1.6739,-63.915
1.674,-63.919
1.674,-63.919
1.6741,-63.926
1.6741,-63.928
1.6742,-63.93
1.6742,-63.935
1.6743,-63.942
1.6743,-63.94
1.6744,-63.944
1.6744,-63.954
1.6745,-63.954
1.6745,-63.957
1.6746,-63.958
1.6746,-63.958
1.6747,-63.957
1.6747,-63.957
1.6748,-63.961
1.6748,-63.964
1.6749,-63.971
1.6749,-63.971
1.675,-63.967
1.675,-63.965
1.6751,-63.966
1.6751,-63.971
1.6752,-63.973
1.6752,-63.973
1.6753,-63.973
1.6753,-63.973
1.6754,-63.971
1.6754,-63.968
1.6755,-63.964
1.6755,-63.964
1.6756,-63.955
1.6756,-63.937
1.6757,-63.926
1.6757,-63.916
1.6758,-63.913
1.6758,-63.912
1.6759,-63.897
1.6759,-63.887
1.676,-63.882
1.676,-63.879
1.6761,-63.871
1.6761,-63.86
1.6762,-63.854
1.6762,-63.851
1.6763,-63.85
1.6763,-63.849
1.6764,-63.85
1.6764,-63.855
1.6765,-63.862
1.6765,-63.87
1.6766,-63.866
1.6766,-63.861
1.6767,-63.858
1.6767,-63.858
1.6768,-63.858
1.6768,-63.86
1.6769,-63.86
1.6769,-63.864
1.677,-63.868
1.677,-63.873
1.6771,-63.87
1.6771,-63.864
1.6772,-63.858
1.6772,-63.855
1.6773,-63.855
1.6773,-63.858
1.6774,-63.855
1.6774,-63.855
1.6775,-63.854
1.6775,-63.857
1.6776,-63.857
1.6776,-63.85
1.6777,-63.845
1.6777,-63.845
1.6778,-63.849
1.6778,-63.852
1.6779,-63.852
1.6779,-63.851
1.678,-63.844
1.678,-63.807
1.6781,-63.793
1.6781,-63.792
1.6782,-63.791
1.6782,-63.779
1.6783,-63.755
1.6783,-63.729
1.6784,-63.72
1.6784,-63.715
1.6785,-63.686
1.6785,-63.656
1.6786,-63.644
1.6786,-63.65
1.6787,-63.655
1.6787,-63.657
1.6788,-63.662
1.6788,-63.669
1.6789,-63.673
1.6789,-63.673
1.679,-63.675
1.679,-63.68
1.6791,-63.684
1.6791,-63.687
1.6792,-63.689
1.6792,-63.699
1.6793,-63.709
1.6793,-63.712
1.6794,-63.714
1.6794,-63.72
1.6795,-63.728
1.6795,-63.73
1.6796,-63.73
1.6796,-63.731
1.6797,-63.727
1.6797,-63.734
1.6798,-63.736
1.6798,-63.734
1.6799,-63.736
1.6799,-63.74
1.68,-63.743
1.68,-63.75
1.6801,-63.755
1.6801,-63.76
1.6802,-63.765
1.6802,-63.768
1.6803,-63.752
1.6803,-63.737
1.6804,-63.737
1.6804,-63.741
1.6805,-63.739
1.6805,-63.732
1.6806,-63.732
1.6806,-63.732
1.6807,-63.728
1.6807,-63.728
1.6808,-63.725
1.6808,-63.722
1.6809,-63.72
1.6809,-63.72
1.681,-63.722
1.681,-63.698
1.6811,-63.675
1.6811,-63.665
1.6812,-63.661
1.6812,-63.662
1.6813,-63.659
1.6813,-63.642
1.6814,-63.624
1.6814,-63.612
1.6815,-63.591
1.6815,-63.572
1.6816,-63.56
1.6816,-63.552
1.6817,-63.547
1.6817,-63.543
1.6818,-63.534
1.6818,-63.525
1.6819,-63.523
1.6819,-63.511
1.682,-63.497
1.682,-63.491
1.6821,-63.49
1.6821,-63.493
1.6822,-63.5
1.6822,-63.512
1.6823,-63.524
1.6823,-63.532
1.6824,-63.538
1.6824,-63.547
1.6825,-63.552
1.6825,-63.565
1.6826,-63.565
1.6826,-63.576
1.6827,-63.584
1.6827,-63.591
1.6828,-63.597
1.6828,-63.596
1.6829,-63.594
1.6829,-63.593
1.683,-63.601
1.683,-63.594
1.6831,-63.583
1.6831,-63.584
1.6832,-63.586
1.6832,-63.589
1.6833,-63.591
1.6833,-63.593
1.6834,-63.597
1.6834,-63.601
1.6835,-63.604
1.6835,-63.606
1.6836,-63.603
1.6836,-63.597
1.6837,-63.594
1.6837,-63.593
1.6838,-63.592
1.6838,-63.588
1.6839,-63.584
1.6839,-63.582
1.684,-63.581
1.684,-63.58
1.6841,-63.58
1.6841,-63.575
1.6842,-63.584
1.6842,-63.577
1.6843,-63.573
1.6843,-63.573
1.6844,-63.568
1.6844,-63.569
1.6845,-63.569
1.6845,-63.569
1.6846,-63.569
1.6846,-63.576
1.6847,-63.573
1.6847,-63.575
1.6848,-63.57
1.6848,-63.565
1.6849,-63.558
1.6849,-63.558
1.6849,-63.558
1.685,-63.558
1.685,-63.558
1.6851,-63.553
1.6851,-63.552
1.6852,-63.55
1.6852,-63.546
1.6853,-63.546
1.6853,-63.537
1.6854,-63.53
1.6854,-63.527
1.6855,-63.533
1.6855,-63.536
1.6856,-63.533
1.6856,-63.53
1.6857,-63.53
1.6857,-63.53
1.6858,-63.53
1.6858,-63.533
1.6859,-63.53
1.6859,-63.53
1.686,-63.527
1.686,-63.533
1.6861,-63.538
1.6861,-63.538
1.6862,-63.535
1.6862,-63.539
1.6863,-63.546
1.6863,-63.548
1.6864,-63.548
1.6864,-63.544
1.6865,-63.543
1.6865,-63.546
1.6866,-63.546
1.6866,-63.541
1.6867,-63.541
1.6867,-63.536
1.6868,-63.533
1.6868,-63.536
1.6869,-63.533
1.6869,-63.522
1.687,-63.503
1.687,-63.505
1.6871,-63.514
1.6871,-63.525
1.6872,-63.522
1.6872,-63.524
1.6873,-63.524
1.6873,-63.533
1.6874,-63.536
1.6874,-63.538
1.6875,-63.54
1.6875,-63.542
1.6876,-63.547
1.6876,-63.555
1.6877,-63.556
1.6877,-63.559
1.6878,-63.562
1.6878,-63.566
1.6879,-63.572
1.6879,-63.575
1.688,-63.575
1.688,-63.576
1.6881,-63.576
1.6881,-63.571
1.6882,-63.569
1.6882,-63.568
1.6883,-63.572
1.6883,-63.571
1.6884,-63.58
1.6884,-63.593
1.6885,-63.591
1.6885,-63.583
1.6886,-63.574
1.6886,-63.587
1.6887,-63.591
1.6887,-63.591
1.6888,-63.587
1.6888,-63.582
1.6889,-63.59
1.6889,-63.594
1.689,-63.594
1.689,-63.588
1.6891,-63.582
1.6891,-63.584
1.6892,-63.581
1.6892,-63.584
1.6893,-63.584
1.6893,-63.584
1.6894,-63.581
1.6894,-63.581
1.6895,-63.571
1.6895,-63.562
1.6896,-63.558
1.6896,-63.558
1.6897,-63.559
1.6897,-63.562
1.6898,-63.561
1.6898,-63.557
1.6899,-63.553
1.6899,-63.553
1.69,-63.553
1.69,-63.553
1.6901,-63.549
1.6901,-63.543
1.6902,-63.545
1.6902,-63.543
1.6903,-63.543
1.6903,-63.539
1.6904,-63.536
1.6904,-63.535
1.6905,-63.53
1.6905,-63.529
1.6906,-63.523
1.6906,-63.514
1.6907,-63.507
1.6907,-63.509
1.6908,-63.507
1.6908,-63.503
1.6909,-63.502
1.6909,-63.494
1.691,-63.484
1.691,-63.487
1.6911,-63.492
1.6911,-63.494
1.6912,-63.497
1.6912,-63.501
1.6913,-63.505
1.6913,-63.511
1.6914,-63.517
1.6914,-63.517
1.6915,-63.523
1.6915,-63.526
1.6916,-63.532
1.6916,-63.532
1.6917,-63.533
1.6917,-63.535
1.6918,-63.538
1.6918,-63.544
1.6919,-63.557
1.6919,-63.57
1.692,-63.574
1.692,-63.579
1.6921,-63.579
1.6921,-63.583
1.6922,-63.587
1.6922,-63.593
1.6923,-63.605
1.6923,-63.62
1.6924,-63.642
1.6924,-63.658
1.6925,-63.666
1.6925,-63.675
1.6926,-63.687
1.6926,-63.696
1.6927,-63.7
1.6927,-63.702
1.6928,-63.708
1.6928,-63.721
1.6929,-63.723
1.6929,-63.724
1.693,-63.716
1.693,-63.708
1.6931,-63.708
1.6931,-63.714
1.6932,-63.716
1.6932,-63.71
1.6933,-63.71
1.6933,-63.71
1.6934,-63.713
1.6934,-63.709
1.6935,-63.71
1.6935,-63.71
1.6936,-63.71
1.6936,-63.72
1.6937,-63.724
1.6937,-63.731
1.6938,-63.727
1.6938,-63.714
1.6939,-63.708
1.6939,-63.713
1.694,-63.711
1.694,-63.703
1.6941,-63.686
1.6941,-63.678
1.6942,-63.678
1.6942,-63.676
1.6943,-63.676
1.6943,-63.676
1.6944,-63.676
1.6944,-63.675
1.6945,-63.671
1.6945,-63.666
1.6946,-63.665
1.6946,-63.658
1.6947,-63.654
1.6947,-63.649
1.6948,-63.647
1.6948,-63.645
1.6949,-63.639
1.6949,-63.639
1.695,-63.645
1.695,-63.644
1.6951,-63.64
1.6951,-63.636
1.6952,-63.636
1.6952,-63.633
1.6953,-63.626
1.6953,-63.62
1.6954,-63.621
1.6954,-63.629
1.6955,-63.639
1.6955,-63.643
1.6956,-63.65
1.6956,-63.656
1.6957,-63.658
1.6957,-63.675
1.6958,-63.687
1.6958,-63.692
1.6959,-63.702
1.6959,-63.702
1.696,-63.702
1.696,-63.713
1.6961,-63.719
1.6961,-63.717
1.6962,-63.717
1.6962,-63.717
1.6963,-63.72
1.6963,-63.721
1.6964,-63.725
1.6964,-63.72
1.6965,-63.719
1.6965,-63.725
1.6966,-63.73
1.6966,-63.732
1.6967,-63.732
1.6967,-63.733
1.6968,-63.733
1.6968,-63.747
1.6969,-63.762
1.6969,-63.765
1.697,-63.768
1.697,-63.771
1.6971,-63.777
1.6971,-63.78
1.6972,-63.787
1.6972,-63.787
1.6973,-63.781
1.6973,-63.779
1.6974,-63.779
1.6974,-63.781
1.6975,-63.782
1.6975,-63.775
1.6976,-63.765
1.6976,-63.765
1.6977,-63.772
1.6977,-63.787
1.6978,-63.787
1.6978,-63.787
1.6979,-63.776
1.6979,-63.765
1.698,-63.765
1.698,-63.769
1.6981,-63.769
1.6981,-63.77
1.6982,-63.771
1.6982,-63.774
1.6983,-63.774
1.6983,-63.771
1.6984,-63.771
1.6984,-63.768
1.6985,-63.768
1.6985,-63.767
1.6986,-63.763
1.6986,-63.765
1.6986,-63.769
1.6987,-63.77
1.6987,-63.771
1.6988,-63.771
1.6988,-63.77
1.6989,-63.77
1.6989,-63.772
1.699,-63.776
1.699,-63.778
1.6991,-63.778
1.6991,-63.778
1.6992,-63.779
1.6992,-63.783
1.6993,-63.783
1.6993,-63.781
1.6994,-63.783
1.6994,-63.786
1.6995,-63.79
1.6995,-63.793
1.6996,-63.795
1.6996,-63.795
1.6997,-63.798
1.6997,-63.802
1.6998,-63.806
1.6998,-63.803
1.6999,-63.805
1.6999,-63.81
1.7,-63.815
1.7,-63.821
1.7001,-63.826
1.7001,-63.827
1.7002,-63.821
1.7002,-63.823
1.7003,-63.827
1.7003,-63.83
1.7004,-63.83
1.7004,-63.83
1.7005,-63.832
1.7005,-63.832
1.7006,-63.836
1.7006,-63.841
1.7007,-63.845
1.7007,-63.855
1.7008,-63.859
1.7008,-63.864
1.7009,-63.872
1.7009,-63.879
1.701,-63.881
1.701,-63.885
1.7011,-63.889
1.7011,-63.892
1.7012,-63.893
1.7012,-63.896
1.7013,-63.9
1.7013,-63.903
1.7014,-63.906
1.7014,-63.91
1.7015,-63.911
1.7015,-63.913
1.7016,-63.919
1.7016,-63.922
1.7017,-63.924
1.7017,-63.922
1.7018,-63.922
1.7018,-63.924
1.7019,-63.926
1.7019,-63.924
1.702,-63.924
1.702,-63.92
1.7021,-63.92
1.7021,-63.92
1.7022,-63.922
1.7022,-63.922
1.7023,-63.922
1.7023,-63.921
1.7024,-63.923
1.7024,-63.926
1.7025,-63.928
1.7025,-63.928
1.7026,-63.928
1.7026,-63.928
1.7027,-63.928
1.7027,-63.927
1.7028,-63.93
1.7028,-63.941
1.7029,-63.952
1.7029,-63.955
1.703,-63.956
1.703,-63.953
1.7031,-63.951
1.7031,-63.946
1.7032,-63.939
1.7032,-63.935
1.7033,-63.935
1.7033,-63.935
1.7034,-63.935
1.7034,-63.933
1.7035,-63.929
1.7035,-63.929
1.7036,-63.93
1.7036,-63.93
1.7037,-63.932
1.7037,-63.932
1.7038,-63.932
1.7038,-63.924
1.7039,-63.924
1.7039,-63.89
1.704,-63.85
1.704,-63.829
1.7041,-63.828
1.7041,-63.829
1.7042,-63.78
1.7042,-63.741
1.7043,-63.726
1.7043,-63.714
1.7044,-63.714
1.7044,-63.714
1.7045,-63.707
1.7045,-63.71
1.7046,-63.71
1.7046,-63.703
1.7047,-63.694
1.7047,-63.694
1.7048,-63.694
1.7048,-63.683
1.7049,-63.675
1.7049,-63.673
1.705,-63.672
1.705,-63.665
1.7051,-63.653
1.7051,-63.648
1.7052,-63.646
1.7052,-63.642
1.7053,-63.642
1.7053,-63.642
1.7054,-63.64
1.7054,-63.633
1.7055,-63.628
1.7055,-63.606
1.7056,-63.592
1.7056,-63.58
1.7057,-63.566
1.7057,-63.555
1.7058,-63.544
1.7058,-63.547
1.7059,-63.552
1.7059,-63.552
1.706,-63.547
1.706,-63.541
1.7061,-63.533
1.7061,-63.527
1.7062,-63.527
1.7062,-63.527
1.7063,-63.521
1.7063,-63.513
1.7064,-63.515
1.7064,-63.52
1.7065,-63.522
1.7065,-63.519
1.7066,-63.516
1.7066,-63.513
1.7067,-63.512
1.7067,-63.514
1.7068,-63.515
1.7068,-63.515
1.7069,-63.51
1.7069,-63.504
1.707,-63.501
1.707,-63.497
1.7071,-63.499
1.7071,-63.498
1.7072,-63.509
1.7072,-63.517
1.7073,-63.52
1.7073,-63.529
1.7074,-63.536
1.7074,-63.541
1.7075,-63.542
1.7075,-63.542
1.7076,-63.543
1.7076,-63.546
1.7077,-63.55
1.7077,-63.552
1.7078,-63.555
1.7078,-63.562
1.7079,-63.578
1.7079,-63.586
1.708,-63.591
1.708,-63.596
1.7081,-63.596
1.7081,-63.594
1.7082,-63.597
1.7082,-63.604
1.7083,-63.606
1.7083,-63.605
1.7084,-63.61
1.7084,-63.616
1.7085,-63.617
1.7085,-63.62
1.7086,-63.626
1.7086,-63.626
1.7087,-63.63
1.7087,-63.632
1.7088,-63.632
1.7088,-63.63
1.7089,-63.626
1.7089,-63.62
1.709,-63.62
1.709,-63.626
1.7091,-63.626
1.7091,-63.617
1.7092,-63.611
1.7092,-63.601
1.7093,-63.601
1.7093,-63.608
1.7094,-63.608
1.7094,-63.608
1.7095,-63.611
1.7095,-63.616
1.7096,-63.617
1.7096,-63.607
1.7097,-63.607
1.7097,-63.602
1.7098,-63.6
1.7098,-63.593
1.7099,-63.59
1.7099,-63.588
1.71,-63.594
1.71,-63.599
1.7101,-63.601
1.7101,-63.607
1.7102,-63.613
1.7102,-63.623
1.7103,-63.626
1.7103,-63.636
1.7104,-63.643
1.7104,-63.648
1.7105,-63.648
1.7105,-63.648
1.7106,-63.648
1.7106,-63.651
1.7107,-63.654
1.7107,-63.656
1.7108,-63.657
1.7108,-63.659
1.7109,-63.667
1.7109,-63.678
1.711,-63.681
1.711,-63.681
1.7111,-63.681
1.7111,-63.681
1.7112,-63.679
1.7112,-63.678
1.7113,-63.678
1.7113,-63.683
1.7114,-63.697
1.7114,-63.711
1.7115,-63.719
1.7115,-63.726
1.7116,-63.733
1.7116,-63.738
1.7117,-63.739
1.7117,-63.739
1.7118,-63.738
1.7118,-63.738
1.7119,-63.737
1.7119,-63.738
1.712,-63.748
1.712,-63.742
1.7121,-63.745
1.7121,-63.746
1.7122,-63.749
1.7122,-63.759
1.7123,-63.761
1.7123,-63.758
1.7123,-63.758
1.7124,-63.767
1.7124,-63.767
1.7125,-63.765
1.7125,-63.764
1.7126,-63.762
1.7126,-63.763
1.7127,-63.761
1.7127,-63.755
1.7128,-63.749
1.7128,-63.746
1.7129,-63.743
1.7129,-63.743
1.713,-63.74
1.713,-63.733
1.7131,-63.728
1.7131,-63.713
1.7132,-63.713
1.7132,-63.701
1.7133,-63.687
1.7133,-63.679
1.7134,-63.672
1.7134,-63.665
1.7135,-63.652
1.7135,-63.639
1.7136,-63.598
1.7136,-63.565
1.7137,-63.546
1.7137,-63.532
1.7138,-63.525
1.7138,-63.505
1.7139,-63.479
1.7139,-63.471
1.714,-63.469
1.714,-63.469
1.7141,-63.462
1.7141,-63.456
1.7142,-63.453
1.7142,-63.456
1.7143,-63.459
1.7143,-63.459
1.7144,-63.459
1.7144,-63.456
1.7145,-63.457
1.7145,-63.461
1.7146,-63.461
1.7146,-63.458
1.7147,-63.453
1.7147,-63.456
1.7148,-63.452
1.7148,-63.45
1.7149,-63.452
1.7149,-63.453
1.715,-63.455
1.715,-63.458
1.7151,-63.462
1.7151,-63.463
1.7152,-63.466
1.7152,-63.474
1.7153,-63.482
1.7153,-63.482
1.7154,-63.478
1.7154,-63.48
1.7155,-63.488
1.7155,-63.494
1.7156,-63.496
1.7156,-63.494
1.7157,-63.493
1.7157,-63.497
1.7158,-63.499
1.7158,-63.51
1.7159,-63.519
1.7159,-63.522
1.716,-63.527
1.716,-63.53
1.7161,-63.535
1.7161,-63.537
1.7162,-63.537
1.7162,-63.537
1.7163,-63.538
1.7163,-63.542
1.7164,-63.552
1.7164,-63.555
1.7165,-63.547
1.7165,-63.547
1.7166,-63.556
1.7166,-63.565
1.7167,-63.557
1.7167,-63.557
1.7168,-63.565
1.7168,-63.569
1.7169,-63.573
1.7169,-63.575
1.717,-63.578
1.717,-63.584
1.7171,-63.595
1.7171,-63.611
1.7172,-63.62
1.7172,-63.623
1.7173,-63.627
1.7173,-63.634
1.7174,-63.634
1.7174,-63.636
1.7175,-63.633
1.7175,-63.637
1.7176,-63.635
1.7176,-63.633
1.7177,-63.635
1.7177,-63.633
1.7178,-63.631
1.7178,-63.633
1.7179,-63.623
1.7179,-63.62
1.718,-63.607
1.718,-63.604
1.7181,-63.601
1.7181,-63.601
1.7182,-63.601
1.7182,-63.599
1.7183,-63.599
1.7183,-63.601
1.7184,-63.604
1.7184,-63.609
1.7185,-63.613
1.7185,-63.614
1.7186,-63.62
1.7186,-63.63
1.7187,-63.636
1.7187,-63.645
1.7188,-63.652
1.7188,-63.655
1.7189,-63.657
1.7189,-63.657
1.719,-63.661
1.719,-63.661
1.7191,-63.668
1.7191,-63.678
1.7192,-63.689
1.7192,-63.701
1.7193,-63.709
1.7193,-63.71
1.7194,-63.711
1.7194,-63.718
1.7195,-63.726
1.7195,-63.729
1.7196,-63.731
1.7196,-63.732
1.7197,-63.73
1.7197,-63.724
1.7198,-63.716
1.7198,-63.723
1.7199,-63.728
1.7199,-63.733
1.72,-63.738
1.72,-63.738
1.7201,-63.743
1.7201,-63.745
1.7202,-63.747
1.7202,-63.749
1.7203,-63.748
1.7203,-63.745
1.7204,-63.746
1.7204,-63.745
1.7205,-63.75
1.7205,-63.757
1.7206,-63.762
1.7206,-63.77
1.7207,-63.779
1.7207,-63.786
1.7208,-63.79
1.7208,-63.796
1.7209,-63.802
1.7209,-63.81
1.721,-63.815
1.721,-63.815
1.7211,-63.819
1.7211,-63.82
1.7212,-63.818
1.7212,-63.818
1.7213,-63.822
1.7213,-63.823
1.7214,-63.826
1.7214,-63.829
1.7215,-63.835
1.7215,-63.837
1.7216,-63.841
1.7216,-63.845
1.7217,-63.843
1.7217,-63.841
1.7218,-63.841
1.7218,-63.839
1.7219,-63.836
1.7219,-63.83
1.722,-63.826
1.722,-63.826
1.7221,-63.818
1.7221,-63.813
1.7222,-63.806
1.7222,-63.805
1.7223,-63.805
1.7223,-63.8
1.7224,-63.803
1.7224,-63.803
1.7225,-63.803
1.7225,-63.793
1.7226,-63.788
1.7226,-63.784
1.7227,-63.779
1.7227,-63.779
1.7228,-63.782
1.7228,-63.784
1.7229,-63.782
1.7229,-63.782
1.723,-63.779
1.723,-63.772
1.7231,-63.765
1.7231,-63.761
1.7232,-63.754
1.7232,-63.744
1.7233,-63.731
1.7233,-63.716
1.7234,-63.704
1.7234,-63.687
1.7235,-63.674
1.7235,-63.668
1.7236,-63.664
1.7236,-63.659
1.7237,-63.655
1.7237,-63.645
1.7238,-63.636
1.7238,-63.632
1.7239,-63.631
1.7239,-63.63
1.724,-63.619
1.724,-63.607
1.7241,-63.602
1.7241,-63.597
1.7242,-63.595
1.7242,-63.595
1.7243,-63.597
1.7243,-63.597
1.7244,-63.606
1.7244,-63.617
1.7245,-63.617
1.7245,-63.622
1.7246,-63.64
1.7246,-63.655
1.7247,-63.658
1.7247,-63.662
1.7248,-63.669
1.7248,-63.675
1.7249,-63.678
1.7249,-63.678
1.725,-63.681
1.725,-63.684
1.7251,-63.688
1.7251,-63.694
1.7252,-63.696
1.7252,-63.7
1.7253,-63.699
1.7253,-63.697
1.7254,-63.702
1.7254,-63.702
1.7255,-63.702
1.7255,-63.702
1.7256,-63.702
1.7256,-63.7
1.7257,-63.693
1.7257,-63.687
1.7258,-63.684
1.7258,-63.682
1.7259,-63.682
1.7259,-63.682
1.726,-63.682
1.726,-63.684
1.726,-63.684
1.7261,-63.684
1.7261,-63.684
1.7262,-63.684
1.7262,-63.682
1.7263,-63.671
1.7263,-63.66
1.7264,-63.662
1.7264,-63.673
1.7265,-63.68
1.7265,-63.678
1.7266,-63.668
1.7266,-63.662
1.7267,-63.671
1.7267,-63.68
1.7268,-63.681
1.7268,-63.684
1.7269,-63.684
1.7269,-63.684
1.727,-63.689
1.727,-63.687
1.7271,-63.678
1.7271,-63.671
1.7272,-63.659
1.7272,-63.65
1.7273,-63.65
1.7273,-63.65
1.7274,-63.653
1.7274,-63.653
1.7275,-63.65
1.7275,-63.647
1.7276,-63.646
1.7276,-63.639
1.7277,-63.624
1.7277,-63.618
1.7278,-63.614
1.7278,-63.61
1.7279,-63.607
1.7279,-63.606
1.728,-63.604
1.728,-63.601
1.7281,-63.601
1.7281,-63.612
1.7282,-63.612
1.7282,-63.612
1.7283,-63.621
1.7283,-63.619
1.7284,-63.627
1.7284,-63.634
1.7285,-63.636
1.7285,-63.64
1.7286,-63.64
1.7286,-63.64
1.7287,-63.654
1.7287,-63.671
1.7288,-63.691
1.7288,-63.706
1.7289,-63.708
1.7289,-63.708
1.729,-63.716
1.729,-63.72
1.7291,-63.722
1.7291,-63.722
1.7292,-63.726
1.7292,-63.729
1.7293,-63.728
1.7293,-63.731
1.7294,-63.734
1.7294,-63.731
1.7295,-63.732
1.7295,-63.735
1.7296,-63.733
1.7296,-63.736
1.7297,-63.736
1.7297,-63.736
1.7298,-63.747
1.7298,-63.747
1.7299,-63.739
1.7299,-63.737
1.73,-63.738
1.73,-63.738
1.7301,-63.733
1.7301,-63.729
1.7302,-63.729
1.7302,-63.729
1.7303,-63.726
1.7303,-63.725
1.7304,-63.726
1.7304,-63.725
1.7305,-63.723
1.7305,-63.723
1.7306,-63.722
1.7306,-63.72
1.7307,-63.721
1.7307,-63.721
1.7308,-63.722
1.7308,-63.725
1.7309,-63.723
1.7309,-63.736
1.731,-63.745
1.731,-63.747
1.7311,-63.751
1.7311,-63.749
1.7312,-63.749
1.7312,-63.752
1.7313,-63.752
1.7313,-63.75
1.7314,-63.748
1.7314,-63.747
1.7315,-63.747
1.7315,-63.748
1.7316,-63.749
1.7316,-63.752
1.7317,-63.758
1.7317,-63.758
1.7318,-63.764
1.7318,-63.766
1.7319,-63.766
1.7319,-63.766
1.732,-63.768
1.732,-63.772
1.7321,-63.774
1.7321,-63.777
1.7322,-63.777
1.7322,-63.788
1.7323,-63.791
1.7323,-63.796
1.7324,-63.8
1.7324,-63.801
1.7325,-63.803
1.7325,-63.813
1.7326,-63.813
1.7326,-63.813
1.7327,-63.816
1.7327,-63.808
1.7328,-63.797
1.7328,-63.797
1.7329,-63.81
1.7329,-63.812
1.733,-63.812
1.733,-63.811
1.7331,-63.819
1.7331,-63.823
1.7332,-63.824
1.7332,-63.821
1.7333,-63.813
1.7333,-63.813
1.7334,-63.813
1.7334,-63.813
1.7335,-63.81
1.7335,-63.807
1.7336,-63.8
1.7336,-63.799
1.7337,-63.799
1.7337,-63.799
1.7338,-63.798
1.7338,-63.797
1.7339,-63.797
1.7339,-63.797
1.734,-63.797
1.734,-63.797
1.7341,-63.797
1.7341,-63.797
1.7342,-63.797
1.7342,-63.796
1.7343,-63.79
1.7343,-63.784
1.7344,-63.781
1.7344,-63.78
1.7345,-63.778
1.7345,-63.774
1.7346,-63.767
1.7346,-63.764
1.7347,-63.759
1.7347,-63.752
1.7348,-63.745
1.7348,-63.739
1.7349,-63.736
1.7349,-63.735
1.735,-63.736
1.735,-63.733
1.7351,-63.731
1.7351,-63.73
1.7352,-63.734
1.7352,-63.742
1.7353,-63.746
1.7353,-63.745
1.7354,-63.745
1.7354,-63.747
1.7355,-63.756
1.7355,-63.753
1.7356,-63.743
1.7356,-63.735
1.7357,-63.72
1.7357,-63.71
1.7358,-63.705
1.7358,-63.71
1.7359,-63.717
1.7359,-63.723
1.736,-63.723
1.736,-63.725
1.7361,-63.726
1.7361,-63.723
1.7362,-63.726
1.7362,-63.728
1.7363,-63.728
1.7363,-63.727
1.7364,-63.726
1.7364,-63.725
1.7365,-63.725
1.7365,-63.725
1.7366,-63.729
1.7366,-63.726
1.7367,-63.723
1.7367,-63.722
1.7368,-63.716
1.7368,-63.713
1.7369,-63.712
1.7369,-63.707
1.737,-63.704
1.737,-63.707
1.7371,-63.709
1.7371,-63.706
1.7372,-63.705
1.7372,-63.702
1.7373,-63.697
1.7373,-63.7
1.7374,-63.699
1.7374,-63.694
1.7375,-63.691
1.7375,-63.691
1.7376,-63.689
1.7376,-63.691
1.7377,-63.687
1.7377,-63.696
1.7378,-63.706
1.7378,-63.708
1.7379,-63.71
1.7379,-63.71
1.738,-63.72
1.738,-63.72
1.7381,-63.71
1.7381,-63.71
1.7382,-63.721
1.7382,-63.73
1.7383,-63.735
1.7383,-63.735
1.7384,-63.735
1.7384,-63.74
1.7385,-63.742
1.7385,-63.742
1.7386,-63.737
1.7386,-63.737
1.7387,-63.742
1.7387,-63.742
1.7388,-63.743
1.7388,-63.743
1.7389,-63.743
1.7389,-63.745
1.739,-63.754
1.739,-63.765
1.7391,-63.762
1.7391,-63.762
1.7392,-63.765
1.7392,-63.765
1.7393,-63.779
1.7393,-63.784
1.7394,-63.787
1.7394,-63.793
1.7395,-63.796
1.7395,-63.796
1.7396,-63.797
1.7396,-63.791
1.7397,-63.791
1.7397,-63.797
1.7397,-63.803
1.7398,-63.803
1.7398,-63.803
1.7399,-63.81
1.7399,-63.81
1.74,-63.81
1.74,-63.81
1.7401,-63.754
1.7401,-63.708
1.7402,-63.717
1.7402,-63.726
1.7403,-63.734
1.7403,-63.736
1.7404,-63.739
1.7404,-63.745
1.7405,-63.751
1.7405,-63.752
1.7406,-63.754
1.7406,-63.754
1.7407,-63.754
1.7407,-63.75
1.7408,-63.747
1.7408,-63.75
1.7409,-63.75
1.7409,-63.752
1.741,-63.759
1.741,-63.764
1.7411,-63.768
1.7411,-63.768
1.7412,-63.771
1.7412,-63.768
1.7413,-63.768
1.7413,-63.771
1.7414,-63.771
1.7414,-63.772
1.7415,-63.778
1.7415,-63.783
1.7416,-63.786
1.7416,-63.788
1.7417,-63.789
1.7417,-63.787
1.7418,-63.791
1.7418,-63.793
1.7419,-63.794
1.7419,-63.792
1.742,-63.8
1.742,-63.803
1.7421,-63.807
1.7421,-63.813
1.7422,-63.813
1.7422,-63.81
1.7423,-63.81
1.7423,-63.81
1.7424,-63.812
1.7424,-63.813
1.7425,-63.817
1.7425,-63.821
1.7426,-63.827
1.7426,-63.834
1.7427,-63.839
1.7427,-63.842
1.7428,-63.842
1.7428,-63.844
1.7429,-63.848
1.7429,-63.852
1.743,-63.854
1.743,-63.855
1.7431,-63.858
1.7431,-63.861
1.7432,-63.864
1.7432,-63.868
1.7433,-63.871
1.7433,-63.87
1.7434,-63.868
1.7434,-63.869
1.7435,-63.869
1.7435,-63.877
1.7436,-63.877
1.7436,-63.887
1.7437,-63.881
1.7437,-63.884
1.7438,-63.903
1.7438,-63.916
1.7439,-63.919
1.7439,-63.921
1.744,-63.921
1.744,-63.923
1.7441,-63.922
1.7441,-63.924
1.7442,-63.926
1.7442,-63.932
1.7443,-63.932
1.7443,-63.935
1.7444,-63.935
1.7444,-63.939
1.7445,-63.948
1.7445,-63.954
1.7446,-63.948
1.7446,-63.948
1.7447,-63.951
1.7447,-63.953
1.7448,-63.953
1.7448,-63.953
1.7449,-63.953
1.7449,-63.953
1.745,-63.953
1.745,-63.958
1.7451,-63.952
1.7451,-63.945
1.7452,-63.944
1.7452,-63.945
1.7453,-63.942
1.7453,-63.945
1.7454,-63.946
1.7454,-63.946
1.7455,-63.946
1.7455,-63.947
1.7456,-63.946
1.7456,-63.945
1.7457,-63.942
1.7457,-63.941
1.7458,-63.938
1.7458,-63.938
1.7459,-63.945
1.7459,-63.939
1.746,-63.935
1.746,-63.932
1.7461,-63.925
1.7461,-63.921
1.7462,-63.923
1.7462,-63.923
1.7463,-63.922
1.7463,-63.927
1.7464,-63.934
1.7464,-63.938
1.7465,-63.934
1.7465,-63.932
1.7466,-63.932
1.7466,-63.933
1.7467,-63.932
1.7467,-63.93
1.7468,-63.926
1.7468,-63.922
1.7469,-63.916
1.7469,-63.908
1.747,-63.901
1.747,-63.895
1.7471,-63.893
1.7471,-63.893
1.7472,-63.893
1.7472,-63.881
1.7473,-63.881
1.7473,-63.881
1.7474,-63.874
1.7474,-63.87
1.7475,-63.874
1.7475,-63.884
1.7476,-63.884
1.7476,-63.879
1.7477,-63.875
1.7477,-63.874
1.7478,-63.881
1.7478,-63.876
1.7479,-63.858
1.7479,-63.853
1.748,-63.848
1.748,-63.848
1.7481,-63.831
1.7481,-63.831
1.7482,-63.831
1.7482,-63.816
1.7483,-63.812
1.7483,-63.809
1.7484,-63.807
1.7484,-63.803
1.7485,-63.809
1.7485,-63.813
1.7486,-63.811
1.7486,-63.811
1.7487,-63.811
1.7487,-63.811
1.7488,-63.811
1.7488,-63.811
1.7489,-63.811
1.7489,-63.806
1.749,-63.8
1.749,-63.794
1.7491,-63.794
1.7491,-63.789
1.7492,-63.789
1.7492,-63.789
1.7493,-63.791
1.7493,-63.791
1.7494,-63.791
1.7494,-63.791
1.7495,-63.791
1.7495,-63.791
1.7496,-63.79
1.7496,-63.79
1.7497,-63.784
1.7497,-63.792
1.7498,-63.797
1.7498,-63.799
1.7499,-63.799
1.7499,-63.799
1.75,-63.799
1.75,-63.797
1.7501,-63.792
1.7501,-63.795
1.7502,-63.792
1.7502,-63.79
1.7503,-63.79
1.7503,-63.795
1.7504,-63.804
1.7504,-63.804
1.7505,-63.797
1.7505,-63.787
1.7506,-63.792
1.7506,-63.797
1.7507,-63.803
1.7507,-63.804
1.7508,-63.804
1.7508,-63.808
1.7509,-63.81
1.7509,-63.81
1.751,-63.807
1.751,-63.803
1.7511,-63.803
1.7511,-63.8
1.7512,-63.8
1.7512,-63.797
1.7513,-63.794
1.7513,-63.79
1.7514,-63.787
1.7514,-63.787
1.7515,-63.787
1.7515,-63.787
1.7516,-63.784
1.7516,-63.784
1.7517,-63.785
1.7517,-63.787
1.7518,-63.791
1.7518,-63.797
1.7519,-63.797
1.7519,-63.797
1.752,-63.797
1.752,-63.796
1.7521,-63.793
1.7521,-63.788
1.7522,-63.791
1.7522,-63.79
1.7523,-63.789
1.7523,-63.783
1.7524,-63.78
1.7524,-63.784
1.7525,-63.784
1.7525,-63.78
1.7526,-63.774
1.7526,-63.77
1.7527,-63.774
1.7527,-63.778
1.7528,-63.771
1.7528,-63.763
1.7529,-63.755
1.7529,-63.758
1.753,-63.765
1.753,-63.772
1.7531,-63.768
1.7531,-63.766
1.7532,-63.765
1.7532,-63.765
1.7533,-63.758
1.7533,-63.746
1.7534,-63.745
1.7534,-63.736
1.7534,-63.736
1.7535,-63.739
1.7535,-63.735
1.7536,-63.731
1.7536,-63.72
1.7537,-63.731
1.7537,-63.736
1.7538,-63.74
1.7538,-63.74
1.7539,-63.736
1.7539,-63.729
1.754,-63.729
1.754,-63.723
1.7541,-63.719
1.7541,-63.713
1.7542,-63.717
1.7542,-63.721
1.7543,-63.721
1.7543,-63.717
1.7544,-63.717
1.7544,-63.713
1.7545,-63.719
1.7545,-63.721
1.7546,-63.723
1.7546,-63.72
1.7547,-63.718
1.7547,-63.717
1.7548,-63.718
1.7548,-63.721
1.7549,-63.717
1.7549,-63.716
1.755,-63.716
1.755,-63.716
1.7551,-63.721
1.7551,-63.723
1.7552,-63.726
1.7552,-63.728
1.7553,-63.733
1.7553,-63.742
1.7554,-63.749
1.7554,-63.749
1.7555,-63.749
1.7555,-63.749
1.7556,-63.749
1.7556,-63.749
1.7557,-63.749
1.7557,-63.749
1.7558,-63.749
1.7558,-63.745
1.7559,-63.744
1.7559,-63.744
1.756,-63.744
1.756,-63.738
1.7561,-63.737
1.7561,-63.737
1.7562,-63.735
1.7562,-63.726
1.7563,-63.723
1.7563,-63.717
1.7564,-63.712
1.7564,-63.7
1.7565,-63.691
1.7565,-63.681
1.7566,-63.674
1.7566,-63.666
1.7567,-63.645
1.7567,-63.605
1.7568,-63.58
1.7568,-63.552
1.7569,-63.517
1.7569,-63.499
1.757,-63.475
1.757,-63.447
1.7571,-63.435
1.7571,-63.407
1.7572,-63.375
1.7572,-63.342
1.7573,-63.314
1.7573,-63.303
1.7574,-63.288
1.7574,-63.28
1.7575,-63.28
1.7575,-63.28
1.7576,-63.266
1.7576,-63.251
1.7577,-63.251
1.7577,-63.239
1.7578,-63.237
1.7578,-63.245
1.7579,-63.261
1.7579,-63.261
1.758,-63.261
1.758,-63.262
1.7581,-63.261
1.7581,-63.272
1.7582,-63.275
1.7582,-63.275
1.7583,-63.275
1.7583,-63.275
1.7584,-63.275
1.7584,-63.278
1.7585,-63.285
1.7585,-63.283
1.7586,-63.288
1.7586,-63.292
1.7587,-63.293
1.7587,-63.293
1.7588,-63.282
1.7588,-63.274
1.7589,-63.277
1.7589,-63.283
1.759,-63.277
1.759,-63.285
1.7591,-63.291
1.7591,-63.289
1.7592,-63.293
1.7592,-63.298
1.7593,-63.308
1.7593,-63.321
1.7594,-63.33
1.7594,-63.334
1.7595,-63.34
1.7595,-63.343
1.7596,-63.346
1.7596,-63.35
1.7597,-63.354
1.7597,-63.36
1.7598,-63.365
1.7598,-63.367
1.7599,-63.369
1.7599,-63.369
1.76,-63.369
1.76,-63.376
1.7601,-63.386
1.7601,-63.394
1.7602,-63.401
1.7602,-63.406
1.7603,-63.412
1.7603,-63.417
1.7604,-63.419
1.7604,-63.418
1.7605,-63.421
1.7605,-63.424
1.7606,-63.426
1.7606,-63.434
1.7607,-63.436
1.7607,-63.443
1.7608,-63.448
1.7608,-63.455
1.7609,-63.461
1.7609,-63.46
1.761,-63.462
1.761,-63.465
1.7611,-63.475
1.7611,-63.484
1.7612,-63.479
1.7612,-63.476
1.7613,-63.475
1.7613,-63.479
1.7614,-63.489
1.7614,-63.498
1.7615,-63.504
1.7615,-63.508
1.7616,-63.51
1.7616,-63.513
1.7617,-63.514
1.7617,-63.517
1.7618,-63.521
1.7618,-63.521
1.7619,-63.523
1.7619,-63.528
1.762,-63.531
1.762,-63.535
1.7621,-63.539
1.7621,-63.542
1.7622,-63.544
1.7622,-63.547
1.7623,-63.544
1.7623,-63.542
1.7624,-63.544
1.7624,-63.547
1.7625,-63.549
1.7625,-63.55
1.7626,-63.552
1.7626,-63.549
1.7627,-63.549
1.7627,-63.552
1.7628,-63.552
1.7628,-63.552
1.7629,-63.552
1.7629,-63.556
1.763,-63.559
1.763,-63.557
1.7631,-63.565
1.7631,-63.575
1.7632,-63.57
1.7632,-63.563
1.7633,-63.556
1.7633,-63.562
1.7634,-63.57
1.7634,-63.57
1.7635,-63.562
1.7635,-63.558
1.7636,-63.558
1.7636,-63.558
1.7637,-63.558
1.7637,-63.562
1.7638,-63.565
1.7638,-63.563
1.7639,-63.564
1.7639,-63.559
1.764,-63.546
1.764,-63.546
1.7641,-63.546
1.7641,-63.546
1.7642,-63.541
1.7642,-63.542
1.7643,-63.543
1.7643,-63.543
1.7644,-63.545
1.7644,-63.548
1.7645,-63.552
1.7645,-63.556
1.7646,-63.556
1.7646,-63.556
1.7647,-63.556
1.7647,-63.558
1.7648,-63.565
1.7648,-63.573
1.7649,-63.574
1.7649,-63.576
1.765,-63.578
1.765,-63.578
1.7651,-63.578
1.7651,-63.584
1.7652,-63.591
1.7652,-63.593
1.7653,-63.6
1.7653,-63.593
1.7654,-63.599
1.7654,-63.607
1.7655,-63.606
1.7655,-63.606
1.7656,-63.606
1.7656,-63.606
1.7657,-63.604
1.7657,-63.604
1.7658,-63.598
1.7658,-63.594
1.7659,-63.595
1.7659,-63.605
1.766,-63.614
1.766,-63.614
1.7661,-63.614
1.7661,-63.617
1.7662,-63.619
1.7662,-63.619
1.7663,-63.617
1.7663,-63.617
1.7664,-63.617
1.7664,-63.615
1.7665,-63.617
1.7665,-63.617
1.7666,-63.617
1.7666,-63.615
1.7667,-63.615
1.7667,-63.618
1.7668,-63.615
1.7668,-63.615
1.7669,-63.611
1.7669,-63.611
1.767,-63.611
1.767,-63.605
1.7671,-63.615
1.7671,-63.611
1.7671,-63.609
1.7672,-63.609
1.7672,-63.609
1.7673,-63.609
1.7673,-63.606
1.7674,-63.605
1.7674,-63.605
1.7675,-63.607
1.7675,-63.607
1.7676,-63.608
1.7676,-63.616
1.7677,-63.616
1.7677,-63.619
1.7678,-63.624
1.7678,-63.624
1.7679,-63.621
1.7679,-63.618
1.768,-63.62
1.768,-63.62
1.7681,-63.622
1.7681,-63.62
1.7682,-63.626
1.7682,-63.638
1.7683,-63.645
1.7683,-63.652
1.7684,-63.651
1.7684,-63.647
1.7685,-63.648
1.7685,-63.65
1.7686,-63.651
1.7686,-63.651
1.7687,-63.65
1.7687,-63.652
1.7688,-63.658
1.7688,-63.662
1.7689,-63.668
1.7689,-63.673
1.769,-63.674
1.769,-63.676
1.7691,-63.678
1.7691,-63.682
1.7692,-63.684
1.7692,-63.693
1.7693,-63.697
1.7693,-63.704
1.7694,-63.71
1.7694,-63.707
1.7695,-63.707
1.7695,-63.708
1.7696,-63.711
1.7696,-63.716
1.7697,-63.716
1.7697,-63.716
1.7698,-63.714
1.7698,-63.714
1.7699,-63.714
1.7699,-63.714
1.77,-63.714
1.77,-63.711
1.7701,-63.71
1.7701,-63.709
1.7702,-63.707
1.7702,-63.698
1.7703,-63.691
1.7703,-63.691
1.7704,-63.698
1.7704,-63.707
1.7705,-63.708
1.7705,-63.707
1.7706,-63.71
1.7706,-63.717
1.7707,-63.72
1.7707,-63.723
1.7708,-63.724
1.7708,-63.731
1.7709,-63.742
1.7709,-63.744
1.771,-63.745
1.771,-63.745
1.7711,-63.745
1.7711,-63.742
1.7712,-63.742
1.7712,-63.736
1.7713,-63.735
1.7713,-63.734
1.7714,-63.734
1.7714,-63.72
1.7715,-63.718
1.7715,-63.711
1.7716,-63.709
1.7716,-63.698
1.7717,-63.688
1.7717,-63.681
1.7718,-63.687
1.7718,-63.683
1.7719,-63.679
1.7719,-63.679
1.772,-63.681
1.772,-63.683
1.7721,-63.678
1.7721,-63.669
1.7722,-63.669
1.7722,-63.672
1.7723,-63.675
1.7723,-63.678
1.7724,-63.676
1.7724,-63.675
1.7725,-63.681
1.7725,-63.691
1.7726,-63.69
1.7726,-63.689
1.7727,-63.682
1.7727,-63.676
1.7728,-63.676
1.7728,-63.675
1.7729,-63.678
1.7729,-63.675
1.773,-63.668
1.773,-63.668
1.7731,-63.664
1.7731,-63.664
1.7732,-63.665
1.7732,-63.66
1.7733,-63.653
1.7733,-63.649
1.7734,-63.652
1.7734,-63.652
1.7735,-63.652
1.7735,-63.652
1.7736,-63.652
1.7736,-63.652
1.7737,-63.653
1.7737,-63.659
1.7738,-63.659
1.7738,-63.662
1.7739,-63.669
1.7739,-63.682
1.774,-63.684
1.774,-63.682
1.7741,-63.681
1.7741,-63.685
1.7742,-63.694
1.7742,-63.701
1.7743,-63.701
1.7743,-63.702
1.7744,-63.71
1.7744,-63.723
1.7745,-63.726
1.7745,-63.726
1.7746,-63.728
1.7746,-63.731
1.7747,-63.739
1.7747,-63.739
1.7748,-63.739
1.7748,-63.736
1.7749,-63.736
1.7749,-63.742
1.775,-63.747
1.775,-63.743
1.7751,-63.74
1.7751,-63.743
1.7752,-63.745
1.7752,-63.749
1.7753,-63.758
1.7753,-63.763
1.7754,-63.764
1.7754,-63.778
1.7755,-63.784
1.7755,-63.792
1.7756,-63.792
1.7756,-63.8
1.7757,-63.811
1.7757,-63.819
1.7758,-63.823
1.7758,-63.829
1.7759,-63.823
1.7759,-63.823
1.776,-63.829
1.776,-63.832
1.7761,-63.836
1.7761,-63.836
1.7762,-63.833
1.7762,-63.833
1.7763,-63.837
1.7763,-63.84
1.7764,-63.84
1.7764,-63.842
1.7765,-63.842
1.7765,-63.847
1.7766,-63.844
1.7766,-63.839
1.7767,-63.839
1.7767,-63.833
1.7768,-63.83
1.7768,-63.827
1.7769,-63.823
1.7769,-63.816
1.777,-63.813
1.777,-63.803
1.7771,-63.802
1.7771,-63.798
1.7772,-63.798
1.7772,-63.798
1.7773,-63.797
1.7773,-63.801
1.7774,-63.806
1.7774,-63.806
1.7775,-63.801
1.7775,-63.801
1.7776,-63.787
1.7776,-63.775
1.7777,-63.773
1.7777,-63.763
1.7778,-63.752
1.7778,-63.754
1.7779,-63.749
1.7779,-63.739
1.778,-63.735
1.778,-63.734
1.7781,-63.726
1.7781,-63.718
1.7782,-63.715
1.7782,-63.715
1.7783,-63.71
1.7783,-63.712
1.7784,-63.71
1.7784,-63.704
1.7785,-63.696
1.7785,-63.692
1.7786,-63.692
1.7786,-63.694
1.7787,-63.697
1.7787,-63.699
1.7788,-63.697
1.7788,-63.694
1.7789,-63.694
1.7789,-63.692
1.779,-63.686
1.779,-63.679
1.7791,-63.677
1.7791,-63.68
1.7792,-63.68
1.7792,-63.681
1.7793,-63.686
1.7793,-63.681
1.7794,-63.677
1.7794,-63.676
1.7795,-63.673
1.7795,-63.67
1.7796,-63.665
1.7796,-63.652
1.7797,-63.637
1.7797,-63.632
1.7798,-63.628
1.7798,-63.623
1.7799,-63.622
1.7799,-63.62
1.78,-63.625
1.78,-63.626
1.7801,-63.627
1.7801,-63.635
1.7802,-63.642
1.7802,-63.646
1.7803,-63.649
1.7803,-63.646
1.7804,-63.647
1.7804,-63.65
1.7805,-63.655
1.7805,-63.655
1.7806,-63.657
1.7806,-63.663
1.7807,-63.675
1.7807,-63.682
1.7808,-63.694
1.7808,-63.71
1.7808,-63.712
1.7809,-63.725
1.7809,-63.725
1.781,-63.756
1.781,-63.76
1.7811,-63.766
1.7811,-63.772
1.7812,-63.773
1.7812,-63.766
1.7813,-63.758
1.7813,-63.766
1.7814,-63.768
1.7814,-63.761
1.7815,-63.761
1.7815,-63.761
1.7816,-63.762
1.7816,-63.764
1.7817,-63.766
1.7817,-63.766
1.7818,-63.767
1.7818,-63.769
1.7819,-63.766
1.7819,-63.765
1.782,-63.763
1.782,-63.765
1.7821,-63.766
1.7821,-63.766
1.7822,-63.766
1.7822,-63.769
1.7823,-63.771
1.7823,-63.78
1.7824,-63.782
1.7824,-63.782
1.7825,-63.782
1.7825,-63.78
1.7826,-63.784
1.7826,-63.788
1.7827,-63.792
1.7827,-63.792
1.7828,-63.792
1.7828,-63.79
1.7829,-63.79
1.7829,-63.789
1.783,-63.785
1.783,-63.781
1.7831,-63.778
1.7831,-63.775
1.7832,-63.773
1.7832,-63.768
1.7833,-63.757
1.7833,-63.752
1.7834,-63.752
1.7834,-63.748
1.7835,-63.742
1.7835,-63.735
1.7836,-63.73
1.7836,-63.73
1.7837,-63.729
1.7837,-63.734
1.7838,-63.734
1.7838,-63.733
1.7839,-63.738
1.7839,-63.74
1.784,-63.745
1.784,-63.745
1.7841,-63.749
1.7841,-63.749
1.7842,-63.749
1.7842,-63.752
1.7843,-63.753
1.7843,-63.753
1.7844,-63.755
1.7844,-63.756
1.7845,-63.761
1.7845,-63.763
1.7846,-63.763
1.7846,-63.763
1.7847,-63.763
1.7847,-63.763
1.7848,-63.765
1.7848,-63.754
1.7849,-63.745
1.7849,-63.754
1.785,-63.764
1.785,-63.771
1.7851,-63.765
1.7851,-63.758
1.7852,-63.758
1.7852,-63.764
1.7853,-63.764
1.7853,-63.758
1.7854,-63.765
1.7854,-63.765
1.7855,-63.774
1.7855,-63.778
1.7856,-63.781
1.7856,-63.775
1.7857,-63.779
1.7857,-63.781
1.7858,-63.782
1.7858,-63.778
1.7859,-63.777
1.7859,-63.778
1.786,-63.782
1.786,-63.784
1.7861,-63.784
1.7861,-63.784
1.7862,-63.784
1.7862,-63.78
1.7863,-63.784
1.7863,-63.788
1.7864,-63.784
1.7864,-63.782
1.7865,-63.777
1.7865,-63.778
1.7866,-63.784
1.7866,-63.784
1.7867,-63.779
1.7867,-63.774
1.7868,-63.771
1.7868,-63.774
1.7869,-63.779
1.7869,-63.782
1.787,-63.777
1.787,-63.771
1.7871,-63.769
1.7871,-63.771
1.7872,-63.776
1.7872,-63.771
1.7873,-63.768
1.7873,-63.768
1.7874,-63.768
1.7874,-63.767
1.7875,-63.763
1.7875,-63.761
1.7876,-63.761
1.7876,-63.764
1.7877,-63.762
1.7877,-63.757
1.7878,-63.755
1.7878,-63.752
1.7879,-63.752
1.7879,-63.755
1.788,-63.742
1.788,-63.733
1.7881,-63.739
1.7881,-63.743
1.7882,-63.737
1.7882,-63.73
1.7883,-63.729
1.7883,-63.725
1.7884,-63.718
1.7884,-63.715
1.7885,-63.707
1.7885,-63.701
1.7886,-63.702
1.7886,-63.695
1.7887,-63.693
1.7887,-63.687
1.7888,-63.681
1.7888,-63.68
1.7889,-63.675
1.7889,-63.672
1.789,-63.668
1.789,-63.664
1.7891,-63.663
1.7891,-63.66
1.7892,-63.657
1.7892,-63.654
1.7893,-63.649
1.7893,-63.647
1.7894,-63.645
1.7894,-63.643
1.7895,-63.646
1.7895,-63.646
1.7896,-63.648
1.7896,-63.646
1.7897,-63.643
1.7897,-63.646
1.7898,-63.648
1.7898,-63.651
1.7899,-63.649
1.7899,-63.651
1.79,-63.647
1.79,-63.651
1.7901,-63.648
1.7901,-63.639
1.7902,-63.633
1.7902,-63.636
1.7903,-63.636
1.7903,-63.634
1.7904,-63.634
1.7904,-63.634
1.7905,-63.633
1.7905,-63.633
1.7906,-63.633
1.7906,-63.633
1.7907,-63.633
1.7907,-63.633
1.7908,-63.636
1.7908,-63.641
1.7909,-63.639
1.7909,-63.639
1.791,-63.639
1.791,-63.635
1.7911,-63.632
1.7911,-63.635
1.7912,-63.641
1.7912,-63.637
1.7913,-63.639
1.7913,-63.642
1.7914,-63.647
1.7914,-63.644
1.7915,-63.644
1.7915,-63.646
1.7916,-63.646
1.7916,-63.651
1.7917,-63.652
1.7917,-63.652
1.7918,-63.652
1.7918,-63.652
1.7919,-63.654
1.7919,-63.664
1.792,-63.663
1.792,-63.653
1.7921,-63.647
1.7921,-63.646
1.7922,-63.65
1.7922,-63.656
1.7923,-63.656
1.7923,-63.659
1.7924,-63.663
1.7924,-63.665
1.7925,-63.671
1.7925,-63.675
1.7926,-63.669
1.7926,-63.681
1.7927,-63.686
1.7927,-63.687
1.7928,-63.687
1.7928,-63.681
1.7929,-63.675
1.7929,-63.687
1.793,-63.697
1.793,-63.697
1.7931,-63.687
1.7931,-63.696
1.7932,-63.7
1.7932,-63.7
1.7933,-63.702
1.7933,-63.7
1.7934,-63.689
1.7934,-63.679
1.7935,-63.675
1.7935,-63.667
1.7936,-63.66
1.7936,-63.655
1.7937,-63.639
1.7937,-63.622
1.7938,-63.612
1.7938,-63.593
1.7939,-63.581
1.7939,-63.572
1.794,-63.565
1.794,-63.563
1.7941,-63.561
1.7941,-63.552
1.7942,-63.537
1.7942,-63.536
1.7943,-63.536
1.7943,-63.53
1.7944,-63.523
1.7944,-63.517
1.7945,-63.523
1.7945,-63.53
1.7945,-63.536
1.7946,-63.537
1.7946,-63.537
1.7947,-63.537
1.7947,-63.537
1.7948,-63.535
1.7948,-63.539
1.7949,-63.543
1.7949,-63.543
1.795,-63.536
1.795,-63.531
1.7951,-63.526
1.7951,-63.517
1.7952,-63.504
1.7952,-63.499
1.7953,-63.499
1.7953,-63.499
1.7954,-63.499
1.7954,-63.498
1.7955,-63.495
1.7955,-63.495
1.7956,-63.495
1.7956,-63.494
1.7957,-63.492
1.7957,-63.49
1.7958,-63.488
1.7958,-63.496
1.7959,-63.507
1.7959,-63.504
1.796,-63.513
1.796,-63.513
1.7961,-63.513
1.7961,-63.513
1.7962,-63.513
1.7962,-63.509
1.7963,-63.507
1.7963,-63.504
1.7964,-63.497
1.7964,-63.49
1.7965,-63.488
1.7965,-63.478
1.7966,-63.44
1.7966,-63.411
1.7967,-63.406
1.7967,-63.395
1.7968,-63.395
1.7968,-63.403
1.7969,-63.408
1.7969,-63.409
1.797,-63.411
1.797,-63.411
1.7971,-63.414
1.7971,-63.414
1.7972,-63.413
1.7972,-63.415
1.7973,-63.421
1.7973,-63.427
1.7974,-63.428
1.7974,-63.43
1.7975,-63.43
1.7975,-63.433
1.7976,-63.436
1.7976,-63.436
1.7977,-63.436
1.7977,-63.436
1.7978,-63.436
1.7978,-63.44
1.7979,-63.44
1.7979,-63.436
1.798,-63.436
1.798,-63.436
1.7981,-63.436
1.7981,-63.432
1.7982,-63.439
1.7982,-63.447
1.7983,-63.453
1.7983,-63.459
1.7984,-63.461
1.7984,-63.468
1.7985,-63.479
1.7985,-63.486
1.7986,-63.489
1.7986,-63.494
1.7987,-63.501
1.7987,-63.51
1.7988,-63.514
1.7988,-63.514
1.7989,-63.515
1.7989,-63.52
1.799,-63.513
1.799,-63.501
1.7991,-63.501
1.7991,-63.492
1.7992,-63.483
1.7992,-63.473
1.7993,-63.469
1.7993,-63.466
1.7994,-63.463
1.7994,-63.458
1.7995,-63.45
1.7995,-63.45
1.7996,-63.44
1.7996,-63.433
1.7997,-63.427
1.7997,-63.425
1.7998,-63.42
1.7998,-63.415
1.7999,-63.411
1.7999,-63.407
1.8,-63.402
1.8,-63.396
1.8001,-63.395
1.8001,-63.395
1.8002,-63.398
1.8002,-63.401
1.8003,-63.395
1.8003,-63.391
1.8004,-63.391
1.8004,-63.391
1.8005,-63.387
1.8005,-63.382
1.8006,-63.386
1.8006,-63.389
1.8007,-63.393
1.8007,-63.391
1.8008,-63.393
1.8008,-63.398
1.8009,-63.391
1.8009,-63.395
1.801,-63.391
1.801,-63.398
1.8011,-63.391
1.8011,-63.381
1.8012,-63.376
1.8012,-63.373
1.8013,-63.353
1.8013,-63.34
1.8014,-63.344
1.8014,-63.351
1.8015,-63.351
1.8015,-63.355
1.8016,-63.349
1.8016,-63.356
1.8017,-63.365
1.8017,-63.367
1.8018,-63.367
1.8018,-63.372
1.8019,-63.385
1.8019,-63.377
1.802,-63.377
1.802,-63.377
1.8021,-63.377
1.8021,-63.382
1.8022,-63.385
1.8022,-63.385
1.8023,-63.385
1.8023,-63.386
1.8024,-63.387
1.8024,-63.382
1.8025,-63.376
1.8025,-63.381
1.8026,-63.384
1.8026,-63.384
1.8027,-63.384
1.8027,-63.389
1.8028,-63.387
1.8028,-63.387
1.8029,-63.385
1.8029,-63.388
1.803,-63.394
1.803,-63.4
1.8031,-63.4
1.8031,-63.394
1.8032,-63.393
1.8032,-63.371
1.8033,-63.362
1.8033,-63.346
1.8034,-63.343
1.8034,-63.345
1.8035,-63.341
1.8035,-63.339
1.8036,-63.343
1.8036,-63.338
1.8037,-63.339
1.8037,-63.344
1.8038,-63.353
1.8038,-63.357
1.8039,-63.362
1.8039,-63.368
1.804,-63.371
1.804,-63.377
1.8041,-63.383
1.8041,-63.379
1.8042,-63.379
1.8042,-63.391
1.8043,-63.4
1.8043,-63.411
1.8044,-63.414
1.8044,-63.414
1.8045,-63.416
1.8045,-63.422
1.8046,-63.428
1.8046,-63.428
1.8047,-63.432
1.8047,-63.436
1.8048,-63.446
1.8048,-63.454
1.8049,-63.456
1.8049,-63.457
1.805,-63.462
1.805,-63.465
1.8051,-63.469
1.8051,-63.469
1.8052,-63.47
1.8052,-63.476
1.8053,-63.483
1.8053,-63.486
1.8054,-63.491
1.8054,-63.493
1.8055,-63.498
1.8055,-63.503
1.8056,-63.506
1.8056,-63.502
1.8057,-63.504
1.8057,-63.504
1.8058,-63.504
1.8058,-63.511
1.8059,-63.514
1.8059,-63.518
1.806,-63.523
1.806,-63.533
1.8061,-63.549
1.8061,-63.552
1.8062,-63.552
1.8062,-63.552
1.8063,-63.561
1.8063,-63.559
1.8064,-63.564
1.8064,-63.562
1.8065,-63.561
1.8065,-63.561
1.8066,-63.567
1.8066,-63.572
1.8067,-63.572
1.8067,-63.575
1.8068,-63.576
1.8068,-63.58
1.8069,-63.584
1.8069,-63.572
1.807,-63.575
1.807,-63.568
1.8071,-63.567
1.8071,-63.567
1.8072,-63.57
1.8072,-63.572
1.8073,-63.575
1.8073,-63.573
1.8074,-63.57
1.8074,-63.57
1.8075,-63.57
1.8075,-63.57
1.8076,-63.573
1.8076,-63.581
1.8077,-63.581
1.8077,-63.581
1.8078,-63.581
1.8078,-63.584
1.8079,-63.582
1.8079,-63.579
1.808,-63.575
1.808,-63.572
1.8081,-63.566
1.8081,-63.568
1.8082,-63.568
1.8082,-63.569
1.8082,-63.569
1.8083,-63.567
1.8083,-63.574
1.8084,-63.575
1.8084,-63.575
1.8085,-63.567
1.8085,-63.565
1.8086,-63.565
1.8086,-63.569
1.8087,-63.568
1.8087,-63.568
1.8088,-63.565
1.8088,-63.563
1.8089,-63.563
1.8089,-63.566
1.809,-63.567
1.809,-63.562
1.8091,-63.562
1.8091,-63.564
1.8092,-63.57
1.8092,-63.566
1.8093,-63.56
1.8093,-63.553
1.8094,-63.55
1.8094,-63.548
1.8095,-63.544
1.8095,-63.542
1.8096,-63.54
1.8096,-63.539
1.8097,-63.539
1.8097,-63.537
1.8098,-63.537
1.8098,-63.535
1.8099,-63.534
1.8099,-63.534
1.81,-63.534
1.81,-63.535
1.8101,-63.536
1.8101,-63.539
1.8102,-63.538
1.8102,-63.536
1.8103,-63.536
1.8103,-63.536
1.8104,-63.535
1.8104,-63.537
1.8105,-63.539
1.8105,-63.543
1.8106,-63.546
1.8106,-63.543
1.8107,-63.543
1.8107,-63.544
1.8108,-63.541
1.8108,-63.539
1.8109,-63.537
1.8109,-63.539
1.811,-63.541
1.811,-63.541
1.8111,-63.544
1.8111,-63.544
1.8112,-63.548
1.8112,-63.548
1.8113,-63.547
1.8113,-63.548
1.8114,-63.545
1.8114,-63.541
1.8115,-63.545
1.8115,-63.544
1.8116,-63.54
1.8116,-63.541
1.8117,-63.541
1.8117,-63.541
1.8118,-63.545
1.8118,-63.548
1.8119,-63.551
1.8119,-63.552
1.812,-63.552
1.812,-63.552
1.8121,-63.546
1.8121,-63.539
1.8122,-63.539
1.8122,-63.542
1.8123,-63.54
1.8123,-63.54
1.8124,-63.542
1.8124,-63.543
1.8125,-63.541
1.8125,-63.541
1.8126,-63.543
1.8126,-63.543
1.8127,-63.546
1.8127,-63.551
1.8128,-63.549
1.8128,-63.549
1.8129,-63.547
1.8129,-63.547
1.813,-63.547
1.813,-63.553
1.8131,-63.557
1.8131,-63.554
1.8132,-63.552
1.8132,-63.557
1.8133,-63.568
1.8133,-63.562
1.8134,-63.561
1.8134,-63.551
1.8135,-63.54
1.8135,-63.537
1.8136,-63.536
1.8136,-63.534
1.8137,-63.533
1.8137,-63.532
1.8138,-63.529
1.8138,-63.526
1.8139,-63.52
1.8139,-63.511
1.814,-63.507
1.814,-63.507
1.8141,-63.5
1.8141,-63.492
1.8142,-63.48
1.8142,-63.48
1.8143,-63.489
1.8143,-63.485
1.8144,-63.486
1.8144,-63.495
1.8145,-63.499
1.8145,-63.497
1.8146,-63.496
1.8146,-63.499
1.8147,-63.499
1.8147,-63.495
1.8148,-63.492
1.8148,-63.482
1.8149,-63.476
1.8149,-63.47
1.815,-63.465
1.815,-63.457
1.8151,-63.449
1.8151,-63.445
1.8152,-63.438
1.8152,-63.436
1.8153,-63.436
1.8153,-63.436
1.8154,-63.436
1.8154,-63.436
1.8155,-63.436
1.8155,-63.436
1.8156,-63.434
1.8156,-63.431
1.8157,-63.431
1.8157,-63.43
1.8158,-63.428
1.8158,-63.42
1.8159,-63.414
1.8159,-63.414
1.816,-63.414
1.816,-63.409
1.8161,-63.402
1.8161,-63.377
1.8162,-63.353
1.8162,-63.349
1.8163,-63.346
1.8163,-63.342
1.8164,-63.333
1.8164,-63.314
1.8165,-63.305
1.8165,-63.293
1.8166,-63.293
1.8166,-63.292
1.8167,-63.291
1.8167,-63.291
1.8168,-63.291
1.8168,-63.292
1.8169,-63.292
1.8169,-63.292
1.817,-63.292
1.817,-63.292
1.8171,-63.289
1.8171,-63.298
1.8172,-63.303
1.8172,-63.317
1.8173,-63.319
1.8173,-63.323
1.8174,-63.331
1.8174,-63.341
1.8175,-63.351
1.8175,-63.358
1.8176,-63.362
1.8176,-63.372
1.8177,-63.382
1.8177,-63.395
1.8178,-63.395
1.8178,-63.4
1.8179,-63.406
1.8179,-63.411
1.818,-63.417
1.818,-63.428
1.8181,-63.446
1.8181,-63.454
1.8182,-63.46
1.8182,-63.469
1.8183,-63.478
1.8183,-63.488
1.8184,-63.494
1.8184,-63.501
1.8185,-63.512
1.8185,-63.521
1.8186,-63.523
1.8186,-63.529
1.8187,-63.529
1.8187,-63.54
1.8188,-63.555
1.8188,-63.556
1.8189,-63.559
1.8189,-63.564
1.819,-63.568
1.819,-63.572
1.8191,-63.575
1.8191,-63.58
1.8192,-63.588
1.8192,-63.588
1.8193,-63.583
1.8193,-63.591
1.8194,-63.592
1.8194,-63.595
1.8195,-63.595
1.8195,-63.597
1.8196,-63.598
1.8196,-63.588
1.8197,-63.578
1.8197,-63.57
1.8198,-63.572
1.8198,-63.568
1.8199,-63.568
1.8199,-63.572
1.82,-63.575
1.82,-63.567
1.8201,-63.553
1.8201,-63.543
1.8202,-63.541
1.8202,-63.537
1.8203,-63.537
1.8203,-63.533
1.8204,-63.532
1.8204,-63.536
1.8205,-63.536
1.8205,-63.533
1.8206,-63.532
1.8206,-63.533
1.8207,-63.533
1.8207,-63.533
1.8208,-63.533
1.8208,-63.533
1.8209,-63.533
1.8209,-63.541
1.821,-63.541
1.821,-63.541
1.8211,-63.541
1.8211,-63.537
1.8212,-63.537
1.8212,-63.534
1.8213,-63.532
1.8213,-63.53
1.8214,-63.525
1.8214,-63.52
1.8215,-63.52
1.8215,-63.512
1.8216,-63.508
1.8216,-63.504
1.8217,-63.502
1.8217,-63.503
1.8218,-63.505
1.8218,-63.505
1.8219,-63.504
1.8219,-63.504
1.8219,-63.499
1.822,-63.491
1.822,-63.485
1.8221,-63.489
1.8221,-63.495
1.8222,-63.499
1.8222,-63.499
1.8223,-63.5
1.8223,-63.496
1.8224,-63.491
1.8224,-63.488
1.8225,-63.485
1.8225,-63.484
1.8226,-63.488
1.8226,-63.492
1.8227,-63.488
1.8227,-63.484
1.8228,-63.476
1.8228,-63.471
1.8229,-63.461
1.8229,-63.45
1.823,-63.444
1.823,-63.446
1.8231,-63.443
1.8231,-63.45
1.8232,-63.444
1.8232,-63.431
1.8233,-63.446
1.8233,-63.446
1.8234,-63.436
1.8234,-63.433
1.8235,-63.433
1.8235,-63.443
1.8236,-63.448
1.8236,-63.45
1.8237,-63.453
1.8237,-63.457
1.8238,-63.459
1.8238,-63.46
1.8239,-63.467
1.8239,-63.469
1.824,-63.469
1.824,-63.473
1.8241,-63.474
1.8241,-63.483
1.8242,-63.483
1.8242,-63.484
1.8243,-63.483
1.8243,-63.477
1.8244,-63.477
1.8244,-63.483
1.8245,-63.494
1.8245,-63.495
1.8246,-63.495
1.8246,-63.494
1.8247,-63.498
1.8247,-63.51
1.8248,-63.517
1.8248,-63.523
1.8249,-63.526
1.8249,-63.53
1.825,-63.536
1.825,-63.543
1.8251,-63.55
1.8251,-63.555
1.8252,-63.561
1.8252,-63.568
1.8253,-63.578
1.8253,-63.583
1.8254,-63.588
1.8254,-63.591
1.8255,-63.594
1.8255,-63.598
1.8256,-63.601
1.8256,-63.601
1.8257,-63.604
1.8257,-63.61
1.8258,-63.617
1.8258,-63.625
1.8259,-63.637
1.8259,-63.642
1.826,-63.645
1.826,-63.65
1.8261,-63.661
1.8261,-63.665
1.8262,-63.668
1.8262,-63.668
1.8263,-63.668
1.8263,-63.675
1.8264,-63.68
1.8264,-63.684
1.8265,-63.686
1.8265,-63.689
1.8266,-63.681
1.8266,-63.686
1.8267,-63.693
1.8267,-63.697
1.8268,-63.701
1.8268,-63.704
1.8269,-63.707
1.8269,-63.713
1.827,-63.716
1.827,-63.724
1.8271,-63.72
1.8271,-63.726
1.8272,-63.726
1.8272,-63.726
1.8273,-63.729
1.8273,-63.729
1.8274,-63.731
1.8274,-63.736
1.8275,-63.736
1.8275,-63.745
1.8276,-63.749
1.8276,-63.752
1.8277,-63.754
1.8277,-63.752
1.8278,-63.754
1.8278,-63.754
1.8279,-63.754
1.8279,-63.747
1.828,-63.747
1.828,-63.739
1.8281,-63.739
1.8281,-63.739
1.8282,-63.738
1.8282,-63.738
1.8283,-63.738
1.8283,-63.73
1.8284,-63.73
1.8284,-63.736
1.8285,-63.741
1.8285,-63.733
1.8286,-63.729
1.8286,-63.729
1.8287,-63.729
1.8287,-63.731
1.8288,-63.738
1.8288,-63.744
1.8289,-63.742
1.8289,-63.739
1.829,-63.744
1.829,-63.752
1.8291,-63.758
1.8291,-63.762
1.8292,-63.757
1.8292,-63.756
1.8293,-63.755
1.8293,-63.759
1.8294,-63.759
1.8294,-63.763
1.8295,-63.762
1.8295,-63.762
1.8296,-63.762
1.8296,-63.76
1.8297,-63.759
1.8297,-63.763
1.8298,-63.771
1.8298,-63.773
1.8299,-63.771
1.8299,-63.771
1.83,-63.771
1.83,-63.774
1.8301,-63.78
1.8301,-63.78
1.8302,-63.78
1.8302,-63.78
1.8303,-63.776
1.8303,-63.781
1.8304,-63.786
1.8304,-63.791
1.8305,-63.792
1.8305,-63.794
1.8306,-63.795
1.8306,-63.798
1.8307,-63.798
1.8307,-63.8
1.8308,-63.8
1.8308,-63.803
1.8309,-63.806
1.8309,-63.806
1.831,-63.807
1.831,-63.813
1.8311,-63.816
1.8311,-63.819
1.8312,-63.821
1.8312,-63.829
1.8313,-63.845
1.8313,-63.837
1.8314,-63.849
1.8314,-63.867
1.8315,-63.876
1.8315,-63.879
1.8316,-63.882
1.8316,-63.892
1.8317,-63.897
1.8317,-63.897
1.8318,-63.897
1.8318,-63.897
1.8319,-63.893
1.8319,-63.897
1.832,-63.897
1.832,-63.897
1.8321,-63.899
1.8321,-63.9
1.8322,-63.902
1.8322,-63.895
1.8323,-63.892
1.8323,-63.89
1.8324,-63.89
1.8324,-63.884
1.8325,-63.875
1.8325,-63.868
1.8326,-63.868
1.8326,-63.879
1.8327,-63.891
1.8327,-63.892
1.8328,-63.892
1.8328,-63.886
1.8329,-63.889
1.8329,-63.897
1.833,-63.9
1.833,-63.898
1.8331,-63.891
1.8331,-63.891
1.8332,-63.904
1.8332,-63.916
1.8333,-63.918
1.8333,-63.918
1.8334,-63.922
1.8334,-63.924
1.8335,-63.929
1.8335,-63.931
1.8336,-63.929
1.8336,-63.927
1.8337,-63.934
1.8337,-63.934
1.8338,-63.932
1.8338,-63.937
1.8339,-63.935
1.8339,-63.93
1.834,-63.93
1.834,-63.932
1.8341,-63.927
1.8341,-63.927
1.8342,-63.922
1.8342,-63.922
1.8343,-63.922
1.8343,-63.919
1.8344,-63.919
1.8344,-63.919
1.8345,-63.925
1.8345,-63.925
1.8346,-63.921
1.8346,-63.918
1.8347,-63.92
1.8347,-63.921
1.8348,-63.922
1.8348,-63.921
1.8349,-63.916
1.8349,-63.912
1.835,-63.912
1.835,-63.912
1.8351,-63.912
1.8351,-63.908
1.8352,-63.906
1.8352,-63.906
1.8353,-63.905
1.8353,-63.906
1.8354,-63.902
1.8354,-63.9
1.8355,-63.906
1.8355,-63.908
1.8356,-63.911
1.8356,-63.908
1.8356,-63.912
1.8357,-63.916
1.8357,-63.924
1.8358,-63.929
1.8358,-63.933
1.8359,-63.933
1.8359,-63.929
1.836,-63.937
1.836,-63.945
1.8361,-63.945
1.8361,-63.946
1.8362,-63.948
1.8362,-63.951
1.8363,-63.958
1.8363,-63.968
1.8364,-63.968
1.8364,-63.979
1.8365,-63.989
1.8365,-64.003
1.8366,-64.006
1.8366,-64.008
1.8367,-64.005
1.8367,-64.002
1.8368,-64.009
1.8368,-64.005
1.8369,-63.998
1.8369,-63.987
1.837,-63.979
1.837,-63.976
1.8371,-63.975
1.8371,-63.969
1.8372,-63.962
1.8372,-63.961
1.8373,-63.962
1.8373,-63.961
1.8374,-63.957
1.8374,-63.957
1.8375,-63.955
1.8375,-63.953
1.8376,-63.951
1.8376,-63.946
1.8377,-63.942
1.8377,-63.933
1.8378,-63.929
1.8378,-63.925
1.8379,-63.914
1.8379,-63.911
1.838,-63.917
1.838,-63.916
1.8381,-63.915
1.8381,-63.907
1.8382,-63.896
1.8382,-63.893
1.8383,-63.89
1.8383,-63.888
1.8384,-63.886
1.8384,-63.866
1.8385,-63.87
1.8385,-63.876
1.8386,-63.876
1.8386,-63.876
1.8387,-63.876
1.8387,-63.876
1.8388,-63.876
1.8388,-63.871
1.8389,-63.872
1.8389,-63.876
1.839,-63.876
1.839,-63.876
1.8391,-63.884
1.8391,-63.888
1.8392,-63.897
1.8392,-63.916
1.8393,-63.929
1.8393,-63.937
1.8394,-63.944
1.8394,-63.947
1.8395,-63.947
1.8395,-63.947
1.8396,-63.949
1.8396,-63.948
1.8397,-63.948
1.8397,-63.948
1.8398,-63.95
1.8398,-63.955
1.8399,-63.958
1.8399,-63.962
1.84,-63.967
1.84,-63.967
1.8401,-63.967
1.8401,-63.976
1.8402,-63.984
1.8402,-63.977
1.8403,-63.965
1.8403,-63.957
1.8404,-63.953
1.8404,-63.951
1.8405,-63.951
1.8405,-63.951
1.8406,-63.95
1.8406,-63.95
1.8407,-63.95
1.8407,-63.951
1.8408,-63.953
1.8408,-63.951
1.8409,-63.949
1.8409,-63.945
1.841,-63.945
1.841,-63.943
1.8411,-63.943
1.8411,-63.947
1.8412,-63.944
1.8412,-63.944
1.8413,-63.945
1.8413,-63.942
1.8414,-63.937
1.8414,-63.934
1.8415,-63.929
1.8415,-63.926
1.8416,-63.923
1.8416,-63.884
1.8417,-63.839
1.8417,-63.803
1.8418,-63.796
1.8418,-63.8
1.8419,-63.8
1.8419,-63.799
1.842,-63.803
1.842,-63.807
1.8421,-63.8
1.8421,-63.807
1.8422,-63.811
1.8422,-63.808
1.8423,-63.801
1.8423,-63.8
1.8424,-63.803
1.8424,-63.811
1.8425,-63.819
1.8425,-63.822
1.8426,-63.822
1.8426,-63.832
1.8427,-63.848
1.8427,-63.852
1.8428,-63.854
1.8428,-63.855
1.8429,-63.854
1.8429,-63.854
1.843,-63.853
1.843,-63.854
1.8431,-63.86
1.8431,-63.865
1.8432,-63.865
1.8432,-63.865
1.8433,-63.868
1.8433,-63.872
1.8434,-63.877
1.8434,-63.882
1.8435,-63.886
1.8435,-63.897
1.8436,-63.908
1.8436,-63.912
1.8437,-63.915
1.8437,-63.921
1.8438,-63.927
1.8438,-63.935
1.8439,-63.942
1.8439,-63.946
1.844,-63.952
1.844,-63.964
1.8441,-63.973
1.8441,-63.974
1.8442,-63.985
1.8442,-64
1.8443,-64.012
1.8443,-64.014
1.8444,-64.022
1.8444,-64.031
1.8445,-64.036
1.8445,-64.051
1.8446,-64.064
1.8446,-64.061
1.8447,-64.061
1.8447,-64.068
1.8448,-64.072
1.8448,-64.077
1.8449,-64.077
1.8449,-64.082
1.845,-64.08
1.845,-64.079
1.8451,-64.079
1.8451,-64.076
1.8452,-64.07
1.8452,-64.07
1.8453,-64.07
1.8453,-64.07
1.8454,-64.073
1.8454,-64.073
1.8455,-64.073
1.8455,-64.076
1.8456,-64.082
1.8456,-64.088
1.8457,-64.093
1.8457,-64.099
1.8458,-64.103
1.8458,-64.105
1.8459,-64.105
1.8459,-64.105
1.846,-64.084
1.846,-64.07
1.8461,-64.063
1.8461,-64.047
1.8462,-64.026
1.8462,-64.007
1.8463,-64.016
1.8463,-64.021
1.8464,-64.025
1.8464,-64.028
1.8465,-64.03
1.8465,-64.035
1.8466,-64.034
1.8466,-64.035
1.8467,-64.038
1.8467,-64.043
1.8468,-64.044
1.8468,-64.048
1.8469,-64.054
1.8469,-64.064
1.847,-64.07
1.847,-64.071
1.8471,-64.071
1.8471,-64.072
1.8472,-64.072
1.8472,-64.072
1.8473,-64.072
1.8473,-64.074
1.8474,-64.076
1.8474,-64.076
1.8475,-64.08
1.8475,-64.08
1.8476,-64.08
1.8476,-64.081
1.8477,-64.081
1.8477,-64.083
1.8478,-64.083
1.8478,-64.083
1.8479,-64.084
1.8479,-64.086
1.848,-64.084
1.848,-64.083
1.8481,-64.084
1.8481,-64.086
1.8482,-64.086
1.8482,-64.09
1.8483,-64.09
1.8483,-64.09
1.8484,-64.09
1.8484,-64.09
1.8485,-64.09
1.8485,-64.09
1.8486,-64.09
1.8486,-64.09
1.8487,-64.09
1.8487,-64.09
1.8488,-64.086
1.8488,-64.084
1.8489,-64.084
1.8489,-64.089
1.849,-64.093
1.849,-64.098
1.8491,-64.099
1.8491,-64.102
1.8492,-64.106
1.8492,-64.109
1.8493,-64.109
1.8493,-64.106
1.8493,-64.104
1.8494,-64.1
1.8494,-64.101
1.8495,-64.095
1.8495,-64.096
1.8496,-64.091
1.8496,-64.091
1.8497,-64.091
1.8497,-64.098
1.8498,-64.095
1.8498,-64.093
1.8499,-64.089
1.8499,-64.084
1.85,-64.084
1.85,-64.083
1.8501,-64.083
1.8501,-64.078
1.8502,-64.072
1.8502,-64.072
1.8503,-64.07
1.8503,-64.069
1.8504,-64.067
1.8504,-64.064
1.8505,-64.064
1.8505,-64.074
1.8506,-64.09
1.8506,-64.096
1.8507,-64.101
1.8507,-64.107
1.8508,-64.119
1.8508,-64.124
1.8509,-64.122
1.8509,-64.133
1.851,-64.141
1.851,-64.116
1.8511,-64.085
1.8511,-64.083
1.8512,-64.083
1.8512,-64.08
1.8513,-64.072
1.8513,-64.068
1.8514,-64.071
1.8514,-64.074
1.8515,-64.074
1.8515,-64.071
1.8516,-64.07
1.8516,-64.066
1.8517,-64.062
1.8517,-64.061
1.8518,-64.062
1.8518,-64.058
1.8519,-64.054
1.8519,-64.051
1.852,-64.052
1.852,-64.052
1.8521,-64.054
1.8521,-64.051
1.8522,-64.044
1.8522,-64.034
1.8523,-64.033
1.8523,-64.029
1.8524,-64.03
1.8524,-64.032
1.8525,-64.031
1.8525,-64.031
1.8526,-64.035
1.8526,-64.037
1.8527,-64.042
1.8527,-64.042
1.8528,-64.048
1.8528,-64.05
1.8529,-64.054
1.8529,-64.056
1.853,-64.053
1.853,-64.055
1.8531,-64.057
1.8531,-64.057
1.8532,-64.047
1.8532,-64.042
1.8533,-64.04
1.8533,-64.042
1.8534,-64.046
1.8534,-64.045
1.8535,-64.045
1.8535,-64.048
1.8536,-64.047
1.8536,-64.047
1.8537,-64.05
1.8537,-64.048
1.8538,-64.043
1.8538,-64.037
1.8539,-64.037
1.8539,-64.034
1.854,-64.034
1.854,-64.034
1.8541,-64.038
1.8541,-64.043
1.8542,-64.045
1.8542,-64.043
1.8543,-64.038
1.8543,-64.037
1.8544,-64.037
1.8544,-64.041
1.8545,-64.04
1.8545,-64.036
1.8546,-64.036
1.8546,-64.033
1.8547,-64.032
1.8547,-64.032
1.8548,-64.031
1.8548,-64.029
1.8549,-64.03
1.8549,-64.032
1.855,-64.032
1.855,-64.032
1.8551,-64.028
1.8551,-64.028
1.8552,-64.022
1.8552,-64.024
1.8553,-64.022
1.8553,-64.018
1.8554,-64.011
1.8554,-64.006
1.8555,-63.999
1.8555,-63.993
1.8556,-63.987
1.8556,-63.984
1.8557,-63.978
1.8557,-63.976
1.8558,-63.978
1.8558,-63.978
1.8559,-63.98
1.8559,-63.972
1.856,-63.964
1.856,-63.961
1.8561,-63.956
1.8561,-63.953
1.8562,-63.943
1.8562,-63.941
1.8563,-63.945
1.8563,-63.951
1.8564,-63.959
1.8564,-63.967
1.8565,-63.972
1.8565,-63.974
1.8566,-63.976
1.8566,-63.978
1.8567,-63.98
1.8567,-63.98
1.8568,-63.973
1.8568,-63.973
1.8569,-63.973
1.8569,-63.97
1.857,-63.964
1.857,-63.967
1.8571,-63.983
1.8571,-63.989
1.8572,-63.989
1.8572,-63.993
1.8573,-63.989
1.8573,-63.978
1.8574,-63.978
1.8574,-63.989
1.8575,-64
1.8575,-63.996
1.8576,-63.989
1.8576,-63.989
1.8577,-63.981
1.8577,-63.98
1.8578,-63.993
1.8578,-64
1.8579,-64.003
1.8579,-63.999
1.858,-63.992
1.858,-63.984
1.8581,-63.98
1.8581,-63.975
1.8582,-63.975
1.8582,-63.975
1.8583,-63.975
1.8583,-63.968
1.8584,-63.965
1.8584,-63.965
1.8585,-63.962
1.8585,-63.962
1.8586,-63.961
1.8586,-63.955
1.8587,-63.952
1.8587,-63.942
1.8588,-63.934
1.8588,-63.931
1.8589,-63.928
1.8589,-63.922
1.859,-63.919
1.859,-63.906
1.8591,-63.902
1.8591,-63.902
1.8592,-63.907
1.8592,-63.91
1.8593,-63.914
1.8593,-63.912
1.8594,-63.905
1.8594,-63.897
1.8595,-63.9
1.8595,-63.9
1.8596,-63.896
1.8596,-63.898
1.8597,-63.902
1.8597,-63.904
1.8598,-63.909
1.8598,-63.916
1.8599,-63.917
1.8599,-63.919
1.86,-63.921
1.86,-63.924
1.8601,-63.926
1.8601,-63.933
1.8602,-63.945
1.8602,-63.945
1.8603,-63.944
1.8603,-63.932
1.8604,-63.895
1.8604,-63.856
1.8605,-63.842
1.8605,-63.842
1.8606,-63.842
1.8606,-63.851
1.8607,-63.858
1.8607,-63.861
1.8608,-63.861
1.8608,-63.86
1.8609,-63.86
1.8609,-63.861
1.861,-63.865
1.861,-63.867
1.8611,-63.868
1.8611,-63.868
1.8612,-63.869
1.8612,-63.874
1.8613,-63.884
1.8613,-63.893
1.8614,-63.898
1.8614,-63.899
1.8615,-63.9
1.8615,-63.903
1.8616,-63.909
1.8616,-63.917
1.8617,-63.917
1.8617,-63.91
1.8618,-63.91
1.8618,-63.916
1.8619,-63.916
1.8619,-63.917
1.862,-63.916
1.862,-63.916
1.8621,-63.916
1.8621,-63.916
1.8622,-63.916
1.8622,-63.915
1.8623,-63.913
1.8623,-63.906
1.8624,-63.905
1.8624,-63.903
1.8625,-63.897
1.8625,-63.891
1.8626,-63.879
1.8626,-63.874
1.8627,-63.868
1.8627,-63.865
1.8628,-63.868
1.8628,-63.868
1.8629,-63.868
1.8629,-63.868
1.863,-63.866
1.863,-63.863
1.863,-63.861
1.8631,-63.863
1.8631,-63.864
1.8632,-63.864
1.8632,-63.87
1.8633,-63.872
1.8633,-63.87
1.8634,-63.87
1.8634,-63.87
1.8635,-63.867
1.8635,-63.874
1.8636,-63.874
1.8636,-63.869
1.8637,-63.871
1.8637,-63.874
1.8638,-63.876
1.8638,-63.876
1.8639,-63.878
1.8639,-63.883
1.864,-63.89
1.864,-63.894
1.8641,-63.897
1.8641,-63.9
1.8642,-63.903
1.8642,-63.903
1.8643,-63.903
1.8643,-63.906
1.8644,-63.913
1.8644,-63.926
1.8645,-63.939
1.8645,-63.936
1.8646,-63.935
1.8646,-63.932
1.8647,-63.932
1.8647,-63.932
1.8648,-63.932
1.8648,-63.932
1.8649,-63.932
1.8649,-63.932
1.865,-63.932
1.865,-63.933
1.8651,-63.934
1.8651,-63.934
1.8652,-63.934
1.8652,-63.934
1.8653,-63.935
1.8653,-63.941
1.8654,-63.939
1.8654,-63.935
1.8655,-63.935
1.8655,-63.939
1.8656,-63.944
1.8656,-63.944
1.8657,-63.944
1.8657,-63.944
1.8658,-63.947
1.8658,-63.948
1.8659,-63.951
1.8659,-63.951
1.866,-63.951
1.866,-63.951
1.8661,-63.951
1.8661,-63.948
1.8662,-63.948
1.8662,-63.951
1.8663,-63.956
1.8663,-63.95
1.8664,-63.941
1.8664,-63.938
1.8665,-63.938
1.8665,-63.938
1.8666,-63.939
1.8666,-63.94
1.8667,-63.932
1.8667,-63.922
1.8668,-63.914
1.8668,-63.906
1.8669,-63.893
1.8669,-63.887
1.867,-63.885
1.867,-63.867
1.8671,-63.849
1.8671,-63.845
1.8672,-63.831
1.8672,-63.801
1.8673,-63.752
1.8673,-63.729
1.8674,-63.737
1.8674,-63.74
1.8675,-63.745
1.8675,-63.749
1.8676,-63.753
1.8676,-63.758
1.8677,-63.757
1.8677,-63.755
1.8678,-63.758
1.8678,-63.769
1.8679,-63.769
1.8679,-63.764
1.868,-63.763
1.868,-63.763
1.8681,-63.767
1.8681,-63.77
1.8682,-63.774
1.8682,-63.772
1.8683,-63.777
1.8683,-63.767
1.8684,-63.758
1.8684,-63.752
1.8685,-63.752
1.8685,-63.752
1.8686,-63.751
1.8686,-63.751
1.8687,-63.751
1.8687,-63.749
1.8688,-63.751
1.8688,-63.752
1.8689,-63.752
1.8689,-63.751
1.869,-63.75
1.869,-63.75
1.8691,-63.75
1.8691,-63.752
1.8692,-63.75
1.8692,-63.749
1.8693,-63.748
1.8693,-63.748
1.8694,-63.753
1.8694,-63.758
1.8695,-63.758
1.8695,-63.753
1.8696,-63.748
1.8696,-63.743
1.8697,-63.743
1.8697,-63.731
1.8698,-63.721
1.8698,-63.715
1.8699,-63.716
1.8699,-63.716
1.87,-63.711
1.87,-63.7
1.8701,-63.708
1.8701,-63.708
1.8702,-63.708
1.8702,-63.704
1.8703,-63.694
1.8703,-63.693
1.8704,-63.691
1.8704,-63.687
1.8705,-63.683
1.8705,-63.683
1.8706,-63.678
1.8706,-63.677
1.8707,-63.677
1.8707,-63.677
1.8708,-63.676
1.8708,-63.67
1.8709,-63.664
1.8709,-63.664
1.871,-63.657
1.871,-63.648
1.8711,-63.644
1.8711,-63.633
1.8712,-63.636
1.8712,-63.639
1.8713,-63.634
1.8713,-63.631
1.8714,-63.629
1.8714,-63.626
1.8715,-63.624
1.8715,-63.619
1.8716,-63.615
1.8716,-63.606
1.8717,-63.61
1.8717,-63.61
1.8718,-63.607
1.8718,-63.603
1.8719,-63.596
1.8719,-63.591
1.872,-63.586
1.872,-63.581
1.8721,-63.565
1.8721,-63.559
1.8722,-63.558
1.8722,-63.567
1.8723,-63.58
1.8723,-63.584
1.8724,-63.581
1.8724,-63.568
1.8725,-63.567
1.8725,-63.575
1.8726,-63.57
1.8726,-63.568
1.8727,-63.562
1.8727,-63.562
1.8728,-63.56
1.8728,-63.557
1.8729,-63.557
1.8729,-63.553
1.873,-63.547
1.873,-63.546
1.8731,-63.544
1.8731,-63.543
1.8732,-63.539
1.8732,-63.533
1.8733,-63.53
1.8733,-63.525
1.8734,-63.518
1.8734,-63.507
1.8735,-63.497
1.8735,-63.497
1.8736,-63.494
1.8736,-63.488
1.8737,-63.488
1.8737,-63.478
1.8738,-63.475
1.8738,-63.469
1.8739,-63.457
1.8739,-63.437
1.874,-63.427
1.874,-63.421
1.8741,-63.42
1.8741,-63.418
1.8742,-63.414
1.8742,-63.41
1.8743,-63.401
1.8743,-63.395
1.8744,-63.394
1.8744,-63.389
1.8745,-63.392
1.8745,-63.396
1.8746,-63.4
1.8746,-63.403
1.8747,-63.398
1.8747,-63.404
1.8748,-63.405
1.8748,-63.405
1.8749,-63.406
1.8749,-63.406
1.875,-63.412
1.875,-63.421
1.8751,-63.43
1.8751,-63.436
1.8752,-63.439
1.8752,-63.45
1.8753,-63.463
1.8753,-63.491
1.8754,-63.508
1.8754,-63.517
1.8755,-63.519
1.8755,-63.52
1.8756,-63.52
1.8756,-63.52
1.8757,-63.52
1.8757,-63.518
1.8758,-63.518
1.8758,-63.522
1.8759,-63.523
1.8759,-63.523
1.876,-63.524
1.876,-63.529
1.8761,-63.535
1.8761,-63.539
1.8762,-63.539
1.8762,-63.543
1.8763,-63.545
1.8763,-63.563
1.8764,-63.581
1.8764,-63.584
1.8765,-63.589
1.8765,-63.594
1.8766,-63.597
1.8766,-63.597
1.8767,-63.595
1.8767,-63.594
1.8767,-63.593
1.8768,-63.592
1.8768,-63.575
1.8769,-63.555
1.8769,-63.562
1.877,-63.559
1.877,-63.561
1.8771,-63.548
1.8771,-63.539
1.8772,-63.536
1.8772,-63.536
1.8773,-63.536
1.8773,-63.531
1.8774,-63.527
1.8774,-63.528
1.8775,-63.53
1.8775,-63.532
1.8776,-63.53
1.8776,-63.528
1.8777,-63.525
1.8777,-63.525
1.8778,-63.52
1.8778,-63.519
1.8779,-63.514
1.8779,-63.509
1.878,-63.509
1.878,-63.509
1.8781,-63.502
1.8781,-63.495
1.8782,-63.491
1.8782,-63.486
1.8783,-63.484
1.8783,-63.479
1.8784,-63.472
1.8784,-63.467
1.8785,-63.471
1.8785,-63.471
1.8786,-63.476
1.8786,-63.477
1.8787,-63.473
1.8787,-63.475
1.8788,-63.478
1.8788,-63.48
1.8789,-63.479
1.8789,-63.478
1.879,-63.479
1.879,-63.486
1.8791,-63.493
1.8791,-63.507
1.8792,-63.517
1.8792,-63.522
1.8793,-63.528
1.8793,-63.528
1.8794,-63.539
1.8794,-63.555
1.8795,-63.571
1.8795,-63.578
1.8796,-63.586
1.8796,-63.586
1.8797,-63.586
1.8797,-63.589
1.8798,-63.591
1.8798,-63.594
1.8799,-63.594
1.8799,-63.594
1.88,-63.597
1.88,-63.6
1.8801,-63.602
1.8801,-63.604
1.8802,-63.604
1.8802,-63.608
1.8803,-63.61
1.8803,-63.612
1.8804,-63.61
1.8804,-63.608
1.8805,-63.608
1.8805,-63.608
1.8806,-63.61
1.8806,-63.611
1.8807,-63.614
1.8807,-63.62
1.8808,-63.622
1.8808,-63.624
1.8809,-63.626
1.8809,-63.626
1.881,-63.622
1.881,-63.622
1.8811,-63.624
1.8811,-63.626
1.8812,-63.627
1.8812,-63.628
1.8813,-63.631
1.8813,-63.639
1.8814,-63.649
1.8814,-63.658
1.8815,-63.665
1.8815,-63.667
1.8816,-63.662
1.8816,-63.657
1.8817,-63.661
1.8817,-63.661
1.8818,-63.662
1.8818,-63.662
1.8819,-63.662
1.8819,-63.662
1.882,-63.659
1.882,-63.663
1.8821,-63.663
1.8821,-63.668
1.8822,-63.671
1.8822,-63.675
1.8823,-63.679
1.8823,-63.675
1.8824,-63.675
1.8824,-63.678
1.8825,-63.676
1.8825,-63.667
1.8826,-63.661
1.8826,-63.671
1.8827,-63.664
1.8827,-63.661
1.8828,-63.653
1.8828,-63.645
1.8829,-63.639
1.8829,-63.645
1.883,-63.639
1.883,-63.636
1.8831,-63.623
1.8831,-63.609
1.8832,-63.604
1.8832,-63.601
1.8833,-63.598
1.8833,-63.594
1.8834,-63.588
1.8834,-63.58
1.8835,-63.575
1.8835,-63.569
1.8836,-63.569
1.8836,-63.569
1.8837,-63.569
1.8837,-63.566
1.8838,-63.565
1.8838,-63.561
1.8839,-63.559
1.8839,-63.557
1.884,-63.553
1.884,-63.553
1.8841,-63.557
1.8841,-63.557
1.8842,-63.557
1.8842,-63.557
1.8843,-63.562
1.8843,-63.557
1.8844,-63.561
1.8844,-63.565
1.8845,-63.574
1.8845,-63.575
1.8846,-63.566
1.8846,-63.562
1.8847,-63.562
1.8847,-63.567
1.8848,-63.565
1.8848,-63.568
1.8849,-63.569
1.8849,-63.575
1.885,-63.587
1.885,-63.586
1.8851,-63.589
1.8851,-63.589
1.8852,-63.593
1.8852,-63.605
1.8853,-63.613
1.8853,-63.617
1.8854,-63.617
1.8854,-63.619
1.8855,-63.628
1.8855,-63.634
1.8856,-63.639
1.8856,-63.646
1.8857,-63.647
1.8857,-63.657
1.8858,-63.667
1.8858,-63.667
1.8859,-63.671
1.8859,-63.671
1.886,-63.675
1.886,-63.678
1.8861,-63.679
1.8861,-63.681
1.8862,-63.684
1.8862,-63.687
1.8863,-63.692
1.8863,-63.698
1.8864,-63.7
1.8864,-63.7
1.8865,-63.7
1.8865,-63.698
1.8866,-63.7
1.8866,-63.7
1.8867,-63.701
1.8867,-63.701
1.8868,-63.7
1.8868,-63.701
1.8869,-63.709
1.8869,-63.709
1.887,-63.715
1.887,-63.728
1.8871,-63.74
1.8871,-63.742
1.8872,-63.741
1.8872,-63.742
1.8873,-63.744
1.8873,-63.74
1.8874,-63.741
1.8874,-63.742
1.8875,-63.745
1.8875,-63.75
1.8876,-63.756
1.8876,-63.758
1.8877,-63.758
1.8877,-63.752
1.8878,-63.743
1.8878,-63.752
1.8879,-63.767
1.8879,-63.775
1.888,-63.777
1.888,-63.784
1.8881,-63.792
1.8881,-63.793
1.8882,-63.792
1.8882,-63.802
1.8883,-63.811
1.8883,-63.807
1.8884,-63.8
1.8884,-63.807
1.8885,-63.816
1.8885,-63.817
1.8886,-63.813
1.8886,-63.804
1.8887,-63.805
1.8887,-63.826
1.8888,-63.838
1.8888,-63.849
1.8889,-63.853
1.8889,-63.861
1.889,-63.863
1.889,-63.863
1.8891,-63.867
1.8891,-63.871
1.8892,-63.874
1.8892,-63.875
1.8893,-63.877
1.8893,-63.877
1.8894,-63.877
1.8894,-63.877
1.8895,-63.877
1.8895,-63.877
1.8896,-63.877
1.8896,-63.877
1.8897,-63.877
1.8897,-63.877
1.8898,-63.877
1.8898,-63.877
1.8899,-63.877
1.8899,-63.877
1.89,-63.875
1.89,-63.875
1.8901,-63.868
1.8901,-63.868
1.8902,-63.868
1.8902,-63.868
1.8903,-63.867
1.8903,-63.864
1.8904,-63.864
1.8904,-63.864
1.8904,-63.862
1.8905,-63.862
1.8905,-63.862
1.8906,-63.862
1.8906,-63.864
1.8907,-63.858
1.8907,-63.853
1.8908,-63.85
1.8908,-63.847
1.8909,-63.852
1.8909,-63.855
1.891,-63.855
1.891,-63.852
1.8911,-63.852
1.8911,-63.854
1.8912,-63.855
1.8912,-63.855
1.8913,-63.855
1.8913,-63.855
1.8914,-63.855
1.8914,-63.85
1.8915,-63.85
1.8915,-63.852
1.8916,-63.855
1.8916,-63.855
1.8917,-63.855
1.8917,-63.852
1.8918,-63.851
1.8918,-63.852
1.8919,-63.852
1.8919,-63.855
1.892,-63.858
1.892,-63.861
1.8921,-63.863
1.8921,-63.861
1.8922,-63.863
1.8922,-63.864
1.8923,-63.863
1.8923,-63.862
1.8924,-63.863
1.8924,-63.866
1.8925,-63.866
1.8925,-63.87
1.8926,-63.875
1.8926,-63.875
1.8927,-63.875
1.8927,-63.877
1.8928,-63.88
1.8928,-63.884
1.8929,-63.887
1.8929,-63.887
1.893,-63.892
1.893,-63.892
1.8931,-63.892
1.8931,-63.894
1.8932,-63.896
1.8932,-63.896
1.8933,-63.903
1.8933,-63.915
1.8934,-63.919
1.8934,-63.917
1.8935,-63.913
1.8935,-63.91
1.8936,-63.914
1.8936,-63.91
1.8937,-63.908
1.8937,-63.908
1.8938,-63.908
1.8938,-63.908
1.8939,-63.912
1.8939,-63.912
1.894,-63.909
1.894,-63.905
1.8941,-63.903
1.8941,-63.902
1.8942,-63.905
1.8942,-63.902
1.8943,-63.902
1.8943,-63.897
1.8944,-63.897
1.8944,-63.895
1.8945,-63.897
1.8945,-63.89
1.8946,-63.89
1.8946,-63.892
1.8947,-63.9
1.8947,-63.903
1.8948,-63.904
1.8948,-63.906
1.8949,-63.908
1.8949,-63.912
1.895,-63.913
1.895,-63.922
1.8951,-63.922
1.8951,-63.922
1.8952,-63.926
1.8952,-63.931
1.8953,-63.933
1.8953,-63.935
1.8954,-63.935
1.8954,-63.942
1.8955,-63.946
1.8955,-63.949
1.8956,-63.953
1.8956,-63.956
1.8957,-63.956
1.8957,-63.956
1.8958,-63.956
1.8958,-63.956
1.8959,-63.953
1.8959,-63.958
1.896,-63.964
1.896,-63.967
1.8961,-63.971
1.8961,-63.98
1.8962,-63.979
1.8962,-63.979
1.8963,-63.984
1.8963,-63.985
1.8964,-63.983
1.8964,-63.983
1.8965,-63.984
1.8965,-63.985
1.8966,-63.985
1.8966,-63.985
1.8967,-63.993
1.8967,-63.998
1.8968,-64.001
1.8968,-64.009
1.8969,-64.016
1.8969,-64.021
1.897,-64.023
1.897,-64.023
1.8971,-64.019
1.8971,-64.022
1.8972,-64.025
1.8972,-64.013
1.8973,-63.987
1.8973,-63.97
1.8974,-63.964
1.8974,-63.962
1.8975,-63.954
1.8975,-63.942
1.8976,-63.932
1.8976,-63.923
1.8977,-63.91
1.8977,-63.897
1.8978,-63.884
1.8978,-63.881
1.8979,-63.872
1.8979,-63.877
1.898,-63.88
1.898,-63.88
1.8981,-63.884
1.8981,-63.88
1.8982,-63.875
1.8982,-63.868
1.8983,-63.86
1.8983,-63.856
1.8984,-63.856
1.8984,-63.855
1.8985,-63.854
1.8985,-63.845
1.8986,-63.836
1.8986,-63.826
1.8987,-63.825
1.8987,-63.823
1.8988,-63.823
1.8988,-63.825
1.8989,-63.828
1.8989,-63.828
1.899,-63.832
1.899,-63.832
1.8991,-63.828
1.8991,-63.821
1.8992,-63.817
1.8992,-63.816
1.8993,-63.814
1.8993,-63.803
1.8994,-63.789
1.8994,-63.787
1.8995,-63.783
1.8995,-63.78
1.8996,-63.78
1.8996,-63.773
1.8997,-63.76
1.8997,-63.762
1.8998,-63.762
1.8998,-63.768
1.8999,-63.77
1.8999,-63.779
1.9,-63.787
1.9,-63.79
1.9001,-63.787
1.9001,-63.783
1.9002,-63.773
1.9002,-63.777
1.9003,-63.777
1.9003,-63.787
1.9004,-63.792
1.9004,-63.792
1.9005,-63.798
1.9005,-63.805
1.9006,-63.801
1.9006,-63.801
1.9007,-63.799
1.9007,-63.8
1.9008,-63.8
1.9008,-63.79
1.9009,-63.781
1.9009,-63.781
1.901,-63.794
1.901,-63.805
1.9011,-63.807
1.9011,-63.807
1.9012,-63.81
1.9012,-63.813
1.9013,-63.819
1.9013,-63.819
1.9014,-63.823
1.9014,-63.827
1.9015,-63.83
1.9015,-63.832
1.9016,-63.839
1.9016,-63.847
1.9017,-63.852
1.9017,-63.855
1.9018,-63.859
1.9018,-63.862
1.9019,-63.865
1.9019,-63.868
1.902,-63.868
1.902,-63.872
1.9021,-63.877
1.9021,-63.879
1.9022,-63.881
1.9022,-63.882
1.9023,-63.882
1.9023,-63.886
1.9024,-63.892
1.9024,-63.89
1.9025,-63.884
1.9025,-63.889
1.9026,-63.894
1.9026,-63.901
1.9027,-63.906
1.9027,-63.906
1.9028,-63.912
1.9028,-63.916
1.9029,-63.917
1.9029,-63.921
1.903,-63.932
1.903,-63.943
1.9031,-63.95
1.9031,-63.951
1.9032,-63.951
1.9032,-63.947
1.9033,-63.953
1.9033,-63.957
1.9034,-63.961
1.9034,-63.967
1.9035,-63.977
1.9035,-63.984
1.9036,-63.992
1.9036,-64.005
1.9037,-64.008
1.9037,-64.013
1.9038,-64.013
1.9038,-64.013
1.9039,-64.019
1.9039,-64.021
1.904,-64.023
1.904,-64.042
1.9041,-64.058
1.9041,-64.07
1.9041,-64.075
1.9042,-64.086
1.9042,-64.09
1.9043,-64.088
1.9043,-64.099
1.9044,-64.106
1.9044,-64.115
1.9045,-64.125
1.9045,-64.125
1.9046,-64.125
1.9046,-64.13
1.9047,-64.134
1.9047,-64.138
1.9048,-64.139
1.9048,-64.141
1.9049,-64.144
1.9049,-64.152
1.905,-64.166
1.905,-64.174
1.9051,-64.181
1.9051,-64.187
1.9052,-64.195
1.9052,-64.201
1.9053,-64.195
1.9053,-64.193
1.9054,-64.196
1.9054,-64.206
1.9055,-64.211
1.9055,-64.206
1.9056,-64.207
1.9056,-64.215
1.9057,-64.231
1.9057,-64.25
1.9058,-64.259
1.9058,-64.259
1.9059,-64.249
1.9059,-64.249
1.906,-64.249
1.906,-64.259
1.9061,-64.259
1.9061,-64.259
1.9062,-64.263
1.9062,-64.272
1.9063,-64.276
1.9063,-64.28
1.9064,-64.274
1.9064,-64.27
1.9065,-64.264
1.9065,-64.264
1.9066,-64.267
1.9066,-64.261
1.9067,-64.267
1.9067,-64.276
1.9068,-64.276
1.9068,-64.27
1.9069,-64.261
1.9069,-64.263
1.907,-64.264
1.907,-64.26
1.9071,-64.26
1.9071,-64.265
1.9072,-64.266
1.9072,-64.269
1.9073,-64.274
1.9073,-64.279
1.9074,-64.276
1.9074,-64.273
1.9075,-64.272
1.9075,-64.273
1.9076,-64.279
1.9076,-64.288
1.9077,-64.293
1.9077,-64.296
1.9078,-64.299
1.9078,-64.299
1.9079,-64.3
1.9079,-64.299
1.908,-64.302
1.908,-64.299
1.9081,-64.292
1.9081,-64.289
1.9082,-64.289
1.9082,-64.289
1.9083,-64.289
1.9083,-64.289
1.9084,-64.287
1.9084,-64.286
1.9085,-64.283
1.9085,-64.284
1.9086,-64.286
1.9086,-64.286
1.9087,-64.291
1.9087,-64.291
1.9088,-64.29
1.9088,-64.293
1.9089,-64.298
1.9089,-64.302
1.909,-64.306
1.909,-64.306
1.9091,-64.309
1.9091,-64.311
1.9092,-64.312
1.9092,-64.312
1.9093,-64.317
1.9093,-64.315
1.9094,-64.312
1.9094,-64.309
1.9095,-64.307
1.9095,-64.304
1.9096,-64.3
1.9096,-64.302
1.9097,-64.305
1.9097,-64.305
1.9098,-64.301
1.9098,-64.297
1.9099,-64.302
1.9099,-64.31
1.91,-64.309
1.91,-64.309
1.9101,-64.307
1.9101,-64.312
1.9102,-64.313
1.9102,-64.314
1.9103,-64.311
1.9103,-64.309
1.9104,-64.312
1.9104,-64.31
1.9105,-64.303
1.9105,-64.295
1.9106,-64.286
1.9106,-64.287
1.9107,-64.299
1.9107,-64.308
1.9108,-64.302
1.9108,-64.302
1.9109,-64.302
1.9109,-64.297
1.911,-64.293
1.911,-64.29
1.9111,-64.289
1.9111,-64.289
1.9112,-64.289
1.9112,-64.291
1.9113,-64.296
1.9113,-64.296
1.9114,-64.296
1.9114,-64.296
1.9115,-64.296
1.9115,-64.299
1.9116,-64.304
1.9116,-64.305
1.9117,-64.303
1.9117,-64.307
1.9118,-64.317
1.9118,-64.317
1.9119,-64.322
1.9119,-64.319
1.912,-64.322
1.912,-64.327
1.9121,-64.328
1.9121,-64.328
1.9122,-64.327
1.9122,-64.323
1.9123,-64.318
1.9123,-64.318
1.9124,-64.32
1.9124,-64.316
1.9125,-64.316
1.9125,-64.316
1.9126,-64.319
1.9126,-64.321
1.9127,-64.319
1.9127,-64.319
1.9128,-64.316
1.9128,-64.319
1.9129,-64.322
1.9129,-64.322
1.913,-64.328
1.913,-64.33
1.9131,-64.333
1.9131,-64.334
1.9132,-64.332
1.9132,-64.331
1.9133,-64.331
1.9133,-64.332
1.9134,-64.333
1.9134,-64.333
1.9135,-64.333
1.9135,-64.334
1.9136,-64.334
1.9136,-64.334
1.9137,-64.334
1.9137,-64.336
1.9138,-64.334
1.9138,-64.334
1.9139,-64.331
1.9139,-64.324
1.914,-64.322
1.914,-64.317
1.9141,-64.311
1.9141,-64.308
1.9142,-64.308
1.9142,-64.315
1.9143,-64.315
1.9143,-64.321
1.9144,-64.319
1.9144,-64.322
1.9145,-64.324
1.9145,-64.315
1.9146,-64.315
1.9146,-64.318
1.9147,-64.326
1.9147,-64.33
1.9148,-64.331
1.9148,-64.333
1.9149,-64.332
1.9149,-64.331
1.915,-64.338
1.915,-64.34
1.9151,-64.338
1.9151,-64.335
1.9152,-64.34
1.9152,-64.344
1.9153,-64.349
1.9153,-64.349
1.9154,-64.344
1.9154,-64.34
1.9155,-64.334
1.9155,-64.324
1.9156,-64.315
1.9156,-64.315
1.9157,-64.321
1.9157,-64.333
1.9158,-64.34
1.9158,-64.331
1.9159,-64.331
1.9159,-64.331
1.916,-64.338
1.916,-64.338
1.9161,-64.326
1.9161,-64.321
1.9162,-64.318
1.9162,-64.324
1.9163,-64.325
1.9163,-64.324
1.9164,-64.317
1.9164,-64.312
1.9165,-64.309
1.9165,-64.311
1.9166,-64.312
1.9166,-64.312
1.9167,-64.315
1.9167,-64.315
1.9168,-64.315
1.9168,-64.314
1.9169,-64.314
1.9169,-64.298
1.917,-64.293
1.917,-64.307
1.9171,-64.3
1.9171,-64.296
1.9172,-64.288
1.9172,-64.284
1.9173,-64.286
1.9173,-64.286
1.9174,-64.286
1.9174,-64.291
1.9175,-64.291
1.9175,-64.291
1.9176,-64.296
1.9176,-64.3
1.9177,-64.299
1.9177,-64.297
1.9178,-64.294
1.9178,-64.296
1.9178,-64.299
1.9179,-64.301
1.9179,-64.305
1.918,-64.309
1.918,-64.316
1.9181,-64.326
1.9181,-64.323
1.9182,-64.321
1.9182,-64.321
1.9183,-64.324
1.9183,-64.324
1.9184,-64.321
1.9184,-64.319
1.9185,-64.316
1.9185,-64.321
1.9186,-64.321
1.9186,-64.322
1.9187,-64.322
1.9187,-64.319
1.9188,-64.323
1.9188,-64.328
1.9189,-64.329
1.9189,-64.334
1.919,-64.335
1.919,-64.34
1.9191,-64.34
1.9191,-64.345
1.9192,-64.348
1.9192,-64.348
1.9193,-64.348
1.9193,-64.346
1.9194,-64.351
1.9194,-64.352
1.9195,-64.352
1.9195,-64.352
1.9196,-64.354
1.9196,-64.354
1.9197,-64.354
1.9197,-64.352
1.9198,-64.348
1.9198,-64.346
1.9199,-64.346
1.9199,-64.346
1.92,-64.342
1.92,-64.341
1.9201,-64.335
1.9201,-64.328
1.9202,-64.318
1.9202,-64.318
1.9203,-64.318
1.9203,-64.316
1.9204,-64.316
1.9204,-64.311
1.9205,-64.299
1.9205,-64.296
1.9206,-64.291
1.9206,-64.283
1.9207,-64.278
1.9207,-64.271
1.9208,-64.266
1.9208,-64.256
1.9209,-64.241
1.9209,-64.234
1.921,-64.222
1.921,-64.208
1.9211,-64.205
1.9211,-64.199
1.9212,-64.192
1.9212,-64.19
1.9213,-64.194
1.9213,-64.198
1.9214,-64.196
1.9214,-64.183
1.9215,-64.178
1.9215,-64.183
1.9216,-64.185
1.9216,-64.187
1.9217,-64.19
1.9217,-64.193
1.9218,-64.196
1.9218,-64.204
1.9219,-64.209
1.9219,-64.209
1.922,-64.206
1.922,-64.206
1.9221,-64.189
1.9221,-64.161
1.9222,-64.144
1.9222,-64.089
1.9223,-64.045
1.9223,-64.045
1.9224,-64.038
1.9224,-64.037
1.9225,-64.035
1.9225,-64.035
1.9226,-64.035
1.9226,-64.037
1.9227,-64.035
1.9227,-64.035
1.9228,-64.035
1.9228,-64.037
1.9229,-64.037
1.9229,-64.037
1.923,-64.035
1.923,-64.029
1.9231,-64.022
1.9231,-64.017
1.9232,-64.017
1.9232,-64.019
1.9233,-64.019
1.9233,-64.021
1.9234,-64.019
1.9234,-64.019
1.9235,-64.015
1.9235,-64.015
1.9236,-64.009
1.9236,-64.006
1.9237,-64.006
1.9237,-64.009
1.9238,-64.005
1.9238,-64.004
1.9239,-64.004
1.9239,-64.003
1.924,-64.008
1.924,-64.009
1.9241,-64.005
1.9241,-64.001
1.9242,-64.001
1.9242,-64.006
1.9243,-64.006
1.9243,-64.006
1.9244,-64.009
1.9244,-64.011
1.9245,-64.013
1.9245,-64.009
1.9246,-64.009
1.9246,-64.013
1.9247,-64.012
1.9247,-64.008
1.9248,-64.006
1.9248,-64.003
1.9249,-64.003
1.9249,-64.009
1.925,-64.019
1.925,-64.02
1.9251,-64.02
1.9251,-64.025
1.9252,-64.029
1.9252,-64.029
1.9253,-64.029
1.9253,-64.029
1.9254,-64.034
1.9254,-64.034
1.9255,-64.035
1.9255,-64.035
1.9256,-64.037
1.9256,-64.035
1.9257,-64.029
1.9257,-64.022
1.9258,-64.02
1.9258,-64.02
1.9259,-64.027
1.9259,-64.045
1.926,-64.061
1.926,-64.059
1.9261,-64.07
1.9261,-64.075
1.9262,-64.08
1.9262,-64.083
1.9263,-64.084
1.9263,-64.084
1.9264,-64.087
1.9264,-64.093
1.9265,-64.099
1.9265,-64.102
1.9266,-64.105
1.9266,-64.109
1.9267,-64.112
1.9267,-64.112
1.9268,-64.103
1.9268,-64.09
1.9269,-64.087
1.9269,-64.087
1.927,-64.083
1.927,-64.08
1.9271,-64.076
1.9271,-64.068
1.9272,-64.064
1.9272,-64.066
1.9273,-64.064
1.9273,-64.062
1.9274,-64.059
1.9274,-64.055
1.9275,-64.052
1.9275,-64.052
1.9276,-64.05
1.9276,-64.044
1.9277,-64.038
1.9277,-64.036
1.9278,-64.03
1.9278,-64.025
1.9279,-64.022
1.9279,-64.019
1.928,-64.016
1.928,-64.018
1.9281,-64.017
1.9281,-64.014
1.9282,-64.016
1.9282,-64.013
1.9283,-64.015
1.9283,-64.015
1.9284,-64.016
1.9284,-64.013
1.9285,-64.013
1.9285,-64.013
1.9286,-64.011
1.9286,-64.005
1.9287,-64
1.9287,-64.007
1.9288,-64.009
1.9288,-63.995
1.9289,-64.006
1.9289,-64.009
1.929,-64.003
1.929,-64.005
1.9291,-63.998
1.9291,-63.993
1.9292,-63.996
1.9292,-63.998
1.9293,-63.999
1.9293,-63.999
1.9294,-63.999
1.9294,-63.997
1.9295,-64.01
1.9295,-64.022
1.9296,-64.024
1.9296,-64.024
1.9297,-64.026
1.9297,-64.032
1.9298,-64.038
1.9298,-64.042
1.9299,-64.048
1.9299,-64.051
1.93,-64.058
1.93,-64.058
1.9301,-64.058
1.9301,-64.062
1.9302,-64.067
1.9302,-64.074
1.9303,-64.08
1.9303,-64.084
1.9304,-64.087
1.9304,-64.09
1.9305,-64.095
1.9305,-64.098
1.9306,-64.101
1.9306,-64.103
1.9307,-64.103
1.9307,-64.107
1.9308,-64.112
1.9308,-64.118
1.9309,-64.121
1.9309,-64.121
1.931,-64.132
1.931,-64.143
1.9311,-64.154
1.9311,-64.161
1.9312,-64.168
1.9312,-64.175
1.9313,-64.183
1.9313,-64.186
1.9314,-64.187
1.9314,-64.196
1.9315,-64.196
1.9315,-64.2
1.9315,-64.204
1.9316,-64.208
1.9316,-64.207
1.9317,-64.21
1.9317,-64.211
1.9318,-64.209
1.9318,-64.203
1.9319,-64.204
1.9319,-64.206
1.932,-64.207
1.932,-64.199
1.9321,-64.192
1.9321,-64.194
1.9322,-64.189
1.9322,-64.186
1.9323,-64.186
1.9323,-64.184
1.9324,-64.183
1.9324,-64.187
1.9325,-64.188
1.9325,-64.188
1.9326,-64.188
1.9326,-64.186
1.9327,-64.19
1.9327,-64.19
1.9328,-64.19
1.9328,-64.195
1.9329,-64.187
1.9329,-64.19
1.933,-64.19
1.933,-64.19
1.9331,-64.184
1.9331,-64.184
1.9332,-64.19
1.9332,-64.184
1.9333,-64.186
1.9333,-64.186
1.9334,-64.189
1.9334,-64.194
1.9335,-64.199
1.9335,-64.178
1.9336,-64.152
1.9336,-64.151
1.9337,-64.151
1.9337,-64.149
1.9338,-64.144
1.9338,-64.143
1.9339,-64.141
1.9339,-64.138
1.934,-64.141
1.934,-64.141
1.9341,-64.141
1.9341,-64.141
1.9342,-64.14
1.9342,-64.14
1.9343,-64.14
1.9343,-64.14
1.9344,-64.138
1.9344,-64.136
1.9345,-64.132
1.9345,-64.127
1.9346,-64.118
1.9346,-64.118
1.9347,-64.118
1.9347,-64.118
1.9348,-64.118
1.9348,-64.12
1.9349,-64.132
1.9349,-64.134
1.935,-64.135
1.935,-64.14
1.9351,-64.144
1.9351,-64.147
1.9352,-64.151
1.9352,-64.157
1.9353,-64.165
1.9353,-64.164
1.9354,-64.162
1.9354,-64.161
1.9355,-64.153
1.9355,-64.153
1.9356,-64.144
1.9356,-64.141
1.9357,-64.14
1.9357,-64.139
1.9358,-64.139
1.9358,-64.138
1.9359,-64.138
1.9359,-64.14
1.936,-64.143
1.936,-64.148
1.9361,-64.153
1.9361,-64.153
1.9362,-64.153
1.9362,-64.154
1.9363,-64.15
1.9363,-64.149
1.9364,-64.152
1.9364,-64.152
1.9365,-64.148
1.9365,-64.144
1.9366,-64.146
1.9366,-64.141
1.9367,-64.132
1.9367,-64.126
1.9368,-64.126
1.9368,-64.117
1.9369,-64.109
1.9369,-64.106
1.937,-64.105
1.937,-64.087
1.9371,-64.069
1.9371,-64.05
1.9372,-64.033
1.9372,-64.016
1.9373,-63.977
1.9373,-63.943
1.9374,-63.923
1.9374,-63.89
1.9375,-63.886
1.9375,-63.88
1.9376,-63.873
1.9376,-63.868
1.9377,-63.864
1.9377,-63.852
1.9378,-63.852
1.9378,-63.848
1.9379,-63.848
1.9379,-63.851
1.938,-63.851
1.938,-63.853
1.9381,-63.855
1.9381,-63.852
1.9382,-63.851
1.9382,-63.848
1.9383,-63.848
1.9383,-63.845
1.9384,-63.841
1.9384,-63.837
1.9385,-63.835
1.9385,-63.832
1.9386,-63.823
1.9386,-63.809
1.9387,-63.794
1.9387,-63.788
1.9388,-63.782
1.9388,-63.769
1.9389,-63.753
1.9389,-63.749
1.939,-63.737
1.939,-63.729
1.9391,-63.725
1.9391,-63.725
1.9392,-63.722
1.9392,-63.722
1.9393,-63.722
1.9393,-63.716
1.9394,-63.71
1.9394,-63.707
1.9395,-63.71
1.9395,-63.71
1.9396,-63.71
1.9396,-63.707
1.9397,-63.707
1.9397,-63.705
1.9398,-63.704
1.9398,-63.704
1.9399,-63.704
1.9399,-63.704
1.94,-63.691
1.94,-63.691
1.9401,-63.691
1.9401,-63.691
1.9402,-63.66
1.9402,-63.633
1.9403,-63.619
1.9403,-63.605
1.9404,-63.584
1.9404,-63.568
1.9405,-63.565
1.9405,-63.565
1.9406,-63.565
1.9406,-63.563
1.9407,-63.562
1.9407,-63.562
1.9408,-63.562
1.9408,-63.562
1.9409,-63.565
1.9409,-63.562
1.941,-63.561
1.941,-63.561
1.9411,-63.559
1.9411,-63.559
1.9412,-63.564
1.9412,-63.575
1.9413,-63.563
1.9413,-63.564
1.9414,-63.565
1.9414,-63.575
1.9415,-63.575
1.9415,-63.585
1.9416,-63.593
1.9416,-63.599
1.9417,-63.606
1.9417,-63.614
1.9418,-63.62
1.9418,-63.625
1.9419,-63.633
1.9419,-63.646
1.942,-63.653
1.942,-63.653
1.9421,-63.652
1.9421,-63.651
1.9422,-63.649
1.9422,-63.647
1.9423,-63.649
1.9423,-63.647
1.9424,-63.647
1.9424,-63.641
1.9425,-63.639
1.9425,-63.644
1.9426,-63.655
1.9426,-63.659
1.9427,-63.659
1.9427,-63.66
1.9428,-63.663
1.9428,-63.664
1.9429,-63.673
1.9429,-63.681
1.943,-63.686
1.943,-63.684
1.9431,-63.683
1.9431,-63.687
1.9432,-63.696
1.9432,-63.696
1.9433,-63.697
1.9433,-63.699
1.9434,-63.704
1.9434,-63.704
1.9435,-63.704
1.9435,-63.704
1.9436,-63.705
1.9436,-63.71
1.9437,-63.713
1.9437,-63.719
1.9438,-63.729
1.9438,-63.729
1.9439,-63.732
1.9439,-63.735
1.944,-63.739
1.944,-63.74
1.9441,-63.743
1.9441,-63.753
1.9442,-63.761
1.9442,-63.768
1.9443,-63.771
1.9443,-63.775
1.9444,-63.794
1.9444,-63.805
1.9445,-63.813
1.9445,-63.823
1.9446,-63.83
1.9446,-63.837
1.9447,-63.838
1.9447,-63.851
1.9448,-63.852
1.9448,-63.842
1.9449,-63.847
1.9449,-63.852
1.945,-63.852
1.945,-63.856
1.9451,-63.858
1.9451,-63.858
1.9452,-63.86
1.9452,-63.862
1.9452,-63.86
1.9453,-63.86
1.9453,-63.86
1.9454,-63.857
1.9454,-63.853
1.9455,-63.854
1.9455,-63.854
1.9456,-63.851
1.9456,-63.855
1.9457,-63.868
1.9457,-63.878
1.9458,-63.878
1.9458,-63.88
1.9459,-63.881
1.9459,-63.887
1.946,-63.896
1.946,-63.9
1.9461,-63.897
1.9461,-63.895
1.9462,-63.899
1.9462,-63.91
1.9463,-63.919
1.9463,-63.919
1.9464,-63.919
1.9464,-63.919
1.9465,-63.925
1.9465,-63.93
1.9466,-63.932
1.9466,-63.932
1.9467,-63.932
1.9467,-63.934
1.9468,-63.934
1.9468,-63.934
1.9469,-63.938
1.9469,-63.941
1.947,-63.944
1.947,-63.95
1.9471,-63.964
1.9471,-63.967
1.9472,-63.974
1.9472,-63.98
1.9473,-63.986
1.9473,-63.984
1.9474,-63.98
1.9474,-63.987
1.9475,-63.987
1.9475,-63.987
1.9476,-63.994
1.9476,-63.999
1.9477,-64.003
1.9477,-64.003
1.9478,-64.002
1.9478,-64.001
1.9479,-63.999
1.9479,-63.994
1.948,-63.995
1.948,-63.996
1.9481,-64.003
1.9481,-64.004
1.9482,-64.006
1.9482,-64.006
1.9483,-64.01
1.9483,-64.016
1.9484,-64.025
1.9484,-64.029
1.9485,-64.029
1.9485,-64.032
1.9486,-64.038
1.9486,-64.043
1.9487,-64.044
1.9487,-64.036
1.9488,-64.036
1.9488,-64.036
1.9489,-64.036
1.9489,-64.039
1.949,-64.039
1.949,-64.041
1.9491,-64.042
1.9491,-64.044
1.9492,-64.038
1.9492,-64.039
1.9493,-64.039
1.9493,-64.041
1.9494,-64.037
1.9494,-64.032
1.9495,-64.025
1.9495,-64.017
1.9496,-64.015
1.9496,-64.013
1.9497,-64.013
1.9497,-64.011
1.9498,-64.01
1.9498,-64.007
1.9499,-64.004
1.9499,-63.997
1.95,-63.984
1.95,-63.958
1.9501,-63.94
1.9501,-63.944
1.9502,-63.942
1.9502,-63.93
1.9503,-63.924
1.9503,-63.924
1.9504,-63.928
1.9504,-63.928
1.9505,-63.926
1.9505,-63.919
1.9506,-63.916
1.9506,-63.917
1.9507,-63.916
1.9507,-63.913
1.9508,-63.913
1.9508,-63.919
1.9509,-63.924
1.9509,-63.919
1.951,-63.919
1.951,-63.919
1.9511,-63.919
1.9511,-63.921
1.9512,-63.919
1.9512,-63.917
1.9513,-63.919
1.9513,-63.919
1.9514,-63.919
1.9514,-63.924
1.9515,-63.933
1.9515,-63.939
1.9516,-63.942
1.9516,-63.942
1.9517,-63.942
1.9517,-63.942
1.9518,-63.945
1.9518,-63.947
1.9519,-63.951
1.9519,-63.961
1.952,-63.962
1.952,-63.963
1.9521,-63.966
1.9521,-63.97
1.9522,-63.975
1.9522,-63.975
1.9523,-63.974
1.9523,-63.971
1.9524,-63.964
1.9524,-63.959
1.9525,-63.956
1.9525,-63.957
1.9526,-63.959
1.9526,-63.956
1.9527,-63.954
1.9527,-63.944
1.9528,-63.932
1.9528,-63.929
1.9529,-63.939
1.9529,-63.945
1.953,-63.937
1.953,-63.939
1.9531,-63.938
1.9531,-63.933
1.9532,-63.93
1.9532,-63.926
1.9533,-63.911
1.9533,-63.895
1.9534,-63.894
1.9534,-63.893
1.9535,-63.893
1.9535,-63.893
1.9536,-63.893
1.9536,-63.895
1.9537,-63.896
1.9537,-63.897
1.9538,-63.899
1.9538,-63.903
1.9539,-63.903
1.9539,-63.901
1.954,-63.903
1.954,-63.897
1.9541,-63.9
1.9541,-63.903
1.9542,-63.905
1.9542,-63.903
1.9543,-63.903
1.9543,-63.91
1.9544,-63.907
1.9544,-63.908
1.9545,-63.909
1.9545,-63.912
1.9546,-63.913
1.9546,-63.913
1.9547,-63.915
1.9547,-63.911
1.9548,-63.913
1.9548,-63.913
1.9549,-63.915
1.9549,-63.915
1.955,-63.916
1.955,-63.918
1.9551,-63.923
1.9551,-63.925
1.9552,-63.927
1.9552,-63.927
1.9553,-63.932
1.9553,-63.936
1.9554,-63.942
1.9554,-63.958
1.9555,-63.974
1.9555,-63.978
1.9556,-63.983
1.9556,-63.973
1.9557,-63.973
1.9557,-63.987
1.9558,-63.992
1.9558,-63.996
1.9559,-64
1.9559,-64.004
1.956,-64.007
1.956,-64.009
1.9561,-64.011
1.9561,-64.017
1.9562,-64.027
1.9562,-64.036
1.9563,-64.038
1.9563,-64.04
1.9564,-64.039
1.9564,-64.032
1.9565,-64.03
1.9565,-64.028
1.9566,-64.021
1.9566,-64.016
1.9567,-64.014
1.9567,-64.014
1.9568,-64.009
1.9568,-64.009
1.9569,-64.008
1.9569,-64.014
1.957,-64.018
1.957,-64.026
1.9571,-64.033
1.9571,-64.026
1.9572,-64.029
1.9572,-64.038
1.9573,-64.041
1.9573,-64.048
1.9574,-64.054
1.9574,-64.054
1.9575,-64.049
1.9575,-64.045
1.9576,-64.045
1.9576,-64.045
1.9577,-64.045
1.9577,-64.045
1.9578,-64.049
1.9578,-64.061
1.9579,-64.077
1.9579,-64.08
1.958,-64.076
1.958,-64.084
1.9581,-64.094
1.9581,-64.099
1.9582,-64.102
1.9582,-64.105
1.9583,-64.109
1.9583,-64.111
1.9584,-64.114
1.9584,-64.116
1.9585,-64.11
1.9585,-64.116
1.9586,-64.119
1.9586,-64.122
1.9587,-64.123
1.9587,-64.124
1.9588,-64.129
1.9588,-64.137
1.9589,-64.144
1.9589,-64.157
1.9589,-64.168
1.959,-64.17
1.959,-64.176
1.9591,-64.192
1.9591,-64.196
1.9592,-64.197
1.9592,-64.215
1.9593,-64.238
1.9593,-64.254
1.9594,-64.259
1.9594,-64.259
1.9595,-64.264
1.9595,-64.273
1.9596,-64.278
1.9596,-64.278
1.9597,-64.267
1.9597,-64.26
1.9598,-64.261
1.9598,-64.257
1.9599,-64.252
1.9599,-64.247
1.96,-64.243
1.96,-64.237
1.9601,-64.238
1.9601,-64.231
1.9602,-64.214
1.9602,-64.19
1.9603,-64.174
1.9603,-64.164
1.9604,-64.151
1.9604,-64.137
1.9605,-64.13
1.9605,-64.122
1.9606,-64.114
1.9606,-64.108
1.9607,-64.099
1.9607,-64.09
1.9608,-64.093
1.9608,-64.094
1.9609,-64.096
1.9609,-64.103
1.961,-64.101
1.961,-64.089
1.9611,-64.08
1.9611,-64.072
1.9612,-64.061
1.9612,-64.057
1.9613,-64.054
1.9613,-64.051
1.9614,-64.049
1.9614,-64.048
1.9615,-64.036
1.9615,-64.024
1.9616,-64.021
1.9616,-64.017
1.9617,-64.014
1.9617,-64.011
1.9618,-64.008
1.9618,-64.003
1.9619,-63.998
1.9619,-64.001
1.962,-64.005
1.962,-64
1.9621,-63.992
1.9621,-63.977
1.9622,-63.964
1.9622,-63.955
1.9623,-63.946
1.9623,-63.94
1.9624,-63.932
1.9624,-63.926
1.9625,-63.916
1.9625,-63.904
1.9626,-63.903
1.9626,-63.904
1.9627,-63.903
1.9627,-63.903
1.9628,-63.906
1.9628,-63.916
1.9629,-63.925
1.9629,-63.925
1.963,-63.922
1.963,-63.92
1.9631,-63.921
1.9631,-63.923
1.9632,-63.926
1.9632,-63.926
1.9633,-63.929
1.9633,-63.929
1.9634,-63.93
1.9634,-63.93
1.9635,-63.93
1.9635,-63.93
1.9636,-63.933
1.9636,-63.935
1.9637,-63.937
1.9637,-63.937
1.9638,-63.938
1.9638,-63.939
1.9639,-63.938
1.9639,-63.938
1.964,-63.94
1.964,-63.943
1.9641,-63.947
1.9641,-63.948
1.9642,-63.948
1.9642,-63.947
1.9643,-63.947
1.9643,-63.947
1.9644,-63.946
1.9644,-63.946
1.9645,-63.945
1.9645,-63.942
1.9646,-63.942
1.9646,-63.924
1.9647,-63.899
1.9647,-63.895
1.9648,-63.9
1.9648,-63.902
1.9649,-63.899
1.9649,-63.894
1.965,-63.891
1.965,-63.886
1.9651,-63.889
1.9651,-63.889
1.9652,-63.884
1.9652,-63.881
1.9653,-63.881
1.9653,-63.881
1.9654,-63.885
1.9654,-63.885
1.9655,-63.885
1.9655,-63.886
1.9656,-63.886
1.9656,-63.886
1.9657,-63.886
1.9657,-63.886
1.9658,-63.886
1.9658,-63.889
1.9659,-63.885
1.9659,-63.874
1.966,-63.868
1.966,-63.875
1.9661,-63.877
1.9661,-63.88
1.9662,-63.881
1.9662,-63.886
1.9663,-63.897
1.9663,-63.907
1.9664,-63.917
1.9664,-63.924
1.9665,-63.921
1.9665,-63.916
1.9666,-63.908
1.9666,-63.903
1.9667,-63.887
1.9667,-63.875
1.9668,-63.874
1.9668,-63.882
1.9669,-63.891
1.9669,-63.895
1.967,-63.9
1.967,-63.9
1.9671,-63.904
1.9671,-63.909
1.9672,-63.918
1.9672,-63.918
1.9673,-63.918
1.9673,-63.918
1.9674,-63.923
1.9674,-63.923
1.9675,-63.923
1.9675,-63.923
1.9676,-63.917
1.9676,-63.913
1.9677,-63.923
1.9677,-63.929
1.9678,-63.923
1.9678,-63.923
1.9679,-63.923
1.9679,-63.929
1.968,-63.935
1.968,-63.927
1.9681,-63.916
1.9681,-63.901
1.9682,-63.91
1.9682,-63.91
1.9683,-63.913
1.9683,-63.916
1.9684,-63.91
1.9684,-63.903
1.9685,-63.903
1.9685,-63.903
1.9686,-63.903
1.9686,-63.908
1.9687,-63.913
1.9687,-63.917
1.9688,-63.922
1.9688,-63.922
1.9689,-63.922
1.9689,-63.922
1.969,-63.918
1.969,-63.923
1.9691,-63.931
1.9691,-63.931
1.9692,-63.934
1.9692,-63.935
1.9693,-63.935
1.9693,-63.939
1.9694,-63.939
1.9694,-63.939
1.9695,-63.941
1.9695,-63.938
1.9696,-63.944
1.9696,-63.938
1.9697,-63.934
1.9697,-63.934
1.9698,-63.928
1.9698,-63.932
1.9699,-63.938
1.9699,-63.943
1.97,-63.949
1.97,-63.955
1.9701,-63.961
1.9701,-63.961
1.9702,-63.961
1.9702,-63.959
1.9703,-63.96
1.9703,-63.951
1.9704,-63.95
1.9704,-63.95
1.9705,-63.95
1.9705,-63.932
1.9706,-63.914
1.9706,-63.92
1.9707,-63.925
1.9707,-63.926
1.9708,-63.927
1.9708,-63.933
1.9709,-63.942
1.9709,-63.948
1.971,-63.956
1.971,-63.961
1.9711,-63.957
1.9711,-63.958
1.9712,-63.958
1.9712,-63.955
1.9713,-63.948
1.9713,-63.948
1.9714,-63.956
1.9714,-63.967
1.9715,-63.972
1.9715,-63.971
1.9716,-63.971
1.9716,-63.967
1.9717,-63.963
1.9717,-63.966
1.9718,-63.96
1.9718,-63.957
1.9719,-63.961
1.9719,-63.963
1.972,-63.963
1.972,-63.963
1.9721,-63.963
1.9721,-63.963
1.9722,-63.963
1.9722,-63.97
1.9723,-63.971
1.9723,-63.973
1.9724,-63.975
1.9724,-63.977
1.9725,-63.971
1.9725,-63.967
1.9726,-63.967
1.9726,-63.967
1.9726,-63.974
1.9727,-63.982
1.9727,-63.982
1.9728,-63.977
1.9728,-63.978
1.9729,-63.983
1.9729,-63.984
1.973,-63.977
1.973,-63.973
1.9731,-63.977
1.9731,-63.967
1.9732,-63.964
1.9732,-63.956
1.9733,-63.947
1.9733,-63.952
1.9734,-63.959
1.9734,-63.962
1.9735,-63.959
1.9735,-63.959
1.9736,-63.959
1.9736,-63.959
1.9737,-63.96
1.9737,-63.954
1.9738,-63.952
1.9738,-63.945
1.9739,-63.95
1.9739,-63.953
1.974,-63.942
1.974,-63.937
1.9741,-63.935
1.9741,-63.932
1.9742,-63.932
1.9742,-63.934
1.9743,-63.934
1.9743,-63.938
1.9744,-63.936
1.9744,-63.946
1.9745,-63.95
1.9745,-63.952
1.9746,-63.952
1.9746,-63.95
1.9747,-63.952
1.9747,-63.958
1.9748,-63.958
1.9748,-63.958
1.9749,-63.958
1.9749,-63.952
1.975,-63.958
1.975,-63.964
1.9751,-63.965
1.9751,-63.965
1.9752,-63.971
1.9752,-63.98
1.9753,-63.987
1.9753,-63.988
1.9754,-63.991
1.9754,-63.998
1.9755,-64.002
1.9755,-64.007
1.9756,-64.017
1.9756,-64.026
1.9757,-64.026
1.9757,-64.026
1.9758,-64.029
1.9758,-64.029
1.9759,-64.026
1.9759,-64.018
1.976,-64.022
1.976,-64.023
1.9761,-64.021
1.9761,-64.018
1.9762,-64.015
1.9762,-64.013
1.9763,-64.011
1.9763,-64.014
1.9764,-64.014
1.9764,-64.014
1.9765,-64.016
1.9765,-64.019
1.9766,-64.02
1.9766,-64.022
1.9767,-64.025
1.9767,-64.026
1.9768,-64.027
1.9768,-64.031
1.9769,-64.039
1.9769,-64.041
1.977,-64.041
1.977,-64.045
1.9771,-64.048
1.9771,-64.048
1.9772,-64.048
1.9772,-64.056
1.9773,-64.065
1.9773,-64.067
1.9774,-64.072
1.9774,-64.077
1.9775,-64.08
1.9775,-64.08
1.9776,-64.08
1.9776,-64.088
1.9777,-64.101
1.9777,-64.101
1.9778,-64.103
1.9778,-64.109
1.9779,-64.112
1.9779,-64.112
1.978,-64.116
1.978,-64.12
1.9781,-64.124
1.9781,-64.128
1.9782,-64.138
1.9782,-64.147
1.9783,-64.155
1.9783,-64.16
1.9784,-64.157
1.9784,-64.16
1.9785,-64.163
1.9785,-64.165
1.9786,-64.164
1.9786,-64.166
1.9787,-64.17
1.9787,-64.176
1.9788,-64.184
1.9788,-64.185
1.9789,-64.19
1.9789,-64.197
1.979,-64.197
1.979,-64.199
1.9791,-64.202
1.9791,-64.202
1.9792,-64.201
1.9792,-64.206
1.9793,-64.21
1.9793,-64.213
1.9794,-64.224
1.9794,-64.226
1.9795,-64.231
1.9795,-64.235
1.9796,-64.239
1.9796,-64.241
1.9797,-64.243
1.9797,-64.247
1.9798,-64.247
1.9798,-64.248
1.9799,-64.248
1.9799,-64.253
1.98,-64.26
1.98,-64.264
1.9801,-64.264
1.9801,-64.265
1.9802,-64.265
1.9802,-64.266
1.9803,-64.266
1.9803,-64.266
1.9804,-64.266
1.9804,-64.266
1.9805,-64.264
1.9805,-64.264
1.9806,-64.266
1.9806,-64.267
1.9807,-64.266
1.9807,-64.268
1.9808,-64.274
1.9808,-64.274
1.9809,-64.275
1.9809,-64.275
1.981,-64.275
1.981,-64.275
1.9811,-64.276
1.9811,-64.277
1.9812,-64.276
1.9812,-64.269
1.9813,-64.266
1.9813,-64.267
1.9814,-64.265
1.9814,-64.26
1.9815,-64.256
1.9815,-64.256
1.9816,-64.26
1.9816,-64.27
1.9817,-64.276
1.9817,-64.272
1.9818,-64.265
1.9818,-64.266
1.9819,-64.266
1.9819,-64.266
1.982,-64.26
1.982,-64.26
1.9821,-64.26
1.9821,-64.264
1.9822,-64.267
1.9822,-64.272
1.9823,-64.276
1.9823,-64.289
1.9824,-64.293
1.9824,-64.293
1.9825,-64.288
1.9825,-64.283
1.9826,-64.289
1.9826,-64.295
1.9827,-64.301
1.9827,-64.302
1.9828,-64.306
1.9828,-64.306
1.9829,-64.302
1.9829,-64.304
1.983,-64.31
1.983,-64.31
1.9831,-64.31
1.9831,-64.312
1.9832,-64.312
1.9832,-64.312
1.9833,-64.31
1.9833,-64.31
1.9834,-64.31
1.9834,-64.305
1.9835,-64.299
1.9835,-64.293
1.9836,-64.286
1.9836,-64.284
1.9837,-64.283
1.9837,-64.283
1.9838,-64.283
1.9838,-64.283
1.9839,-64.283
1.9839,-64.282
1.984,-64.279
1.984,-64.274
1.9841,-64.271
1.9841,-64.269
1.9842,-64.268
1.9842,-64.267
1.9843,-64.267
1.9843,-64.263
1.9844,-64.26
1.9844,-64.255
1.9845,-64.255
1.9845,-64.255
1.9846,-64.255
1.9846,-64.238
1.9847,-64.22
1.9847,-64.206
1.9848,-64.193
1.9848,-64.186
1.9849,-64.186
1.9849,-64.18
1.985,-64.173
1.985,-64.173
1.9851,-64.173
1.9851,-64.171
1.9852,-64.171
1.9852,-64.173
1.9853,-64.173
1.9853,-64.173
1.9854,-64.173
1.9854,-64.173
1.9855,-64.169
1.9855,-64.169
1.9856,-64.169
1.9856,-64.174
1.9857,-64.175
1.9857,-64.167
1.9858,-64.164
1.9858,-64.175
1.9859,-64.177
1.9859,-64.177
1.986,-64.171
1.986,-64.173
1.9861,-64.177
1.9861,-64.18
1.9862,-64.183
1.9862,-64.181
1.9863,-64.182
1.9863,-64.184
1.9863,-64.189
1.9864,-64.186
1.9864,-64.186
1.9865,-64.186
1.9865,-64.182
1.9866,-64.182
1.9866,-64.182
1.9867,-64.183
1.9867,-64.186
1.9868,-64.191
1.9868,-64.192
1.9869,-64.193
1.9869,-64.194
1.987,-64.195
1.987,-64.199
1.9871,-64.203
1.9871,-64.206
1.9872,-64.207
1.9872,-64.212
1.9873,-64.213
1.9873,-64.213
1.9874,-64.215
1.9874,-64.22
1.9875,-64.219
1.9875,-64.228
1.9876,-64.234
1.9876,-64.234
1.9877,-64.231
1.9877,-64.23
1.9878,-64.228
1.9878,-64.227
1.9879,-64.225
1.9879,-64.225
1.988,-64.222
1.988,-64.213
1.9881,-64.203
1.9881,-64.197
1.9882,-64.197
1.9882,-64.197
1.9883,-64.197
1.9883,-64.198
1.9884,-64.197
1.9884,-64.197
1.9885,-64.193
1.9885,-64.193
1.9886,-64.197
1.9886,-64.198
1.9887,-64.197
1.9887,-64.196
1.9888,-64.193
1.9888,-64.19
1.9889,-64.186
1.9889,-64.186
1.989,-64.186
1.989,-64.186
1.9891,-64.18
1.9891,-64.173
1.9892,-64.161
1.9892,-64.157
1.9893,-64.148
1.9893,-64.124
1.9894,-64.113
1.9894,-64.11
1.9895,-64.116
1.9895,-64.115
1.9896,-64.115
1.9896,-64.115
1.9897,-64.115
1.9897,-64.115
1.9898,-64.106
1.9898,-64.106
1.9899,-64.103
1.9899,-64.103
1.99,-64.103
1.99,-64.102
1.9901,-64.1
1.9901,-64.099
1.9902,-64.096
1.9902,-64.093
1.9903,-64.093
1.9903,-64.096
1.9904,-64.093
1.9904,-64.093
1.9905,-64.093
1.9905,-64.087
1.9906,-64.089
1.9906,-64.087
1.9907,-64.093
1.9907,-64.093
1.9908,-64.096
1.9908,-64.106
1.9909,-64.114
1.9909,-64.121
1.991,-64.128
1.991,-64.127
1.9911,-64.124
1.9911,-64.122
1.9912,-64.124
1.9912,-64.128
1.9913,-64.13
1.9913,-64.133
1.9914,-64.128
1.9914,-64.133
1.9915,-64.134
1.9915,-64.131
1.9916,-64.127
1.9916,-64.127
1.9917,-64.128
1.9917,-64.127
1.9918,-64.122
1.9918,-64.118
1.9919,-64.113
1.9919,-64.108
1.992,-64.106
1.992,-64.099
1.9921,-64.095
1.9921,-64.094
1.9922,-64.094
1.9922,-64.088
1.9923,-64.082
1.9923,-64.081
1.9924,-64.079
1.9924,-64.08
1.9925,-64.081
1.9925,-64.083
1.9926,-64.083
1.9926,-64.085
1.9927,-64.087
1.9927,-64.086
1.9928,-64.08
1.9928,-64.075
1.9929,-64.079
1.9929,-64.079
1.993,-64.073
1.993,-64.07
1.9931,-64.066
1.9931,-64.074
1.9932,-64.078
1.9932,-64.08
1.9933,-64.08
1.9933,-64.082
1.9934,-64.09
1.9934,-64.099
1.9935,-64.099
1.9935,-64.099
1.9936,-64.099
1.9936,-64.101
1.9937,-64.102
1.9937,-64.102
1.9938,-64.102
1.9938,-64.106
1.9939,-64.109
1.9939,-64.11
1.994,-64.11
1.994,-64.11
1.9941,-64.109
1.9941,-64.11
1.9942,-64.111
1.9942,-64.112
1.9943,-64.113
1.9943,-64.116
1.9944,-64.119
1.9944,-64.123
1.9945,-64.126
1.9945,-64.126
1.9946,-64.126
1.9946,-64.126
1.9947,-64.128
1.9947,-64.132
1.9948,-64.138
1.9948,-64.14
1.9949,-64.143
1.9949,-64.147
1.995,-64.154
1.995,-64.158
1.9951,-64.163
1.9951,-64.17
1.9952,-64.171
1.9952,-64.175
1.9953,-64.177
1.9953,-64.183
1.9954,-64.192
1.9954,-64.196
1.9955,-64.199
1.9955,-64.203
1.9956,-64.205
1.9956,-64.203
1.9957,-64.21
1.9957,-64.215
1.9958,-64.215
1.9958,-64.216
1.9959,-64.219
1.9959,-64.219
1.996,-64.218
1.996,-64.22
1.9961,-64.22
1.9961,-64.217
1.9962,-64.22
1.9962,-64.228
1.9963,-64.231
1.9963,-64.231
1.9964,-64.234
1.9964,-64.234
1.9965,-64.236
1.9965,-64.235
1.9966,-64.238
1.9966,-64.24
1.9967,-64.244
1.9967,-64.248
1.9968,-64.25
1.9968,-64.25
1.9969,-64.25
1.9969,-64.25
1.997,-64.253
1.997,-64.251
1.9971,-64.247
1.9971,-64.244
1.9972,-64.245
1.9972,-64.247
1.9973,-64.249
1.9973,-64.251
1.9974,-64.255
1.9974,-64.26
1.9975,-64.261
1.9975,-64.263
1.9976,-64.263
1.9976,-64.253
1.9977,-64.249
1.9977,-64.251
1.9978,-64.249
1.9978,-64.247
1.9979,-64.247
1.9979,-64.244
1.998,-64.243
1.998,-64.258
1.9981,-64.262
1.9981,-64.258
1.9982,-64.254
1.9982,-64.253
1.9983,-64.253
1.9983,-64.247
1.9984,-64.241
1.9984,-64.23
1.9985,-64.227
1.9985,-64.219
1.9986,-64.219
1.9986,-64.219
1.9987,-64.219
1.9987,-64.207
1.9988,-64.206
1.9988,-64.207
1.9989,-64.207
1.9989,-64.207
1.999,-64.198
1.999,-64.194
1.9991,-64.191
1.9991,-64.19
1.9992,-64.189
1.9992,-64.189
1.9993,-64.189
1.9993,-64.191
1.9994,-64.189
1.9994,-64.187
1.9995,-64.186
1.9995,-64.179
1.9996,-64.17
1.9996,-64.166
1.9997,-64.169
1.9997,-64.164
1.9998,-64.157
1.9998,-64.156
1.9999,-64.155
1.9999,-64.154
2,-64.152
2,-64.152
2,-64.154
2.0001,-64.157
2.0001,-64.161
2.0002,-64.161
2.0002,-64.166
2.0003,-64.17
2.0003,-64.17
2.0004,-64.173
2.0004,-64.18
2.0005,-64.173
2.0005,-64.17
2.0006,-64.17
2.0006,-64.173
2.0007,-64.176
2.0007,-64.177
2.0008,-64.182
2.0008,-64.181
2.0009,-64.181
2.0009,-64.183
2.001,-64.187
2.001,-64.19
2.0011,-64.192
2.0011,-64.202
2.0012,-64.217
2.0012,-64.224
2.0013,-64.231
2.0013,-64.235
2.0014,-64.235
2.0014,-64.241
2.0015,-64.247
2.0015,-64.247
2.0016,-64.244
2.0016,-64.244
2.0017,-64.246
2.0017,-64.247
2.0018,-64.247
2.0018,-64.251
2.0019,-64.247
2.0019,-64.252
2.002,-64.256
2.002,-64.255
2.0021,-64.256
2.0021,-64.25
2.0022,-64.244
2.0022,-64.24
2.0023,-64.242
2.0023,-64.251
2.0024,-64.26
2.0024,-64.268
2.0025,-64.264
2.0025,-64.264
2.0026,-64.27
2.0026,-64.27
2.0027,-64.273
2.0027,-64.275
2.0028,-64.28
2.0028,-64.28
2.0029,-64.275
2.0029,-64.273
2.003,-64.279
2.003,-64.286
2.0031,-64.289
2.0031,-64.288
2.0032,-64.282
2.0032,-64.285
2.0033,-64.293
2.0033,-64.295
2.0034,-64.298
2.0034,-64.288
2.0035,-64.288
2.0035,-64.286
2.0036,-64.286
2.0036,-64.288
2.0037,-64.293
2.0037,-64.296
2.0038,-64.295
2.0038,-64.291
2.0039,-64.287
2.0039,-64.291
2.004,-64.289
2.004,-64.286
2.0041,-64.283
2.0041,-64.286
2.0042,-64.284
2.0042,-64.283
2.0043,-64.283
2.0043,-64.284
2.0044,-64.284
2.0044,-64.278
2.0045,-64.275
2.0045,-64.275
2.0046,-64.269
2.0046,-64.269
2.0047,-64.264
2.0047,-64.256
2.0048,-64.252
2.0048,-64.25
2.0049,-64.251
2.0049,-64.249
2.005,-64.246
2.005,-64.239
2.0051,-64.225
2.0051,-64.221
2.0052,-64.215
2.0052,-64.198
2.0053,-64.198
2.0053,-64.198
2.0054,-64.206
2.0054,-64.212
2.0055,-64.212
2.0055,-64.206
2.0056,-64.198
2.0056,-64.196
2.0057,-64.197
2.0057,-64.19
2.0058,-64.19
2.0058,-64.188
2.0059,-64.186
2.0059,-64.171
2.006,-64.148
2.006,-64.116
2.0061,-64.094
2.0061,-64.093
2.0062,-64.09
2.0062,-64.084
2.0063,-64.079
2.0063,-64.074
2.0064,-64.07
2.0064,-64.072
2.0065,-64.073
2.0065,-64.07
2.0066,-64.07
2.0066,-64.071
2.0067,-64.07
2.0067,-64.073
2.0068,-64.076
2.0068,-64.077
2.0069,-64.077
2.0069,-64.078
2.007,-64.078
2.007,-64.078
2.0071,-64.077
2.0071,-64.076
2.0072,-64.074
2.0072,-64.072
2.0073,-64.064
2.0073,-64.064
2.0074,-64.064
2.0074,-64.073
2.0075,-64.074
2.0075,-64.078
2.0076,-64.082
2.0076,-64.082
2.0077,-64.082
2.0077,-64.08
2.0078,-64.08
2.0078,-64.078
2.0079,-64.075
2.0079,-64.067
2.008,-64.058
2.008,-64.055
2.0081,-64.058
2.0081,-64.056
2.0082,-64.051
2.0082,-64.045
2.0083,-64.038
2.0083,-64.027
2.0084,-64.018
2.0084,-64.014
2.0085,-64.011
2.0085,-64.006
2.0086,-63.996
2.0086,-63.989
2.0087,-63.987
2.0087,-63.989
2.0088,-63.991
2.0088,-63.983
2.0089,-63.97
2.0089,-63.956
2.009,-63.961
2.009,-63.961
2.0091,-63.957
2.0091,-63.951
2.0092,-63.948
2.0092,-63.948
2.0093,-63.948
2.0093,-63.948
2.0094,-63.946
2.0094,-63.946
2.0095,-63.946
2.0095,-63.946
2.0096,-63.95
2.0096,-63.953
2.0097,-63.955
2.0097,-63.957
2.0098,-63.958
2.0098,-63.958
2.0099,-63.958
2.0099,-63.957
2.01,-63.957
2.01,-63.958
2.0101,-63.961
2.0101,-63.966
2.0102,-63.974
2.0102,-63.976
2.0103,-63.977
2.0103,-63.991
2.0104,-64.004
2.0104,-64.009
2.0105,-64.009
2.0105,-64.009
2.0106,-64.011
2.0106,-64.012
2.0107,-64.013
2.0107,-64.022
2.0108,-64.029
2.0108,-64.029
2.0109,-64.032
2.0109,-64.038
2.011,-64.039
2.011,-64.039
2.0111,-64.043
2.0111,-64.043
2.0112,-64.039
2.0112,-64.039
2.0113,-64.043
2.0113,-64.051
2.0114,-64.051
2.0114,-64.051
2.0115,-64.058
2.0115,-64.056
2.0116,-64.058
2.0116,-64.058
2.0117,-64.058
2.0117,-64.058
2.0118,-64.058
2.0118,-64.062
2.0119,-64.067
2.0119,-64.062
2.012,-64.054
2.012,-64.048
2.0121,-64.047
2.0121,-64.047
2.0122,-64.048
2.0122,-64.048
2.0123,-64.048
2.0123,-64.053
2.0124,-64.059
2.0124,-64.066
2.0125,-64.07
2.0125,-64.074
2.0126,-64.078
2.0126,-64.073
2.0127,-64.073
2.0127,-64.069
2.0128,-64.064
2.0128,-64.069
2.0129,-64.069
2.0129,-64.069
2.013,-64.07
2.013,-64.085
2.0131,-64.092
2.0131,-64.094
2.0132,-64.106
2.0132,-64.11
2.0133,-64.117
2.0133,-64.124
2.0134,-64.136
2.0134,-64.149
2.0135,-64.149
2.0135,-64.152
2.0136,-64.156
2.0136,-64.164
2.0137,-64.183
2.0137,-64.192
2.0137,-64.186
2.0138,-64.186
2.0138,-64.196
2.0139,-64.205
2.0139,-64.214
2.014,-64.219
2.014,-64.223
2.0141,-64.22
2.0141,-64.219
2.0142,-64.211
2.0142,-64.212
2.0143,-64.233
2.0143,-64.254
2.0144,-64.245
2.0144,-64.237
2.0145,-64.238
2.0145,-64.252
2.0146,-64.262
2.0146,-64.26
2.0147,-64.256
2.0147,-64.252
2.0148,-64.257
2.0148,-64.264
2.0149,-64.266
2.0149,-64.261
2.015,-64.257
2.015,-64.256
2.0151,-64.258
2.0151,-64.254
2.0152,-64.247
2.0152,-64.245
2.0153,-64.241
2.0153,-64.238
2.0154,-64.241
2.0154,-64.243
2.0155,-64.236
2.0155,-64.231
2.0156,-64.226
2.0156,-64.222
2.0157,-64.222
2.0157,-64.217
2.0158,-64.215
2.0158,-64.208
2.0159,-64.207
2.0159,-64.199
2.016,-64.197
2.016,-64.186
2.0161,-64.169
2.0161,-64.154
2.0162,-64.154
2.0162,-64.154
2.0163,-64.15
2.0163,-64.146
2.0164,-64.133
2.0164,-64.119
2.0165,-64.117
2.0165,-64.115
2.0166,-64.105
2.0166,-64.093
2.0167,-64.087
2.0167,-64.083
2.0168,-64.083
2.0168,-64.075
2.0169,-64.074
2.0169,-64.073
2.017,-64.074
2.017,-64.075
2.0171,-64.07
2.0171,-64.065
2.0172,-64.063
2.0172,-64.06
2.0173,-64.057
2.0173,-64.055
2.0174,-64.054
2.0174,-64.053
2.0175,-64.051
2.0175,-64.046
2.0176,-64.041
2.0176,-64.044
2.0177,-64.044
2.0177,-64.043
2.0178,-64.043
2.0178,-64.044
2.0179,-64.044
2.0179,-64.042
2.018,-64.042
2.018,-64.041
2.0181,-64.042
2.0181,-64.045
2.0182,-64.043
2.0182,-64.043
2.0183,-64.042
2.0183,-64.046
2.0184,-64.045
2.0184,-64.042
2.0185,-64.041
2.0185,-64.045
2.0186,-64.054
2.0186,-64.066
2.0187,-64.074
2.0187,-64.079
2.0188,-64.083
2.0188,-64.085
2.0189,-64.085
2.0189,-64.088
2.019,-64.097
2.019,-64.103
2.0191,-64.105
2.0191,-64.108
2.0192,-64.108
2.0192,-64.105
2.0193,-64.103
2.0193,-64.103
2.0194,-64.105
2.0194,-64.108
2.0195,-64.11
2.0195,-64.108
2.0196,-64.108
2.0196,-64.108
2.0197,-64.108
2.0197,-64.109
2.0198,-64.106
2.0198,-64.106
2.0199,-64.099
2.0199,-64.098
2.02,-64.098
2.02,-64.102
2.0201,-64.101
2.0201,-64.101
2.0202,-64.107
2.0202,-64.107
2.0203,-64.111
2.0203,-64.108
2.0204,-64.108
2.0204,-64.107
2.0205,-64.106
2.0205,-64.102
2.0206,-64.103
2.0206,-64.099
2.0207,-64.103
2.0207,-64.102
2.0208,-64.102
2.0208,-64.099
2.0209,-64.097
2.0209,-64.096
2.021,-64.098
2.021,-64.097
2.0211,-64.096
2.0211,-64.097
2.0212,-64.098
2.0212,-64.099
2.0213,-64.103
2.0213,-64.104
2.0214,-64.106
2.0214,-64.107
2.0215,-64.106
2.0215,-64.103
2.0216,-64.106
2.0216,-64.106
2.0217,-64.101
2.0217,-64.1
2.0218,-64.089
2.0218,-64.074
2.0219,-64.07
2.0219,-64.072
2.022,-64.067
2.022,-64.054
2.0221,-64.034
2.0221,-64.021
2.0222,-64.016
2.0222,-64.009
2.0223,-63.99
2.0223,-63.968
2.0224,-63.966
2.0224,-63.964
2.0225,-63.955
2.0225,-63.948
2.0226,-63.939
2.0226,-63.942
2.0227,-63.935
2.0227,-63.93
2.0228,-63.93
2.0228,-63.934
2.0229,-63.935
2.0229,-63.938
2.023,-63.94
2.023,-63.942
2.0231,-63.942
2.0231,-63.942
2.0232,-63.942
2.0232,-63.939
2.0233,-63.908
2.0233,-63.891
2.0234,-63.861
2.0234,-63.797
2.0235,-63.757
2.0235,-63.739
2.0236,-63.72
2.0236,-63.72
2.0237,-63.708
2.0237,-63.699
2.0238,-63.693
2.0238,-63.694
2.0239,-63.695
2.0239,-63.694
2.024,-63.694
2.024,-63.69
2.0241,-63.683
2.0241,-63.684
2.0242,-63.698
2.0242,-63.713
2.0243,-63.72
2.0243,-63.726
2.0244,-63.737
2.0244,-63.751
2.0245,-63.765
2.0245,-63.777
2.0246,-63.778
2.0246,-63.778
2.0247,-63.779
2.0247,-63.781
2.0248,-63.783
2.0248,-63.786
2.0249,-63.79
2.0249,-63.795
2.025,-63.8
2.025,-63.8
2.0251,-63.804
2.0251,-63.808
2.0252,-63.807
2.0252,-63.806
2.0253,-63.808
2.0253,-63.81
2.0254,-63.811
2.0254,-63.811
2.0255,-63.811
2.0255,-63.816
2.0256,-63.823
2.0256,-63.826
2.0257,-63.829
2.0257,-63.836
2.0258,-63.843
2.0258,-63.839
2.0259,-63.842
2.0259,-63.846
2.026,-63.848
2.026,-63.848
2.0261,-63.855
2.0261,-63.865
2.0262,-63.868
2.0262,-63.869
2.0263,-63.87
2.0263,-63.87
2.0264,-63.871
2.0264,-63.874
2.0265,-63.874
2.0265,-63.874
2.0266,-63.874
2.0266,-63.877
2.0267,-63.877
2.0267,-63.887
2.0268,-63.896
2.0268,-63.896
2.0269,-63.899
2.0269,-63.899
2.027,-63.888
2.027,-63.875
2.0271,-63.865
2.0271,-63.848
2.0272,-63.835
2.0272,-63.821
2.0273,-63.8
2.0273,-63.791
2.0274,-63.785
2.0274,-63.765
2.0274,-63.746
2.0275,-63.748
2.0275,-63.747
2.0276,-63.747
2.0276,-63.747
2.0277,-63.747
2.0277,-63.745
2.0278,-63.745
2.0278,-63.742
2.0279,-63.738
2.0279,-63.736
2.028,-63.734
2.028,-63.73
2.0281,-63.723
2.0281,-63.716
2.0282,-63.716
2.0282,-63.716
2.0283,-63.723
2.0283,-63.723
2.0284,-63.723
2.0284,-63.716
2.0285,-63.711
2.0285,-63.715
2.0286,-63.723
2.0286,-63.724
2.0287,-63.724
2.0287,-63.72
2.0288,-63.723
2.0288,-63.728
2.0289,-63.735
2.0289,-63.736
2.029,-63.73
2.029,-63.727
2.0291,-63.726
2.0291,-63.726
2.0292,-63.729
2.0292,-63.733
2.0293,-63.735
2.0293,-63.737
2.0294,-63.739
2.0294,-63.739
2.0295,-63.736
2.0295,-63.733
2.0296,-63.735
2.0296,-63.731
2.0297,-63.729
2.0297,-63.729
2.0298,-63.727
2.0298,-63.723
2.0299,-63.72
2.0299,-63.717
2.03,-63.715
2.03,-63.707
2.0301,-63.697
2.0301,-63.687
2.0302,-63.681
2.0302,-63.677
2.0303,-63.671
2.0303,-63.657
2.0304,-63.631
2.0304,-63.626
2.0305,-63.628
2.0305,-63.631
2.0306,-63.646
2.0306,-63.655
2.0307,-63.663
2.0307,-63.675
2.0308,-63.687
2.0308,-63.702
2.0309,-63.72
2.0309,-63.732
2.031,-63.737
2.031,-63.745
2.0311,-63.751
2.0311,-63.752
2.0312,-63.753
2.0312,-63.76
2.0313,-63.774
2.0313,-63.778
2.0314,-63.786
2.0314,-63.791
2.0315,-63.798
2.0315,-63.799
2.0316,-63.802
2.0316,-63.81
2.0317,-63.829
2.0317,-63.831
2.0318,-63.831
2.0318,-63.832
2.0319,-63.836
2.0319,-63.854
2.032,-63.858
2.032,-63.864
2.0321,-63.877
2.0321,-63.891
2.0322,-63.901
2.0322,-63.911
2.0323,-63.921
2.0323,-63.932
2.0324,-63.951
2.0324,-63.962
2.0325,-63.969
2.0325,-63.994
2.0326,-64.01
2.0326,-64.013
2.0327,-64.023
2.0327,-64.036
2.0328,-64.049
2.0328,-64.061
2.0329,-64.075
2.0329,-64.084
2.033,-64.087
2.033,-64.088
2.0331,-64.088
2.0331,-64.089
2.0332,-64.09
2.0332,-64.096
2.0333,-64.1
2.0333,-64.104
2.0334,-64.106
2.0334,-64.097
2.0335,-64.096
2.0335,-64.081
2.0336,-64.056
2.0336,-64.06
2.0337,-64.067
2.0337,-64.064
2.0338,-64.053
2.0338,-64.054
2.0339,-64.051
2.0339,-64.045
2.034,-64.031
2.034,-64.026
2.0341,-64.019
2.0341,-63.991
2.0342,-63.98
2.0342,-63.972
2.0343,-63.965
2.0343,-63.956
2.0344,-63.938
2.0344,-63.925
2.0345,-63.913
2.0345,-63.9
2.0346,-63.881
2.0346,-63.869
2.0347,-63.862
2.0347,-63.853
2.0348,-63.846
2.0348,-63.841
2.0349,-63.83
2.0349,-63.818
2.035,-63.811
2.035,-63.803
2.0351,-63.787
2.0351,-63.773
2.0352,-63.771
2.0352,-63.771
2.0353,-63.77
2.0353,-63.765
2.0354,-63.76
2.0354,-63.755
2.0355,-63.749
2.0355,-63.745
2.0356,-63.74
2.0356,-63.736
2.0357,-63.734
2.0357,-63.734
2.0358,-63.733
2.0358,-63.72
2.0359,-63.7
2.0359,-63.684
2.036,-63.675
2.036,-63.635
2.0361,-63.584
2.0361,-63.586
2.0362,-63.588
2.0362,-63.591
2.0363,-63.594
2.0363,-63.6
2.0364,-63.601
2.0364,-63.6
2.0365,-63.606
2.0365,-63.603
2.0366,-63.598
2.0366,-63.598
2.0367,-63.605
2.0367,-63.61
2.0368,-63.61
2.0368,-63.613
2.0369,-63.617
2.0369,-63.609
2.037,-63.603
2.037,-63.6
2.0371,-63.598
2.0371,-63.593
2.0372,-63.596
2.0372,-63.596
2.0373,-63.592
2.0373,-63.589
2.0374,-63.587
2.0374,-63.587
2.0375,-63.581
2.0375,-63.578
2.0376,-63.578
2.0376,-63.578
2.0377,-63.578
2.0377,-63.578
2.0378,-63.578
2.0378,-63.578
2.0379,-63.578
2.0379,-63.578
2.038,-63.572
2.038,-63.568
2.0381,-63.57
2.0381,-63.575
2.0382,-63.581
2.0382,-63.588
2.0383,-63.591
2.0383,-63.595
2.0384,-63.6
2.0384,-63.607
2.0385,-63.614
2.0385,-63.618
2.0386,-63.62
2.0386,-63.623
2.0387,-63.626
2.0387,-63.632
2.0388,-63.634
2.0388,-63.638
2.0389,-63.642
2.0389,-63.646
2.039,-63.65
2.039,-63.655
2.0391,-63.658
2.0391,-63.653
2.0392,-63.651
2.0392,-63.655
2.0393,-63.665
2.0393,-63.678
2.0394,-63.687
2.0394,-63.691
2.0395,-63.694
2.0395,-63.697
2.0396,-63.705
2.0396,-63.714
2.0397,-63.723
2.0397,-63.732
2.0398,-63.741
2.0398,-63.749
2.0399,-63.75
2.0399,-63.749
2.04,-63.75
2.04,-63.754
2.0401,-63.763
2.0401,-63.778
2.0402,-63.79
2.0402,-63.796
2.0403,-63.793
2.0403,-63.801
2.0404,-63.803
2.0404,-63.808
2.0405,-63.816
2.0405,-63.823
2.0406,-63.828
2.0406,-63.832
2.0407,-63.84
2.0407,-63.848
2.0408,-63.857
2.0408,-63.864
2.0409,-63.865
2.0409,-63.868
2.041,-63.871
2.041,-63.874
2.0411,-63.883
2.0411,-63.891
2.0411,-63.894
2.0412,-63.868
2.0412,-63.803
2.0413,-63.753
2.0413,-63.745
2.0414,-63.729
2.0414,-63.726
2.0415,-63.715
2.0415,-63.71
2.0416,-63.71
2.0416,-63.71
2.0417,-63.707
2.0417,-63.708
2.0418,-63.707
2.0418,-63.701
2.0419,-63.698
2.0419,-63.697
2.042,-63.707
2.042,-63.712
2.0421,-63.707
2.0421,-63.707
2.0422,-63.71
2.0422,-63.71
2.0423,-63.706
2.0423,-63.702
2.0424,-63.702
2.0424,-63.704
2.0425,-63.701
2.0425,-63.698
2.0426,-63.694
2.0426,-63.684
2.0427,-63.668
2.0427,-63.65
2.0428,-63.644
2.0428,-63.644
2.0429,-63.653
2.0429,-63.665
2.043,-63.673
2.043,-63.684
2.0431,-63.699
2.0431,-63.7
2.0432,-63.707
2.0432,-63.717
2.0433,-63.723
2.0433,-63.726
2.0434,-63.726
2.0434,-63.726
2.0435,-63.726
2.0435,-63.74
2.0436,-63.756
2.0436,-63.763
2.0437,-63.766
2.0437,-63.774
2.0438,-63.781
2.0438,-63.781
2.0439,-63.782
2.0439,-63.784
2.044,-63.789
2.044,-63.8
2.0441,-63.806
2.0441,-63.806
2.0442,-63.807
2.0442,-63.812
2.0443,-63.816
2.0443,-63.816
2.0444,-63.815
2.0444,-63.816
2.0445,-63.813
2.0445,-63.809
2.0446,-63.803
2.0446,-63.799
2.0447,-63.796
2.0447,-63.758
2.0448,-63.714
2.0448,-63.721
2.0449,-63.706
2.0449,-63.707
2.045,-63.701
2.045,-63.702
2.0451,-63.701
2.0451,-63.698
2.0452,-63.697
2.0452,-63.695
2.0453,-63.694
2.0453,-63.697
2.0454,-63.696
2.0454,-63.694
2.0455,-63.7
2.0455,-63.7
2.0456,-63.706
2.0456,-63.707
2.0457,-63.701
2.0457,-63.701
2.0458,-63.707
2.0458,-63.707
2.0459,-63.712
2.0459,-63.715
2.046,-63.717
2.046,-63.725
2.0461,-63.731
2.0461,-63.74
2.0462,-63.75
2.0462,-63.751
2.0463,-63.754
2.0463,-63.757
2.0464,-63.757
2.0464,-63.757
2.0465,-63.761
2.0465,-63.765
2.0466,-63.768
2.0466,-63.786
2.0467,-63.807
2.0467,-63.821
2.0468,-63.832
2.0468,-63.839
2.0469,-63.845
2.0469,-63.845
2.047,-63.845
2.047,-63.845
2.0471,-63.851
2.0471,-63.865
2.0472,-63.876
2.0472,-63.876
2.0473,-63.876
2.0473,-63.888
2.0474,-63.896
2.0474,-63.897
2.0475,-63.9
2.0475,-63.904
2.0476,-63.904
2.0476,-63.904
2.0477,-63.907
2.0477,-63.914
2.0478,-63.92
2.0478,-63.931
2.0479,-63.941
2.0479,-63.946
2.048,-63.955
2.048,-63.96
2.0481,-63.965
2.0481,-63.973
2.0482,-63.983
2.0482,-63.988
2.0483,-63.99
2.0483,-63.99
2.0484,-64.004
2.0484,-64.015
2.0485,-64.016
2.0485,-64.022
2.0486,-64.029
2.0486,-64.026
2.0487,-64.031
2.0487,-64.032
2.0488,-64.04
2.0488,-64.04
2.0489,-64.041
2.0489,-64.044
2.049,-64.044
2.049,-64.044
2.0491,-64.041
2.0491,-64.042
2.0492,-64.043
2.0492,-64.041
2.0493,-64.035
2.0493,-64.029
2.0494,-64.031
2.0494,-64.035
2.0495,-64.041
2.0495,-64.044
2.0496,-64.045
2.0496,-64.048
2.0497,-64.049
2.0497,-64.054
2.0498,-64.064
2.0498,-64.064
2.0499,-64.07
2.0499,-64.072
2.05,-64.076
2.05,-64.08
2.0501,-64.078
2.0501,-64.08
2.0502,-64.083
2.0502,-64.088
2.0503,-64.092
2.0503,-64.093
2.0504,-64.093
2.0504,-64.093
2.0505,-64.09
2.0505,-64.094
2.0506,-64.099
2.0506,-64.101
2.0507,-64.103
2.0507,-64.105
2.0508,-64.111
2.0508,-64.116
2.0509,-64.119
2.0509,-64.116
2.051,-64.113
2.051,-64.111
2.0511,-64.115
2.0511,-64.116
2.0512,-64.119
2.0512,-64.15
2.0513,-64.169
2.0513,-64.165
2.0514,-64.17
2.0514,-64.165
2.0515,-64.161
2.0515,-64.167
2.0516,-64.161
2.0516,-64.153
2.0517,-64.14
2.0517,-64.131
2.0518,-64.126
2.0518,-64.123
2.0519,-64.125
2.0519,-64.125
2.052,-64.125
2.052,-64.125
2.0521,-64.125
2.0521,-64.125
2.0522,-64.126
2.0522,-64.127
2.0523,-64.132
2.0523,-64.137
2.0524,-64.143
2.0524,-64.148
2.0525,-64.148
2.0525,-64.151
2.0526,-64.157
2.0526,-64.164
2.0527,-64.168
2.0527,-64.17
2.0528,-64.17
2.0528,-64.17
2.0529,-64.173
2.0529,-64.173
2.053,-64.175
2.053,-64.177
2.0531,-64.176
2.0531,-64.169
2.0532,-64.17
2.0532,-64.166
2.0533,-64.165
2.0533,-64.163
2.0534,-64.158
2.0534,-64.154
2.0535,-64.154
2.0535,-64.154
2.0536,-64.157
2.0536,-64.154
2.0537,-64.153
2.0537,-64.155
2.0538,-64.154
2.0538,-64.154
2.0539,-64.152
2.0539,-64.154
2.054,-64.155
2.054,-64.156
2.0541,-64.156
2.0541,-64.156
2.0542,-64.154
2.0542,-64.153
2.0543,-64.152
2.0543,-64.142
2.0544,-64.127
2.0544,-64.116
2.0545,-64.116
2.0545,-64.102
2.0546,-64.087
2.0546,-64.081
2.0547,-64.08
2.0547,-64.051
2.0548,-64.023
2.0548,-64.012
2.0548,-63.994
2.0549,-63.984
2.0549,-63.984
2.055,-63.977
2.055,-63.969
2.0551,-63.961
2.0551,-63.945
2.0552,-63.935
2.0552,-63.928
2.0553,-63.928
2.0553,-63.926
2.0554,-63.92
2.0554,-63.922
2.0555,-63.918
2.0555,-63.913
2.0556,-63.91
2.0556,-63.91
2.0557,-63.913
2.0557,-63.918
2.0558,-63.922
2.0558,-63.922
2.0559,-63.926
2.0559,-63.926
2.056,-63.926
2.056,-63.926
2.0561,-63.922
2.0561,-63.935
2.0562,-63.941
2.0562,-63.938
2.0563,-63.938
2.0563,-63.943
2.0564,-63.944
2.0564,-63.947
2.0565,-63.951
2.0565,-63.961
2.0566,-63.983
2.0566,-63.997
2.0567,-64.001
2.0567,-64.004
2.0568,-64.014
2.0568,-64.025
2.0569,-64.029
2.0569,-64.03
2.057,-64.029
2.057,-64.032
2.0571,-64.033
2.0571,-64.034
2.0572,-64.038
2.0572,-64.046
2.0573,-64.059
2.0573,-64.063
2.0574,-64.067
2.0574,-64.08
2.0575,-64.093
2.0575,-64.096
2.0576,-64.096
2.0576,-64.098
2.0577,-64.101
2.0577,-64.11
2.0578,-64.118
2.0578,-64.119
2.0579,-64.122
2.0579,-64.127
2.058,-64.129
2.058,-64.143
2.0581,-64.155
2.0581,-64.154
2.0582,-64.157
2.0582,-64.159
2.0583,-64.161
2.0583,-64.169
2.0584,-64.178
2.0584,-64.18
2.0585,-64.185
2.0585,-64.19
2.0586,-64.193
2.0586,-64.196
2.0587,-64.205
2.0587,-64.227
2.0588,-64.235
2.0588,-64.238
2.0589,-64.245
2.0589,-64.252
2.059,-64.257
2.059,-64.257
2.0591,-64.26
2.0591,-64.264
2.0592,-64.267
2.0592,-64.273
2.0593,-64.284
2.0593,-64.291
2.0594,-64.297
2.0594,-64.297
2.0595,-64.297
2.0595,-64.297
2.0596,-64.304
2.0596,-64.304
2.0597,-64.306
2.0597,-64.312
2.0598,-64.312
2.0598,-64.313
2.0599,-64.321
2.0599,-64.323
2.06,-64.323
2.06,-64.32
2.0601,-64.315
2.0601,-64.315
2.0602,-64.315
2.0602,-64.312
2.0603,-64.305
2.0603,-64.302
2.0604,-64.302
2.0604,-64.304
2.0605,-64.303
2.0605,-64.307
2.0606,-64.304
2.0606,-64.298
2.0607,-64.298
2.0607,-64.302
2.0608,-64.309
2.0608,-64.309
2.0609,-64.311
2.0609,-64.315
2.061,-64.314
2.061,-64.309
2.0611,-64.307
2.0611,-64.306
2.0612,-64.306
2.0612,-64.306
2.0613,-64.304
2.0613,-64.302
2.0614,-64.303
2.0614,-64.301
2.0615,-64.299
2.0615,-64.299
2.0616,-64.296
2.0616,-64.292
2.0617,-64.29
2.0617,-64.291
2.0618,-64.291
2.0618,-64.293
2.0619,-64.299
2.0619,-64.297
2.062,-64.295
2.062,-64.295
2.0621,-64.299
2.0621,-64.299
2.0622,-64.304
2.0622,-64.306
2.0623,-64.304
2.0623,-64.299
2.0624,-64.295
2.0624,-64.295
2.0625,-64.295
2.0625,-64.302
2.0626,-64.307
2.0626,-64.307
2.0627,-64.307
2.0627,-64.307
2.0628,-64.307
2.0628,-64.311
2.0629,-64.311
2.0629,-64.311
2.063,-64.305
2.063,-64.303
2.0631,-64.303
2.0631,-64.312
2.0632,-64.308
2.0632,-64.306
2.0633,-64.306
2.0633,-64.315
2.0634,-64.312
2.0634,-64.31
2.0635,-64.314
2.0635,-64.316
2.0636,-64.322
2.0636,-64.331
2.0637,-64.331
2.0637,-64.327
2.0638,-64.333
2.0638,-64.339
2.0639,-64.342
2.0639,-64.347
2.064,-64.35
2.064,-64.354
2.0641,-64.363
2.0641,-64.369
2.0642,-64.37
2.0642,-64.37
2.0643,-64.371
2.0643,-64.371
2.0644,-64.373
2.0644,-64.379
2.0645,-64.386
2.0645,-64.393
2.0646,-64.404
2.0646,-64.405
2.0647,-64.407
2.0647,-64.421
2.0648,-64.436
2.0648,-64.427
2.0649,-64.415
2.0649,-64.396
2.065,-64.376
2.065,-64.36
2.0651,-64.351
2.0651,-64.347
2.0652,-64.347
2.0652,-64.35
2.0653,-64.34
2.0653,-64.32
2.0654,-64.33
2.0654,-64.335
2.0655,-64.328
2.0655,-64.327
2.0656,-64.331
2.0656,-64.332
2.0657,-64.331
2.0657,-64.331
2.0658,-64.326
2.0658,-64.327
2.0659,-64.322
2.0659,-64.32
2.066,-64.321
2.066,-64.315
2.0661,-64.312
2.0661,-64.314
2.0662,-64.312
2.0662,-64.312
2.0663,-64.312
2.0663,-64.311
2.0664,-64.309
2.0664,-64.305
2.0665,-64.294
2.0665,-64.296
2.0666,-64.299
2.0666,-64.302
2.0667,-64.305
2.0667,-64.315
2.0668,-64.317
2.0668,-64.319
2.0669,-64.319
2.0669,-64.32
2.067,-64.32
2.067,-64.315
2.0671,-64.308
2.0671,-64.308
2.0672,-64.311
2.0672,-64.318
2.0673,-64.324
2.0673,-64.318
2.0674,-64.318
2.0674,-64.32
2.0675,-64.321
2.0675,-64.321
2.0676,-64.32
2.0676,-64.32
2.0677,-64.32
2.0677,-64.32
2.0678,-64.32
2.0678,-64.32
2.0679,-64.32
2.0679,-64.32
2.068,-64.326
2.068,-64.332
2.0681,-64.332
2.0681,-64.337
2.0682,-64.335
2.0682,-64.336
2.0683,-64.35
2.0683,-64.364
2.0684,-64.367
2.0684,-64.367
2.0685,-64.371
2.0685,-64.375
2.0685,-64.381
2.0686,-64.389
2.0686,-64.399
2.0687,-64.405
2.0687,-64.41
2.0688,-64.415
2.0688,-64.423
2.0689,-64.432
2.0689,-64.435
2.069,-64.437
2.069,-64.439
2.0691,-64.441
2.0691,-64.441
2.0692,-64.443
2.0692,-64.447
2.0693,-64.448
2.0693,-64.45
2.0694,-64.458
2.0694,-64.465
2.0695,-64.471
2.0695,-64.471
2.0696,-64.471
2.0696,-64.478
2.0697,-64.478
2.0697,-64.48
2.0698,-64.482
2.0698,-64.481
2.0699,-64.479
2.0699,-64.472
2.07,-64.467
2.07,-64.464
2.0701,-64.464
2.0701,-64.467
2.0702,-64.469
2.0702,-64.471
2.0703,-64.473
2.0703,-64.473
2.0704,-64.47
2.0704,-64.468
2.0705,-64.468
2.0705,-64.466
2.0706,-64.466
2.0706,-64.467
2.0707,-64.469
2.0707,-64.469
2.0708,-64.47
2.0708,-64.468
2.0709,-64.462
2.0709,-64.466
2.071,-64.47
2.071,-64.47
2.0711,-64.469
2.0711,-64.47
2.0712,-64.48
2.0712,-64.485
2.0713,-64.481
2.0713,-64.479
2.0714,-64.472
2.0714,-64.472
2.0715,-64.472
2.0715,-64.475
2.0716,-64.468
2.0716,-64.461
2.0717,-64.453
2.0717,-64.448
2.0718,-64.435
2.0718,-64.423
2.0719,-64.42
2.0719,-64.418
2.072,-64.418
2.072,-64.415
2.0721,-64.415
2.0721,-64.419
2.0722,-64.421
2.0722,-64.409
2.0723,-64.396
2.0723,-64.392
2.0724,-64.39
2.0724,-64.389
2.0725,-64.379
2.0725,-64.373
2.0726,-64.37
2.0726,-64.364
2.0727,-64.36
2.0727,-64.357
2.0728,-64.351
2.0728,-64.341
2.0729,-64.336
2.0729,-64.331
2.073,-64.328
2.073,-64.325
2.0731,-64.322
2.0731,-64.321
2.0732,-64.316
2.0732,-64.311
2.0733,-64.311
2.0733,-64.305
2.0734,-64.303
2.0734,-64.303
2.0735,-64.299
2.0735,-64.297
2.0736,-64.296
2.0736,-64.296
2.0737,-64.293
2.0737,-64.293
2.0738,-64.293
2.0738,-64.294
2.0739,-64.289
2.0739,-64.286
2.074,-64.282
2.074,-64.277
2.0741,-64.273
2.0741,-64.267
2.0742,-64.254
2.0742,-64.234
2.0743,-64.197
2.0743,-64.144
2.0744,-64.12
2.0744,-64.067
2.0745,-64.061
2.0745,-64.067
2.0746,-64.059
2.0746,-64.064
2.0747,-64.066
2.0747,-64.07
2.0748,-64.074
2.0748,-64.07
2.0749,-64.059
2.0749,-64.055
2.075,-64.059
2.075,-64.061
2.0751,-64.06
2.0751,-64.061
2.0752,-64.063
2.0752,-64.064
2.0753,-64.067
2.0753,-64.074
2.0754,-64.071
2.0754,-64.071
2.0755,-64.07
2.0755,-64.07
2.0756,-64.076
2.0756,-64.074
2.0757,-64.068
2.0757,-64.054
2.0758,-64.054
2.0758,-64.07
2.0759,-64.092
2.0759,-64.095
2.076,-64.099
2.076,-64.11
2.0761,-64.116
2.0761,-64.128
2.0762,-64.142
2.0762,-64.147
2.0763,-64.149
2.0763,-64.151
2.0764,-64.154
2.0764,-64.157
2.0765,-64.163
2.0765,-64.172
2.0766,-64.189
2.0766,-64.196
2.0767,-64.197
2.0767,-64.205
2.0768,-64.208
2.0768,-64.209
2.0769,-64.216
2.0769,-64.223
2.077,-64.23
2.077,-64.232
2.0771,-64.235
2.0771,-64.238
2.0772,-64.241
2.0772,-64.246
2.0773,-64.258
2.0773,-64.28
2.0774,-64.3
2.0774,-64.312
2.0775,-64.315
2.0775,-64.324
2.0776,-64.327
2.0776,-64.329
2.0777,-64.328
2.0777,-64.331
2.0778,-64.331
2.0778,-64.333
2.0779,-64.332
2.0779,-64.324
2.078,-64.325
2.078,-64.323
2.0781,-64.327
2.0781,-64.327
2.0782,-64.331
2.0782,-64.336
2.0783,-64.338
2.0783,-64.34
2.0784,-64.346
2.0784,-64.35
2.0785,-64.351
2.0785,-64.352
2.0786,-64.354
2.0786,-64.356
2.0787,-64.356
2.0787,-64.356
2.0788,-64.357
2.0788,-64.357
2.0789,-64.36
2.0789,-64.363
2.079,-64.37
2.079,-64.373
2.0791,-64.379
2.0791,-64.379
2.0792,-64.389
2.0792,-64.392
2.0793,-64.389
2.0793,-64.383
2.0794,-64.378
2.0794,-64.378
2.0795,-64.373
2.0795,-64.378
2.0796,-64.373
2.0796,-64.373
2.0797,-64.374
2.0797,-64.374
2.0798,-64.372
2.0798,-64.372
2.0799,-64.373
2.0799,-64.37
2.08,-64.371
2.08,-64.373
2.0801,-64.373
2.0801,-64.372
2.0802,-64.369
2.0802,-64.369
2.0803,-64.373
2.0803,-64.38
2.0804,-64.385
2.0804,-64.385
2.0805,-64.389
2.0805,-64.389
2.0806,-64.391
2.0806,-64.39
2.0807,-64.39
2.0807,-64.392
2.0808,-64.394
2.0808,-64.398
2.0809,-64.406
2.0809,-64.413
2.081,-64.415
2.081,-64.42
2.0811,-64.424
2.0811,-64.434
2.0812,-64.441
2.0812,-64.446
2.0813,-64.444
2.0813,-64.444
2.0814,-64.446
2.0814,-64.446
2.0815,-64.451
2.0815,-64.457
2.0816,-64.457
2.0816,-64.457
2.0817,-64.457
2.0817,-64.452
2.0818,-64.453
2.0818,-64.459
2.0819,-64.461
2.0819,-64.461
2.082,-64.457
2.082,-64.454
2.0821,-64.454
2.0821,-64.454
2.0822,-64.453
2.0822,-64.453
2.0822,-64.457
2.0823,-64.458
2.0823,-64.458
2.0824,-64.463
2.0824,-64.465
2.0825,-64.465
2.0825,-64.467
2.0826,-64.47
2.0826,-64.475
2.0827,-64.481
2.0827,-64.486
2.0828,-64.486
2.0828,-64.491
2.0829,-64.492
2.0829,-64.488
2.083,-64.479
2.083,-64.49
2.0831,-64.493
2.0831,-64.495
2.0832,-64.493
2.0832,-64.489
2.0833,-64.489
2.0833,-64.495
2.0834,-64.498
2.0834,-64.498
2.0835,-64.499
2.0835,-64.502
2.0836,-64.502
2.0836,-64.503
2.0837,-64.504
2.0837,-64.507
2.0838,-64.509
2.0838,-64.51
2.0839,-64.514
2.0839,-64.519
2.084,-64.521
2.084,-64.523
2.0841,-64.532
2.0841,-64.537
2.0842,-64.54
2.0842,-64.54
2.0843,-64.529
2.0843,-64.535
2.0844,-64.54
2.0844,-64.544
2.0845,-64.547
2.0845,-64.559
2.0846,-64.57
2.0846,-64.579
2.0847,-64.579
2.0847,-64.585
2.0848,-64.588
2.0848,-64.585
2.0849,-64.578
2.0849,-64.576
2.085,-64.571
2.085,-64.568
2.0851,-64.566
2.0851,-64.571
2.0852,-64.571
2.0852,-64.573
2.0853,-64.574
2.0853,-64.571
2.0854,-64.571
2.0854,-64.574
2.0855,-64.579
2.0855,-64.581
2.0856,-64.577
2.0856,-64.577
2.0857,-64.578
2.0857,-64.578
2.0858,-64.578
2.0858,-64.573
2.0859,-64.57
2.0859,-64.571
2.086,-64.573
2.086,-64.571
2.0861,-64.57
2.0861,-64.569
2.0862,-64.559
2.0862,-64.547
2.0863,-64.545
2.0863,-64.542
2.0864,-64.542
2.0864,-64.537
2.0865,-64.535
2.0865,-64.535
2.0866,-64.534
2.0866,-64.534
2.0867,-64.531
2.0867,-64.528
2.0868,-64.528
2.0868,-64.525
2.0869,-64.524
2.0869,-64.523
2.087,-64.522
2.087,-64.521
2.0871,-64.519
2.0871,-64.518
2.0872,-64.521
2.0872,-64.521
2.0873,-64.521
2.0873,-64.525
2.0874,-64.522
2.0874,-64.521
2.0875,-64.523
2.0875,-64.525
2.0876,-64.525
2.0876,-64.522
2.0877,-64.522
2.0877,-64.522
2.0878,-64.525
2.0878,-64.525
2.0879,-64.526
2.0879,-64.523
2.088,-64.523
2.088,-64.527
2.0881,-64.529
2.0881,-64.529
2.0882,-64.533
2.0882,-64.533
2.0883,-64.539
2.0883,-64.54
2.0884,-64.54
2.0884,-64.539
2.0885,-64.537
2.0885,-64.537
2.0886,-64.533
2.0886,-64.492
2.0887,-64.435
2.0887,-64.423
2.0888,-64.422
2.0888,-64.426
2.0889,-64.426
2.0889,-64.422
2.089,-64.422
2.089,-64.426
2.0891,-64.428
2.0891,-64.428
2.0892,-64.424
2.0892,-64.424
2.0893,-64.426
2.0893,-64.425
2.0894,-64.425
2.0894,-64.429
2.0895,-64.428
2.0895,-64.428
2.0896,-64.422
2.0896,-64.418
2.0897,-64.417
2.0897,-64.417
2.0898,-64.415
2.0898,-64.403
2.0899,-64.387
2.0899,-64.379
2.09,-64.372
2.09,-64.365
2.0901,-64.362
2.0901,-64.372
2.0902,-64.377
2.0902,-64.378
2.0903,-64.377
2.0903,-64.383
2.0904,-64.389
2.0904,-64.389
2.0905,-64.392
2.0905,-64.397
2.0906,-64.399
2.0906,-64.402
2.0907,-64.408
2.0907,-64.408
2.0908,-64.408
2.0908,-64.405
2.0909,-64.405
2.0909,-64.405
2.091,-64.401
2.091,-64.4
2.0911,-64.399
2.0911,-64.405
2.0912,-64.415
2.0912,-64.423
2.0913,-64.42
2.0913,-64.409
2.0914,-64.399
2.0914,-64.409
2.0915,-64.409
2.0915,-64.399
2.0916,-64.394
2.0916,-64.392
2.0917,-64.392
2.0917,-64.391
2.0918,-64.389
2.0918,-64.389
2.0919,-64.389
2.0919,-64.392
2.092,-64.395
2.092,-64.405
2.0921,-64.407
2.0921,-64.407
2.0922,-64.408
2.0922,-64.409
2.0923,-64.408
2.0923,-64.403
2.0924,-64.408
2.0924,-64.411
2.0925,-64.415
2.0925,-64.415
2.0926,-64.415
2.0926,-64.412
2.0927,-64.412
2.0927,-64.421
2.0928,-64.427
2.0928,-64.427
2.0929,-64.423
2.0929,-64.421
2.093,-64.426
2.093,-64.428
2.0931,-64.436
2.0931,-64.442
2.0932,-64.444
2.0932,-64.447
2.0933,-64.453
2.0933,-64.455
2.0934,-64.455
2.0934,-64.455
2.0935,-64.455
2.0935,-64.454
2.0936,-64.463
2.0936,-64.47
2.0937,-64.47
2.0937,-64.463
2.0938,-64.457
2.0938,-64.457
2.0939,-64.463
2.0939,-64.461
2.094,-64.459
2.094,-64.455
2.0941,-64.453
2.0941,-64.455
2.0942,-64.453
2.0942,-64.453
2.0943,-64.449
2.0943,-64.453
2.0944,-64.453
2.0944,-64.449
2.0945,-64.448
2.0945,-64.447
2.0946,-64.448
2.0946,-64.45
2.0947,-64.45
2.0947,-64.446
2.0948,-64.439
2.0948,-64.434
2.0949,-64.434
2.0949,-64.441
2.095,-64.444
2.095,-64.44
2.0951,-64.433
2.0951,-64.415
2.0952,-64.404
2.0952,-64.389
2.0953,-64.389
2.0953,-64.389
2.0954,-64.389
2.0954,-64.389
2.0955,-64.389
2.0955,-64.389
2.0956,-64.382
2.0956,-64.379
2.0957,-64.378
2.0957,-64.376
2.0958,-64.376
2.0958,-64.376
2.0959,-64.369
2.0959,-64.365
2.0959,-64.367
2.096,-64.363
2.096,-64.363
2.0961,-64.363
2.0961,-64.363
2.0962,-64.363
2.0962,-64.368
2.0963,-64.368
2.0963,-64.368
2.0964,-64.383
2.0964,-64.395
2.0965,-64.407
2.0965,-64.415
2.0966,-64.415
2.0966,-64.419
2.0967,-64.422
2.0967,-64.423
2.0968,-64.424
2.0968,-64.428
2.0969,-64.432
2.0969,-64.434
2.097,-64.437
2.097,-64.433
2.0971,-64.433
2.0971,-64.438
2.0972,-64.442
2.0972,-64.447
2.0973,-64.456
2.0973,-64.458
2.0974,-64.456
2.0974,-64.461
2.0975,-64.461
2.0975,-64.461
2.0976,-64.463
2.0976,-64.466
2.0977,-64.467
2.0977,-64.467
2.0978,-64.473
2.0978,-64.475
2.0979,-64.473
2.0979,-64.471
2.098,-64.475
2.098,-64.479
2.0981,-64.483
2.0981,-64.482
2.0982,-64.475
2.0982,-64.479
2.0983,-64.482
2.0983,-64.488
2.0984,-64.49
2.0984,-64.492
2.0985,-64.49
2.0985,-64.487
2.0986,-64.493
2.0986,-64.493
2.0987,-64.493
2.0987,-64.493
2.0988,-64.497
2.0988,-64.501
2.0989,-64.505
2.0989,-64.505
2.099,-64.505
2.099,-64.505
2.0991,-64.505
2.0991,-64.503
2.0992,-64.502
2.0992,-64.499
2.0993,-64.499
2.0993,-64.501
2.0994,-64.499
2.0994,-64.496
2.0995,-64.495
2.0995,-64.495
2.0996,-64.497
2.0996,-64.497
2.0997,-64.488
2.0997,-64.488
2.0998,-64.486
2.0998,-64.488
2.0999,-64.497
2.0999,-64.488
2.1,-64.488
2.1,-64.484
2.1001,-64.47
2.1001,-64.466
2.1002,-64.466
2.1002,-64.466
2.1003,-64.462
2.1003,-64.462
2.1004,-64.462
2.1004,-64.466
2.1005,-64.466
2.1005,-64.466
2.1006,-64.466
2.1006,-64.47
2.1007,-64.478
2.1007,-64.466
2.1008,-64.462
2.1008,-64.458
2.1009,-64.458
2.1009,-64.456
2.101,-64.454
2.101,-64.447
2.1011,-64.446
2.1011,-64.446
2.1012,-64.446
2.1012,-64.445
2.1013,-64.444
2.1013,-64.439
2.1014,-64.434
2.1014,-64.435
2.1015,-64.441
2.1015,-64.446
2.1016,-64.445
2.1016,-64.445
2.1017,-64.446
2.1017,-64.447
2.1018,-64.446
2.1018,-64.441
2.1019,-64.441
2.1019,-64.441
2.102,-64.438
2.102,-64.439
2.1021,-64.437
2.1021,-64.433
2.1022,-64.428
2.1022,-64.424
2.1023,-64.42
2.1023,-64.416
2.1024,-64.408
2.1024,-64.405
2.1025,-64.401
2.1025,-64.383
2.1026,-64.377
2.1026,-64.377
2.1027,-64.367
2.1027,-64.367
2.1028,-64.367
2.1028,-64.363
2.1029,-64.36
2.1029,-64.36
2.103,-64.357
2.103,-64.357
2.1031,-64.357
2.1031,-64.353
2.1032,-64.347
2.1032,-64.344
2.1033,-64.329
2.1033,-64.321
2.1034,-64.321
2.1034,-64.321
2.1035,-64.315
2.1035,-64.312
2.1036,-64.312
2.1036,-64.302
2.1037,-64.293
2.1037,-64.29
2.1038,-64.284
2.1038,-64.279
2.1039,-64.27
2.1039,-64.268
2.104,-64.268
2.104,-64.273
2.1041,-64.27
2.1041,-64.266
2.1042,-64.26
2.1042,-64.251
2.1043,-64.247
2.1043,-64.241
2.1044,-64.236
2.1044,-64.234
2.1045,-64.231
2.1045,-64.23
2.1046,-64.229
2.1046,-64.217
2.1047,-64.196
2.1047,-64.175
2.1048,-64.166
2.1048,-64.171
2.1049,-64.162
2.1049,-64.161
2.105,-64.159
2.105,-64.164
2.1051,-64.172
2.1051,-64.188
2.1052,-64.201
2.1052,-64.211
2.1053,-64.212
2.1053,-64.202
2.1054,-64.202
2.1054,-64.2
2.1055,-64.197
2.1055,-64.191
2.1056,-64.197
2.1056,-64.2
2.1057,-64.2
2.1057,-64.202
2.1058,-64.204
2.1058,-64.205
2.1059,-64.205
2.1059,-64.204
2.106,-64.204
2.106,-64.202
2.1061,-64.198
2.1061,-64.199
2.1062,-64.199
2.1062,-64.199
2.1063,-64.199
2.1063,-64.206
2.1064,-64.21
2.1064,-64.208
2.1065,-64.203
2.1065,-64.202
2.1066,-64.206
2.1066,-64.215
2.1067,-64.216
2.1067,-64.222
2.1068,-64.24
2.1068,-64.255
2.1069,-64.267
2.1069,-64.271
2.107,-64.283
2.107,-64.297
2.1071,-64.305
2.1071,-64.316
2.1072,-64.327
2.1072,-64.342
2.1073,-64.359
2.1073,-64.367
2.1074,-64.375
2.1074,-64.384
2.1075,-64.386
2.1075,-64.39
2.1076,-64.394
2.1076,-64.396
2.1077,-64.396
2.1077,-64.41
2.1078,-64.421
2.1078,-64.426
2.1079,-64.426
2.1079,-64.433
2.108,-64.434
2.108,-64.443
2.1081,-64.448
2.1081,-64.456
2.1082,-64.456
2.1082,-64.457
2.1083,-64.457
2.1083,-64.449
2.1084,-64.451
2.1084,-64.451
2.1085,-64.459
2.1085,-64.459
2.1086,-64.46
2.1086,-64.463
2.1087,-64.461
2.1087,-64.461
2.1088,-64.466
2.1088,-64.47
2.1089,-64.47
2.1089,-64.47
2.109,-64.47
2.109,-64.471
2.1091,-64.471
2.1091,-64.47
2.1092,-64.467
2.1092,-64.457
2.1093,-64.442
2.1093,-64.435
2.1094,-64.431
2.1094,-64.431
2.1095,-64.427
2.1095,-64.423
2.1096,-64.424
2.1096,-64.422
2.1096,-64.416
2.1097,-64.399
2.1097,-64.389
2.1098,-64.391
2.1098,-64.383
2.1099,-64.37
2.1099,-64.342
2.11,-64.342
2.11,-64.342
2.1101,-64.342
2.1101,-64.342
2.1102,-64.342
2.1102,-64.342
2.1103,-64.344
2.1103,-64.342
2.1104,-64.341
2.1104,-64.337
2.1105,-64.337
2.1105,-64.341
2.1106,-64.347
2.1106,-64.354
2.1107,-64.357
2.1107,-64.36
2.1108,-64.362
2.1108,-64.363
2.1109,-64.367
2.1109,-64.376
2.111,-64.383
2.111,-64.383
2.1111,-64.387
2.1111,-64.389
2.1112,-64.391
2.1112,-64.395
2.1113,-64.399
2.1113,-64.412
2.1114,-64.423
2.1114,-64.427
2.1115,-64.432
2.1115,-64.44
2.1116,-64.444
2.1116,-64.449
2.1117,-64.459
2.1117,-64.467
2.1118,-64.473
2.1118,-64.471
2.1119,-64.478
2.1119,-64.475
2.112,-64.473
2.112,-64.478
2.1121,-64.481
2.1121,-64.486
2.1122,-64.493
2.1122,-64.498
2.1123,-64.498
2.1123,-64.499
2.1124,-64.502
2.1124,-64.509
2.1125,-64.514
2.1125,-64.517
2.1126,-64.52
2.1126,-64.516
2.1127,-64.514
2.1127,-64.503
2.1128,-64.476
2.1128,-64.462
2.1129,-64.463
2.1129,-64.467
2.113,-64.47
2.113,-64.472
2.1131,-64.479
2.1131,-64.479
2.1132,-64.478
2.1132,-64.478
2.1133,-64.478
2.1133,-64.478
2.1134,-64.478
2.1134,-64.478
2.1135,-64.478
2.1135,-64.484
2.1136,-64.486
2.1136,-64.486
2.1137,-64.485
2.1137,-64.486
2.1138,-64.486
2.1138,-64.484
2.1139,-64.484
2.1139,-64.484
2.114,-64.484
2.114,-64.484
2.1141,-64.485
2.1141,-64.485
2.1142,-64.479
2.1142,-64.486
2.1143,-64.489
2.1143,-64.494
2.1144,-64.493
2.1144,-64.492
2.1145,-64.486
2.1145,-64.487
2.1146,-64.488
2.1146,-64.493
2.1147,-64.493
2.1147,-64.495
2.1148,-64.499
2.1148,-64.506
2.1149,-64.512
2.1149,-64.512
2.115,-64.514
2.115,-64.516
2.1151,-64.518
2.1151,-64.518
2.1152,-64.518
2.1152,-64.518
2.1153,-64.518
2.1153,-64.518
2.1154,-64.52
2.1154,-64.522
2.1155,-64.525
2.1155,-64.527
2.1156,-64.528
2.1156,-64.533
2.1157,-64.54
2.1157,-64.544
2.1158,-64.547
2.1158,-64.548
2.1159,-64.548
2.1159,-64.548
2.116,-64.548
2.116,-64.547
2.1161,-64.544
2.1161,-64.548
2.1162,-64.55
2.1162,-64.548
2.1163,-64.552
2.1163,-64.553
2.1164,-64.553
2.1164,-64.553
2.1165,-64.553
2.1165,-64.558
2.1166,-64.562
2.1166,-64.566
2.1167,-64.567
2.1167,-64.578
2.1168,-64.582
2.1168,-64.582
2.1169,-64.592
2.1169,-64.596
2.117,-64.598
2.117,-64.601
2.1171,-64.605
2.1171,-64.605
2.1172,-64.608
2.1172,-64.599
2.1173,-64.594
2.1173,-64.589
2.1174,-64.589
2.1174,-64.589
2.1175,-64.59
2.1175,-64.584
2.1176,-64.585
2.1176,-64.577
2.1177,-64.576
2.1177,-64.524
2.1178,-64.434
2.1178,-64.389
2.1179,-64.357
2.1179,-64.311
2.118,-64.304
2.118,-64.295
2.1181,-64.286
2.1181,-64.275
2.1182,-64.265
2.1182,-64.26
2.1183,-64.259
2.1183,-64.261
2.1184,-64.26
2.1184,-64.259
2.1185,-64.261
2.1185,-64.261
2.1186,-64.262
2.1186,-64.251
2.1187,-64.245
2.1187,-64.241
2.1188,-64.236
2.1188,-64.231
2.1189,-64.228
2.1189,-64.226
2.119,-64.225
2.119,-64.218
2.1191,-64.214
2.1191,-64.215
2.1192,-64.222
2.1192,-64.221
2.1193,-64.219
2.1193,-64.222
2.1194,-64.226
2.1194,-64.227
2.1195,-64.237
2.1195,-64.244
2.1196,-64.249
2.1196,-64.254
2.1197,-64.257
2.1197,-64.26
2.1198,-64.267
2.1198,-64.274
2.1199,-64.273
2.1199,-64.276
2.12,-64.286
2.12,-64.29
2.1201,-64.302
2.1201,-64.312
2.1202,-64.318
2.1202,-64.322
2.1203,-64.33
2.1203,-64.338
2.1204,-64.344
2.1204,-64.347
2.1205,-64.349
2.1205,-64.347
2.1206,-64.352
2.1206,-64.364
2.1207,-64.376
2.1207,-64.39
2.1208,-64.4
2.1208,-64.405
2.1209,-64.408
2.1209,-64.418
2.121,-64.425
2.121,-64.425
2.1211,-64.426
2.1211,-64.44
2.1212,-64.444
2.1212,-64.441
2.1213,-64.452
2.1213,-64.452
2.1214,-64.454
2.1214,-64.457
2.1215,-64.458
2.1215,-64.463
2.1216,-64.466
2.1216,-64.47
2.1217,-64.477
2.1217,-64.48
2.1218,-64.482
2.1218,-64.485
2.1219,-64.487
2.1219,-64.492
2.122,-64.492
2.122,-64.492
2.1221,-64.492
2.1221,-64.495
2.1222,-64.495
2.1222,-64.492
2.1223,-64.486
2.1223,-64.484
2.1224,-64.489
2.1224,-64.492
2.1225,-64.495
2.1225,-64.489
2.1226,-64.489
2.1226,-64.49
2.1227,-64.494
2.1227,-64.507
2.1228,-64.508
2.1228,-64.509
2.1229,-64.51
2.1229,-64.511
2.123,-64.514
2.123,-64.515
2.1231,-64.518
2.1231,-64.52
2.1232,-64.525
2.1232,-64.517
2.1233,-64.517
2.1233,-64.513
2.1233,-64.508
2.1234,-64.513
2.1234,-64.511
2.1235,-64.502
2.1235,-64.502
2.1236,-64.501
2.1236,-64.502
2.1237,-64.501
2.1237,-64.498
2.1238,-64.495
2.1238,-64.494
2.1239,-64.49
2.1239,-64.484
2.124,-64.482
2.124,-64.479
2.1241,-64.476
2.1241,-64.474
2.1242,-64.472
2.1242,-64.476
2.1243,-64.474
2.1243,-64.473
2.1244,-64.473
2.1244,-64.471
2.1245,-64.471
2.1245,-64.471
2.1246,-64.467
2.1246,-64.461
2.1247,-64.458
2.1247,-64.45
2.1248,-64.441
2.1248,-64.428
2.1249,-64.422
2.1249,-64.421
2.125,-64.423
2.125,-64.424
2.1251,-64.426
2.1251,-64.423
2.1252,-64.419
2.1252,-64.419
2.1253,-64.421
2.1253,-64.422
2.1254,-64.424
2.1254,-64.428
2.1255,-64.428
2.1255,-64.429
2.1256,-64.431
2.1256,-64.431
2.1257,-64.429
2.1257,-64.429
2.1258,-64.428
2.1258,-64.42
2.1259,-64.41
2.1259,-64.405
2.126,-64.393
2.126,-64.381
2.1261,-64.381
2.1261,-64.383
2.1262,-64.386
2.1262,-64.387
2.1263,-64.386
2.1263,-64.384
2.1264,-64.386
2.1264,-64.386
2.1265,-64.386
2.1265,-64.386
2.1266,-64.387
2.1266,-64.386
2.1267,-64.378
2.1267,-64.378
2.1268,-64.371
2.1268,-64.367
2.1269,-64.376
2.1269,-64.383
2.127,-64.385
2.127,-64.387
2.1271,-64.393
2.1271,-64.396
2.1272,-64.399
2.1272,-64.402
2.1273,-64.402
2.1273,-64.403
2.1274,-64.403
2.1274,-64.394
2.1275,-64.405
2.1275,-64.42
2.1276,-64.422
2.1276,-64.424
2.1277,-64.422
2.1277,-64.42
2.1278,-64.422
2.1278,-64.424
2.1279,-64.424
2.1279,-64.428
2.128,-64.432
2.128,-64.436
2.1281,-64.437
2.1281,-64.434
2.1282,-64.429
2.1282,-64.428
2.1283,-64.434
2.1283,-64.438
2.1284,-64.441
2.1284,-64.447
2.1285,-64.452
2.1285,-64.452
2.1286,-64.452
2.1286,-64.451
2.1287,-64.45
2.1287,-64.449
2.1288,-64.445
2.1288,-64.438
2.1289,-64.438
2.1289,-64.441
2.129,-64.444
2.129,-64.448
2.1291,-64.451
2.1291,-64.453
2.1292,-64.45
2.1292,-64.451
2.1293,-64.451
2.1293,-64.453
2.1294,-64.456
2.1294,-64.457
2.1295,-64.457
2.1295,-64.457
2.1296,-64.46
2.1296,-64.457
2.1297,-64.457
2.1297,-64.455
2.1298,-64.457
2.1298,-64.46
2.1299,-64.462
2.1299,-64.463
2.13,-64.462
2.13,-64.457
2.1301,-64.46
2.1301,-64.45
2.1302,-64.451
2.1302,-64.451
2.1303,-64.453
2.1303,-64.459
2.1304,-64.475
2.1304,-64.476
2.1305,-64.469
2.1305,-64.456
2.1306,-64.462
2.1306,-64.466
2.1307,-64.466
2.1307,-64.466
2.1308,-64.453
2.1308,-64.45
2.1309,-64.45
2.1309,-64.457
2.131,-64.457
2.131,-64.464
2.1311,-64.466
2.1311,-64.471
2.1312,-64.478
2.1312,-64.48
2.1313,-64.484
2.1313,-64.489
2.1314,-64.489
2.1314,-64.492
2.1315,-64.492
2.1315,-64.489
2.1316,-64.486
2.1316,-64.483
2.1317,-64.486
2.1317,-64.484
2.1318,-64.489
2.1318,-64.494
2.1319,-64.495
2.1319,-64.491
2.132,-64.489
2.132,-64.491
2.1321,-64.489
2.1321,-64.489
2.1322,-64.487
2.1322,-64.481
2.1323,-64.479
2.1323,-64.482
2.1324,-64.484
2.1324,-64.481
2.1325,-64.477
2.1325,-64.469
2.1326,-64.453
2.1326,-64.448
2.1327,-64.447
2.1327,-64.443
2.1328,-64.44
2.1328,-64.434
2.1329,-64.429
2.1329,-64.431
2.133,-64.424
2.133,-64.412
2.1331,-64.406
2.1331,-64.392
2.1332,-64.392
2.1332,-64.395
2.1333,-64.399
2.1333,-64.402
2.1334,-64.405
2.1334,-64.405
2.1335,-64.409
2.1335,-64.421
2.1336,-64.429
2.1336,-64.432
2.1337,-64.44
2.1337,-64.447
2.1338,-64.449
2.1338,-64.455
2.1339,-64.457
2.1339,-64.459
2.134,-64.46
2.134,-64.463
2.1341,-64.467
2.1341,-64.468
2.1342,-64.473
2.1342,-64.468
2.1343,-64.465
2.1343,-64.465
2.1344,-64.453
2.1344,-64.459
2.1345,-64.459
2.1345,-64.465
2.1346,-64.465
2.1346,-64.47
2.1347,-64.47
2.1347,-64.46
2.1348,-64.455
2.1348,-64.45
2.1349,-64.45
2.1349,-64.45
2.135,-64.45
2.135,-64.447
2.1351,-64.445
2.1351,-64.437
2.1352,-64.433
2.1352,-64.434
2.1353,-64.424
2.1353,-64.399
2.1354,-64.387
2.1354,-64.389
2.1355,-64.398
2.1355,-64.408
2.1356,-64.41
2.1356,-64.412
2.1357,-64.413
2.1357,-64.405
2.1358,-64.405
2.1358,-64.412
2.1359,-64.412
2.1359,-64.412
2.136,-64.409
2.136,-64.408
2.1361,-64.405
2.1361,-64.402
2.1362,-64.401
2.1362,-64.401
2.1363,-64.398
2.1363,-64.398
2.1364,-64.398
2.1364,-64.397
2.1365,-64.389
2.1365,-64.379
2.1366,-64.371
2.1366,-64.369
2.1367,-64.367
2.1367,-64.368
2.1368,-64.37
2.1368,-64.367
2.1369,-64.359
2.1369,-64.347
2.137,-64.338
2.137,-64.328
2.137,-64.321
2.1371,-64.318
2.1371,-64.312
2.1372,-64.309
2.1372,-64.302
2.1373,-64.296
2.1373,-64.287
2.1374,-64.285
2.1374,-64.283
2.1375,-64.278
2.1375,-64.276
2.1376,-64.272
2.1376,-64.265
2.1377,-64.264
2.1377,-64.261
2.1378,-64.259
2.1378,-64.251
2.1379,-64.245
2.1379,-64.242
2.138,-64.238
2.138,-64.235
2.1381,-64.227
2.1381,-64.22
2.1382,-64.209
2.1382,-64.197
2.1383,-64.193
2.1383,-64.194
2.1384,-64.193
2.1384,-64.193
2.1385,-64.193
2.1385,-64.193
2.1386,-64.195
2.1386,-64.195
2.1387,-64.196
2.1387,-64.194
2.1388,-64.194
2.1388,-64.196
2.1389,-64.197
2.1389,-64.199
2.139,-64.2
2.139,-64.201
2.1391,-64.202
2.1391,-64.203
2.1392,-64.203
2.1392,-64.199
2.1393,-64.197
2.1393,-64.195
2.1394,-64.195
2.1394,-64.199
2.1395,-64.203
2.1395,-64.201
2.1396,-64.201
2.1396,-64.203
2.1397,-64.206
2.1397,-64.209
2.1398,-64.219
2.1398,-64.222
2.1399,-64.223
2.1399,-64.228
2.14,-64.221
2.14,-64.212
2.1401,-64.197
2.1401,-64.198
2.1402,-64.199
2.1402,-64.205
2.1403,-64.206
2.1403,-64.209
2.1404,-64.215
2.1404,-64.21
2.1405,-64.212
2.1405,-64.212
2.1406,-64.215
2.1406,-64.218
2.1407,-64.216
2.1407,-64.217
2.1408,-64.222
2.1408,-64.217
2.1409,-64.216
2.1409,-64.217
2.141,-64.222
2.141,-64.231
2.1411,-64.231
2.1411,-64.231
2.1412,-64.231
2.1412,-64.235
2.1413,-64.235
2.1413,-64.238
2.1414,-64.242
2.1414,-64.247
2.1415,-64.249
2.1415,-64.254
2.1416,-64.253
2.1416,-64.254
2.1417,-64.254
2.1417,-64.259
2.1418,-64.266
2.1418,-64.269
2.1419,-64.27
2.1419,-64.27
2.142,-64.27
2.142,-64.27
2.1421,-64.271
2.1421,-64.274
2.1422,-64.278
2.1422,-64.282
2.1423,-64.282
2.1423,-64.28
2.1424,-64.285
2.1424,-64.285
2.1425,-64.289
2.1425,-64.29
2.1426,-64.296
2.1426,-64.299
2.1427,-64.299
2.1427,-64.299
2.1428,-64.293
2.1428,-64.293
2.1429,-64.299
2.1429,-64.297
2.143,-64.293
2.143,-64.291
2.1431,-64.293
2.1431,-64.293
2.1432,-64.299
2.1432,-64.299
2.1433,-64.299
2.1433,-64.303
2.1434,-64.309
2.1434,-64.309
2.1435,-64.309
2.1435,-64.316
2.1436,-64.316
2.1436,-64.33
2.1437,-64.334
2.1437,-64.334
2.1438,-64.338
2.1438,-64.344
2.1439,-64.344
2.1439,-64.349
2.144,-64.351
2.144,-64.347
2.1441,-64.347
2.1441,-64.354
2.1442,-64.354
2.1442,-64.347
2.1443,-64.347
2.1443,-64.347
2.1444,-64.345
2.1444,-64.345
2.1445,-64.353
2.1445,-64.347
2.1446,-64.342
2.1446,-64.342
2.1447,-64.342
2.1447,-64.342
2.1448,-64.348
2.1448,-64.351
2.1449,-64.351
2.1449,-64.36
2.145,-64.362
2.145,-64.365
2.1451,-64.368
2.1451,-64.374
2.1452,-64.384
2.1452,-64.394
2.1453,-64.402
2.1453,-64.405
2.1454,-64.412
2.1454,-64.415
2.1455,-64.412
2.1455,-64.414
2.1456,-64.414
2.1456,-64.414
2.1457,-64.416
2.1457,-64.417
2.1458,-64.41
2.1458,-64.408
2.1459,-64.405
2.1459,-64.405
2.146,-64.408
2.146,-64.408
2.1461,-64.41
2.1461,-64.409
2.1462,-64.402
2.1462,-64.398
2.1463,-64.4
2.1463,-64.4
2.1464,-64.4
2.1464,-64.399
2.1465,-64.399
2.1465,-64.399
2.1466,-64.407
2.1466,-64.415
2.1467,-64.415
2.1467,-64.415
2.1468,-64.415
2.1468,-64.415
2.1469,-64.417
2.1469,-64.417
2.147,-64.418
2.147,-64.419
2.1471,-64.42
2.1471,-64.419
2.1472,-64.42
2.1472,-64.421
2.1473,-64.419
2.1473,-64.421
2.1474,-64.423
2.1474,-64.421
2.1475,-64.419
2.1475,-64.423
2.1476,-64.422
2.1476,-64.418
2.1477,-64.421
2.1477,-64.416
2.1478,-64.414
2.1478,-64.418
2.1479,-64.418
2.1479,-64.418
2.148,-64.414
2.148,-64.413
2.1481,-64.412
2.1481,-64.415
2.1482,-64.418
2.1482,-64.423
2.1483,-64.441
2.1483,-64.458
2.1484,-64.48
2.1484,-64.496
2.1485,-64.496
2.1485,-64.496
2.1486,-64.501
2.1486,-64.51
2.1487,-64.515
2.1487,-64.515
2.1488,-64.516
2.1488,-64.521
2.1489,-64.526
2.1489,-64.534
2.149,-64.543
2.149,-64.553
2.1491,-64.551
2.1491,-64.555
2.1492,-64.557
2.1492,-64.559
2.1493,-64.568
2.1493,-64.576
2.1494,-64.576
2.1494,-64.577
2.1495,-64.578
2.1495,-64.577
2.1496,-64.577
2.1496,-64.581
2.1497,-64.581
2.1497,-64.582
2.1498,-64.591
2.1498,-64.595
2.1499,-64.601
2.1499,-64.607
2.15,-64.611
2.15,-64.618
2.1501,-64.621
2.1501,-64.62
2.1502,-64.62
2.1502,-64.623
2.1503,-64.628
2.1503,-64.628
2.1504,-64.623
2.1504,-64.623
2.1505,-64.623
2.1505,-64.62
2.1506,-64.62
2.1506,-64.623
2.1507,-64.629
2.1507,-64.629
2.1507,-64.634
2.1508,-64.637
2.1508,-64.637
2.1509,-64.632
2.1509,-64.623
2.151,-64.623
2.151,-64.611
2.1511,-64.611
2.1511,-64.604
2.1512,-64.597
2.1512,-64.591
2.1513,-64.584
2.1513,-64.563
2.1514,-64.545
2.1514,-64.524
2.1515,-64.513
2.1515,-64.507
2.1516,-64.502
2.1516,-64.501
2.1517,-64.5
2.1517,-64.498
2.1518,-64.492
2.1518,-64.479
2.1519,-64.463
2.1519,-64.452
2.152,-64.454
2.152,-64.454
2.1521,-64.454
2.1521,-64.457
2.1522,-64.458
2.1522,-64.461
2.1523,-64.461
2.1523,-64.461
2.1524,-64.46
2.1524,-64.46
2.1525,-64.46
2.1525,-64.463
2.1526,-64.463
2.1526,-64.463
2.1527,-64.463
2.1527,-64.46
2.1528,-64.453
2.1528,-64.448
2.1529,-64.448
2.1529,-64.45
2.153,-64.448
2.153,-64.448
2.1531,-64.439
2.1531,-64.437
2.1532,-64.44
2.1532,-64.44
2.1533,-64.437
2.1533,-64.443
2.1534,-64.448
2.1534,-64.452
2.1535,-64.451
2.1535,-64.446
2.1536,-64.444
2.1536,-64.449
2.1537,-64.45
2.1537,-64.45
2.1538,-64.45
2.1538,-64.454
2.1539,-64.454
2.1539,-64.453
2.154,-64.453
2.154,-64.453
2.1541,-64.453
2.1541,-64.453
2.1542,-64.457
2.1542,-64.462
2.1543,-64.466
2.1543,-64.471
2.1544,-64.474
2.1544,-64.474
2.1545,-64.475
2.1545,-64.479
2.1546,-64.481
2.1546,-64.482
2.1547,-64.482
2.1547,-64.482
2.1548,-64.48
2.1548,-64.488
2.1549,-64.495
2.1549,-64.505
2.155,-64.515
2.155,-64.518
2.1551,-64.518
2.1551,-64.522
2.1552,-64.525
2.1552,-64.527
2.1553,-64.531
2.1553,-64.531
2.1554,-64.527
2.1554,-64.526
2.1555,-64.535
2.1555,-64.543
2.1556,-64.547
2.1556,-64.547
2.1557,-64.545
2.1557,-64.541
2.1558,-64.537
2.1558,-64.534
2.1559,-64.534
2.1559,-64.533
2.156,-64.532
2.156,-64.534
2.1561,-64.535
2.1561,-64.537
2.1562,-64.533
2.1562,-64.538
2.1563,-64.537
2.1563,-64.531
2.1564,-64.527
2.1564,-64.527
2.1565,-64.532
2.1565,-64.517
2.1566,-64.517
2.1566,-64.517
2.1567,-64.495
2.1567,-64.495
2.1568,-64.505
2.1568,-64.509
2.1569,-64.506
2.1569,-64.502
2.157,-64.5
2.157,-64.502
2.1571,-64.503
2.1571,-64.504
2.1572,-64.504
2.1572,-64.501
2.1573,-64.495
2.1573,-64.492
2.1574,-64.491
2.1574,-64.492
2.1575,-64.491
2.1575,-64.492
2.1576,-64.491
2.1576,-64.494
2.1577,-64.499
2.1577,-64.502
2.1578,-64.499
2.1578,-64.496
2.1579,-64.488
2.1579,-64.485
2.158,-64.482
2.158,-64.479
2.1581,-64.477
2.1581,-64.472
2.1582,-64.466
2.1582,-64.469
2.1583,-64.473
2.1583,-64.48
2.1584,-64.48
2.1584,-64.473
2.1585,-64.464
2.1585,-64.464
2.1586,-64.47
2.1586,-64.475
2.1587,-64.473
2.1587,-64.47
2.1588,-64.469
2.1588,-64.466
2.1589,-64.463
2.1589,-64.466
2.159,-64.469
2.159,-64.472
2.1591,-64.479
2.1591,-64.479
2.1592,-64.479
2.1592,-64.479
2.1593,-64.479
2.1593,-64.487
2.1594,-64.492
2.1594,-64.497
2.1595,-64.497
2.1595,-64.497
2.1596,-64.499
2.1596,-64.512
2.1597,-64.515
2.1597,-64.515
2.1598,-64.515
2.1598,-64.515
2.1599,-64.515
2.1599,-64.517
2.16,-64.515
2.16,-64.51
2.1601,-64.511
2.1601,-64.511
2.1602,-64.511
2.1602,-64.511
2.1603,-64.514
2.1603,-64.519
2.1604,-64.522
2.1604,-64.521
2.1605,-64.517
2.1605,-64.515
2.1606,-64.512
2.1606,-64.512
2.1607,-64.515
2.1607,-64.515
2.1608,-64.517
2.1608,-64.515
2.1609,-64.517
2.1609,-64.522
2.161,-64.525
2.161,-64.525
2.1611,-64.526
2.1611,-64.526
2.1612,-64.525
2.1612,-64.528
2.1613,-64.533
2.1613,-64.537
2.1614,-64.542
2.1614,-64.544
2.1615,-64.544
2.1615,-64.544
2.1616,-64.544
2.1616,-64.547
2.1617,-64.548
2.1617,-64.55
2.1618,-64.551
2.1618,-64.553
2.1619,-64.556
2.1619,-64.558
2.162,-64.556
2.162,-64.56
2.1621,-64.568
2.1621,-64.568
2.1622,-64.579
2.1622,-64.582
2.1623,-64.583
2.1623,-64.587
2.1624,-64.589
2.1624,-64.598
2.1625,-64.609
2.1625,-64.618
2.1626,-64.625
2.1626,-64.625
2.1627,-64.634
2.1627,-64.634
2.1628,-64.634
2.1628,-64.632
2.1629,-64.637
2.1629,-64.643
2.163,-64.647
2.163,-64.65
2.1631,-64.653
2.1631,-64.655
2.1632,-64.655
2.1632,-64.653
2.1633,-64.657
2.1633,-64.659
2.1634,-64.661
2.1634,-64.663
2.1635,-64.665
2.1635,-64.665
2.1636,-64.666
2.1636,-64.668
2.1637,-64.674
2.1637,-64.674
2.1638,-64.676
2.1638,-64.678
2.1639,-64.683
2.1639,-64.684
2.164,-64.685
2.164,-64.684
2.1641,-64.681
2.1641,-64.678
2.1642,-64.678
2.1642,-64.669
2.1643,-64.659
2.1643,-64.669
2.1644,-64.678
2.1644,-64.678
2.1644,-64.678
2.1645,-64.678
2.1645,-64.677
2.1646,-64.677
2.1646,-64.68
2.1647,-64.683
2.1647,-64.679
2.1648,-64.676
2.1648,-64.676
2.1649,-64.682
2.1649,-64.682
2.165,-64.679
2.165,-64.683
2.1651,-64.685
2.1651,-64.685
2.1652,-64.685
2.1652,-64.685
2.1653,-64.689
2.1653,-64.687
2.1654,-64.682
2.1654,-64.686
2.1655,-64.689
2.1655,-64.684
2.1656,-64.674
2.1656,-64.674
2.1657,-64.676
2.1657,-64.67
2.1658,-64.669
2.1658,-64.669
2.1659,-64.666
2.1659,-64.666
2.166,-64.666
2.166,-64.668
2.1661,-64.675
2.1661,-64.669
2.1662,-64.668
2.1662,-64.663
2.1663,-64.658
2.1663,-64.657
2.1664,-64.654
2.1664,-64.653
2.1665,-64.655
2.1665,-64.659
2.1666,-64.666
2.1666,-64.667
2.1667,-64.667
2.1667,-64.671
2.1668,-64.669
2.1668,-64.669
2.1669,-64.672
2.1669,-64.677
2.167,-64.679
2.167,-64.679
2.1671,-64.678
2.1671,-64.678
2.1672,-64.678
2.1672,-64.678
2.1673,-64.679
2.1673,-64.682
2.1674,-64.679
2.1674,-64.679
2.1675,-64.679
2.1675,-64.682
2.1676,-64.685
2.1676,-64.685
2.1677,-64.688
2.1677,-64.691
2.1678,-64.697
2.1678,-64.705
2.1679,-64.708
2.1679,-64.704
2.168,-64.708
2.168,-64.718
2.1681,-64.724
2.1681,-64.731
2.1682,-64.731
2.1682,-64.731
2.1683,-64.736
2.1683,-64.743
2.1684,-64.745
2.1684,-64.74
2.1685,-64.734
2.1685,-64.733
2.1686,-64.733
2.1686,-64.736
2.1687,-64.74
2.1687,-64.743
2.1688,-64.743
2.1688,-64.743
2.1689,-64.743
2.1689,-64.745
2.169,-64.743
2.169,-64.741
2.1691,-64.744
2.1691,-64.75
2.1692,-64.759
2.1692,-64.771
2.1693,-64.774
2.1693,-64.78
2.1694,-64.779
2.1694,-64.777
2.1695,-64.774
2.1695,-64.772
2.1696,-64.774
2.1696,-64.775
2.1697,-64.775
2.1697,-64.777
2.1698,-64.777
2.1698,-64.781
2.1699,-64.781
2.1699,-64.781
2.17,-64.776
2.17,-64.766
2.1701,-64.762
2.1701,-64.759
2.1702,-64.759
2.1702,-64.756
2.1703,-64.752
2.1703,-64.739
2.1704,-64.724
2.1704,-64.731
2.1705,-64.721
2.1705,-64.698
2.1706,-64.695
2.1706,-64.692
2.1707,-64.679
2.1707,-64.672
2.1708,-64.67
2.1708,-64.669
2.1709,-64.666
2.1709,-64.669
2.171,-64.669
2.171,-64.669
2.1711,-64.668
2.1711,-64.666
2.1712,-64.666
2.1712,-64.668
2.1713,-64.669
2.1713,-64.666
2.1714,-64.657
2.1714,-64.652
2.1715,-64.662
2.1715,-64.666
2.1716,-64.648
2.1716,-64.629
2.1717,-64.618
2.1717,-64.618
2.1718,-64.618
2.1718,-64.614
2.1719,-64.61
2.1719,-64.609
2.172,-64.609
2.172,-64.61
2.1721,-64.616
2.1721,-64.621
2.1722,-64.621
2.1722,-64.624
2.1723,-64.628
2.1723,-64.634
2.1724,-64.643
2.1724,-64.649
2.1725,-64.652
2.1725,-64.653
2.1726,-64.659
2.1726,-64.667
2.1727,-64.67
2.1727,-64.67
2.1728,-64.674
2.1728,-64.68
2.1729,-64.692
2.1729,-64.696
2.173,-64.7
2.173,-64.717
2.1731,-64.717
2.1731,-64.706
2.1732,-64.706
2.1732,-64.7
2.1733,-64.711
2.1733,-64.711
2.1734,-64.717
2.1734,-64.722
2.1735,-64.73
2.1735,-64.733
2.1736,-64.742
2.1736,-64.747
2.1737,-64.753
2.1737,-64.754
2.1738,-64.751
2.1738,-64.754
2.1739,-64.76
2.1739,-64.758
2.174,-64.749
2.174,-64.742
2.1741,-64.748
2.1741,-64.756
2.1742,-64.759
2.1742,-64.747
2.1743,-64.747
2.1743,-64.753
2.1744,-64.754
2.1744,-64.756
2.1745,-64.759
2.1745,-64.753
2.1746,-64.75
2.1746,-64.746
2.1747,-64.746
2.1747,-64.745
2.1748,-64.743
2.1748,-64.739
2.1749,-64.737
2.1749,-64.738
2.175,-64.742
2.175,-64.738
2.1751,-64.733
2.1751,-64.733
2.1752,-64.724
2.1752,-64.724
2.1753,-64.727
2.1753,-64.724
2.1754,-64.726
2.1754,-64.73
2.1755,-64.731
2.1755,-64.731
2.1756,-64.731
2.1756,-64.732
2.1757,-64.733
2.1757,-64.74
2.1758,-64.744
2.1758,-64.748
2.1759,-64.749
2.1759,-64.753
2.176,-64.757
2.176,-64.757
2.1761,-64.749
2.1761,-64.744
2.1762,-64.729
2.1762,-64.711
2.1763,-64.711
2.1763,-64.712
2.1764,-64.706
2.1764,-64.697
2.1765,-64.685
2.1765,-64.676
2.1766,-64.671
2.1766,-64.665
2.1767,-64.659
2.1767,-64.658
2.1768,-64.654
2.1768,-64.652
2.1769,-64.645
2.1769,-64.638
2.177,-64.632
2.177,-64.634
2.1771,-64.637
2.1771,-64.637
2.1772,-64.641
2.1772,-64.635
2.1773,-64.634
2.1773,-64.633
2.1774,-64.628
2.1774,-64.624
2.1775,-64.614
2.1775,-64.618
2.1776,-64.622
2.1776,-64.618
2.1777,-64.612
2.1777,-64.604
2.1778,-64.6
2.1778,-64.598
2.1779,-64.594
2.1779,-64.585
2.178,-64.58
2.178,-64.582
2.1781,-64.588
2.1781,-64.586
2.1781,-64.592
2.1782,-64.595
2.1782,-64.597
2.1783,-64.598
2.1783,-64.601
2.1784,-64.597
2.1784,-64.593
2.1785,-64.593
2.1785,-64.593
2.1786,-64.598
2.1786,-64.595
2.1787,-64.595
2.1787,-64.592
2.1788,-64.586
2.1788,-64.589
2.1789,-64.585
2.1789,-64.59
2.179,-64.598
2.179,-64.605
2.1791,-64.605
2.1791,-64.611
2.1792,-64.611
2.1792,-64.616
2.1793,-64.62
2.1793,-64.621
2.1794,-64.624
2.1794,-64.627
2.1795,-64.634
2.1795,-64.63
2.1796,-64.634
2.1796,-64.638
2.1797,-64.634
2.1797,-64.635
2.1798,-64.64
2.1798,-64.64
2.1799,-64.645
2.1799,-64.649
2.18,-64.652
2.18,-64.653
2.1801,-64.655
2.1801,-64.656
2.1802,-64.66
2.1802,-64.661
2.1803,-64.663
2.1803,-64.669
2.1804,-64.674
2.1804,-64.679
2.1805,-64.681
2.1805,-64.681
2.1806,-64.682
2.1806,-64.682
2.1807,-64.681
2.1807,-64.679
2.1808,-64.679
2.1808,-64.679
2.1809,-64.676
2.1809,-64.679
2.181,-64.681
2.181,-64.694
2.1811,-64.708
2.1811,-64.704
2.1812,-64.705
2.1812,-64.711
2.1813,-64.714
2.1813,-64.724
2.1814,-64.73
2.1814,-64.73
2.1815,-64.722
2.1815,-64.724
2.1816,-64.741
2.1816,-64.745
2.1817,-64.749
2.1817,-64.753
2.1818,-64.749
2.1818,-64.753
2.1819,-64.754
2.1819,-64.758
2.182,-64.759
2.182,-64.759
2.1821,-64.761
2.1821,-64.769
2.1822,-64.769
2.1822,-64.764
2.1823,-64.764
2.1823,-64.763
2.1824,-64.753
2.1824,-64.751
2.1825,-64.751
2.1825,-64.754
2.1826,-64.754
2.1826,-64.754
2.1827,-64.754
2.1827,-64.748
2.1828,-64.746
2.1828,-64.742
2.1829,-64.74
2.1829,-64.733
2.183,-64.728
2.183,-64.724
2.1831,-64.718
2.1831,-64.718
2.1832,-64.718
2.1832,-64.718
2.1833,-64.721
2.1833,-64.721
2.1834,-64.724
2.1834,-64.719
2.1835,-64.713
2.1835,-64.708
2.1836,-64.704
2.1836,-64.699
2.1837,-64.695
2.1837,-64.691
2.1838,-64.686
2.1838,-64.682
2.1839,-64.686
2.1839,-64.69
2.184,-64.695
2.184,-64.695
2.1841,-64.692
2.1841,-64.692
2.1842,-64.692
2.1842,-64.692
2.1843,-64.681
2.1843,-64.682
2.1844,-64.682
2.1844,-64.682
2.1845,-64.674
2.1845,-64.666
2.1846,-64.659
2.1846,-64.656
2.1847,-64.65
2.1847,-64.641
2.1848,-64.64
2.1848,-64.64
2.1849,-64.647
2.1849,-64.658
2.185,-64.663
2.185,-64.661
2.1851,-64.656
2.1851,-64.663
2.1852,-64.659
2.1852,-64.658
2.1853,-64.672
2.1853,-64.681
2.1854,-64.683
2.1854,-64.683
2.1855,-64.683
2.1855,-64.683
2.1856,-64.683
2.1856,-64.685
2.1857,-64.685
2.1857,-64.685
2.1858,-64.685
2.1858,-64.689
2.1859,-64.691
2.1859,-64.693
2.186,-64.689
2.186,-64.689
2.1861,-64.695
2.1861,-64.692
2.1862,-64.69
2.1862,-64.69
2.1863,-64.688
2.1863,-64.691
2.1864,-64.693
2.1864,-64.693
2.1865,-64.693
2.1865,-64.697
2.1866,-64.7
2.1866,-64.706
2.1867,-64.706
2.1867,-64.71
2.1868,-64.714
2.1868,-64.714
2.1869,-64.709
2.1869,-64.71
2.187,-64.715
2.187,-64.717
2.1871,-64.717
2.1871,-64.714
2.1872,-64.714
2.1872,-64.715
2.1873,-64.716
2.1873,-64.716
2.1874,-64.716
2.1874,-64.719
2.1875,-64.711
2.1875,-64.704
2.1876,-64.695
2.1876,-64.694
2.1877,-64.685
2.1877,-64.682
2.1878,-64.682
2.1878,-64.676
2.1879,-64.667
2.1879,-64.664
2.188,-64.666
2.188,-64.673
2.1881,-64.676
2.1881,-64.679
2.1882,-64.68
2.1882,-64.679
2.1883,-64.672
2.1883,-64.672
2.1884,-64.669
2.1884,-64.669
2.1885,-64.669
2.1885,-64.663
2.1886,-64.65
2.1886,-64.64
2.1887,-64.64
2.1887,-64.64
2.1888,-64.643
2.1888,-64.648
2.1889,-64.639
2.1889,-64.633
2.189,-64.63
2.189,-64.624
2.1891,-64.618
2.1891,-64.608
2.1892,-64.592
2.1892,-64.59
2.1893,-64.582
2.1893,-64.579
2.1894,-64.577
2.1894,-64.578
2.1895,-64.578
2.1895,-64.576
2.1896,-64.572
2.1896,-64.569
2.1897,-64.566
2.1897,-64.564
2.1898,-64.564
2.1898,-64.56
2.1899,-64.557
2.1899,-64.556
2.19,-64.558
2.19,-64.558
2.1901,-64.558
2.1901,-64.558
2.1902,-64.558
2.1902,-64.556
2.1903,-64.553
2.1903,-64.553
2.1904,-64.553
2.1904,-64.553
2.1905,-64.554
2.1905,-64.556
2.1906,-64.559
2.1906,-64.56
2.1907,-64.56
2.1907,-64.561
2.1908,-64.564
2.1908,-64.566
2.1909,-64.567
2.1909,-64.569
2.191,-64.569
2.191,-64.571
2.1911,-64.576
2.1911,-64.579
2.1912,-64.579
2.1912,-64.579
2.1913,-64.579
2.1913,-64.575
2.1914,-64.576
2.1914,-64.582
2.1915,-64.579
2.1915,-64.578
2.1916,-64.588
2.1916,-64.595
2.1917,-64.597
2.1917,-64.598
2.1918,-64.598
2.1918,-64.603
2.1918,-64.604
2.1919,-64.601
2.1919,-64.601
2.192,-64.601
2.192,-64.603
2.1921,-64.609
2.1921,-64.609
2.1922,-64.609
2.1922,-64.606
2.1923,-64.612
2.1923,-64.617
2.1924,-64.621
2.1924,-64.624
2.1925,-64.627
2.1925,-64.625
2.1926,-64.622
2.1926,-64.622
2.1927,-64.625
2.1927,-64.622
2.1928,-64.623
2.1928,-64.622
2.1929,-64.619
2.1929,-64.618
2.193,-64.618
2.193,-64.621
2.1931,-64.621
2.1931,-64.619
2.1932,-64.617
2.1932,-64.612
2.1933,-64.61
2.1933,-64.606
2.1934,-64.603
2.1934,-64.604
2.1935,-64.61
2.1935,-64.616
2.1936,-64.616
2.1936,-64.616
2.1937,-64.615
2.1937,-64.614
2.1938,-64.605
2.1938,-64.603
2.1939,-64.602
2.1939,-64.6
2.194,-64.587
2.194,-64.583
2.1941,-64.57
2.1941,-64.564
2.1942,-64.561
2.1942,-64.544
2.1943,-64.507
2.1943,-64.47
2.1944,-64.455
2.1944,-64.44
2.1945,-64.37
2.1945,-64.354
2.1946,-64.353
2.1946,-64.355
2.1947,-64.357
2.1947,-64.36
2.1948,-64.363
2.1948,-64.358
2.1949,-64.357
2.1949,-64.357
2.195,-64.357
2.195,-64.36
2.1951,-64.363
2.1951,-64.371
2.1952,-64.371
2.1952,-64.369
2.1953,-64.367
2.1953,-64.366
2.1954,-64.367
2.1954,-64.366
2.1955,-64.362
2.1955,-64.358
2.1956,-64.35
2.1956,-64.348
2.1957,-64.355
2.1957,-64.355
2.1958,-64.348
2.1958,-64.347
2.1959,-64.347
2.1959,-64.347
2.196,-64.348
2.196,-64.352
2.1961,-64.35
2.1961,-64.347
2.1962,-64.343
2.1962,-64.339
2.1963,-64.331
2.1963,-64.324
2.1964,-64.318
2.1964,-64.306
2.1965,-64.301
2.1965,-64.298
2.1966,-64.295
2.1966,-64.281
2.1967,-64.275
2.1967,-64.273
2.1968,-64.268
2.1968,-64.264
2.1969,-64.255
2.1969,-64.245
2.197,-64.243
2.197,-64.239
2.1971,-64.235
2.1971,-64.227
2.1972,-64.22
2.1972,-64.22
2.1973,-64.217
2.1973,-64.217
2.1974,-64.217
2.1974,-64.217
2.1975,-64.217
2.1975,-64.217
2.1976,-64.218
2.1976,-64.221
2.1977,-64.227
2.1977,-64.232
2.1978,-64.235
2.1978,-64.235
2.1979,-64.233
2.1979,-64.232
2.198,-64.236
2.198,-64.238
2.1981,-64.238
2.1981,-64.235
2.1982,-64.241
2.1982,-64.251
2.1983,-64.252
2.1983,-64.254
2.1984,-64.254
2.1984,-64.257
2.1985,-64.257
2.1985,-64.257
2.1986,-64.259
2.1986,-64.261
2.1987,-64.261
2.1987,-64.259
2.1988,-64.26
2.1988,-64.27
2.1989,-64.271
2.1989,-64.278
2.199,-64.277
2.199,-64.283
2.1991,-64.288
2.1991,-64.293
2.1992,-64.294
2.1992,-64.295
2.1993,-64.307
2.1993,-64.315
2.1994,-64.316
2.1994,-64.321
2.1995,-64.331
2.1995,-64.331
2.1996,-64.333
2.1996,-64.333
2.1997,-64.333
2.1997,-64.338
2.1998,-64.325
2.1998,-64.317
2.1999,-64.315
2.1999,-64.318
2.2,-64.318
2.2,-64.315
2.2001,-64.313
2.2001,-64.309
2.2002,-64.308
2.2002,-64.308
2.2003,-64.304
2.2003,-64.299
2.2004,-64.297
2.2004,-64.296
2.2005,-64.296
2.2005,-64.296
2.2006,-64.296
2.2006,-64.296
2.2007,-64.296
2.2007,-64.294
2.2008,-64.293
2.2008,-64.293
2.2009,-64.291
2.2009,-64.293
2.201,-64.293
2.201,-64.293
2.2011,-64.293
2.2011,-64.294
2.2012,-64.294
2.2012,-64.293
2.2013,-64.29
2.2013,-64.289
2.2014,-64.289
2.2014,-64.289
2.2015,-64.289
2.2015,-64.291
2.2016,-64.294
2.2016,-64.295
2.2017,-64.3
2.2017,-64.3
2.2018,-64.309
2.2018,-64.316
2.2019,-64.316
2.2019,-64.316
2.202,-64.316
2.202,-64.313
2.2021,-64.306
2.2021,-64.308
2.2022,-64.311
2.2022,-64.309
2.2023,-64.312
2.2023,-64.312
2.2024,-64.309
2.2024,-64.306
2.2025,-64.305
2.2025,-64.303
2.2026,-64.303
2.2026,-64.305
2.2027,-64.306
2.2027,-64.305
2.2028,-64.309
2.2028,-64.315
2.2029,-64.317
2.2029,-64.324
2.203,-64.322
2.203,-64.317
2.2031,-64.313
2.2031,-64.32
2.2032,-64.325
2.2032,-64.326
2.2033,-64.326
2.2033,-64.325
2.2034,-64.328
2.2034,-64.332
2.2035,-64.34
2.2035,-64.35
2.2036,-64.353
2.2036,-64.353
2.2037,-64.357
2.2037,-64.361
2.2038,-64.364
2.2038,-64.361
2.2039,-64.366
2.2039,-64.37
2.204,-64.372
2.204,-64.372
2.2041,-64.368
2.2041,-64.367
2.2042,-64.363
2.2042,-64.364
2.2043,-64.366
2.2043,-64.363
2.2044,-64.361
2.2044,-64.366
2.2045,-64.37
2.2045,-64.373
2.2046,-64.367
2.2046,-64.368
2.2047,-64.368
2.2047,-64.368
2.2048,-64.37
2.2048,-64.37
2.2049,-64.37
2.2049,-64.366
2.205,-64.367
2.205,-64.367
2.2051,-64.359
2.2051,-64.364
2.2052,-64.367
2.2052,-64.358
2.2053,-64.346
2.2053,-64.346
2.2054,-64.344
2.2054,-64.344
2.2055,-64.347
2.2055,-64.349
2.2055,-64.35
2.2056,-64.351
2.2056,-64.353
2.2057,-64.354
2.2057,-64.357
2.2058,-64.36
2.2058,-64.357
2.2059,-64.356
2.2059,-64.35
2.206,-64.341
2.206,-64.334
2.2061,-64.33
2.2061,-64.328
2.2062,-64.315
2.2062,-64.299
2.2063,-64.296
2.2063,-64.3
2.2064,-64.3
2.2064,-64.295
2.2065,-64.296
2.2065,-64.296
2.2066,-64.295
2.2066,-64.296
2.2067,-64.298
2.2067,-64.299
2.2068,-64.297
2.2068,-64.298
2.2069,-64.299
2.2069,-64.307
2.207,-64.315
2.207,-64.315
2.2071,-64.312
2.2071,-64.312
2.2072,-64.312
2.2072,-64.31
2.2073,-64.308
2.2073,-64.303
2.2074,-64.299
2.2074,-64.298
2.2075,-64.298
2.2075,-64.296
2.2076,-64.294
2.2076,-64.296
2.2077,-64.297
2.2077,-64.298
2.2078,-64.298
2.2078,-64.3
2.2079,-64.299
2.2079,-64.304
2.208,-64.306
2.208,-64.308
2.2081,-64.311
2.2081,-64.315
2.2082,-64.319
2.2082,-64.324
2.2083,-64.331
2.2083,-64.337
2.2084,-64.327
2.2084,-64.33
2.2085,-64.341
2.2085,-64.349
2.2086,-64.352
2.2086,-64.347
2.2087,-64.352
2.2087,-64.359
2.2088,-64.36
2.2088,-64.363
2.2089,-64.364
2.2089,-64.364
2.209,-64.364
2.209,-64.366
2.2091,-64.367
2.2091,-64.373
2.2092,-64.382
2.2092,-64.389
2.2093,-64.395
2.2093,-64.397
2.2094,-64.402
2.2094,-64.399
2.2095,-64.397
2.2095,-64.401
2.2096,-64.4
2.2096,-64.407
2.2097,-64.407
2.2097,-64.415
2.2098,-64.42
2.2098,-64.428
2.2099,-64.429
2.2099,-64.432
2.21,-64.435
2.21,-64.431
2.2101,-64.431
2.2101,-64.431
2.2102,-64.426
2.2102,-64.426
2.2103,-64.425
2.2103,-64.418
2.2104,-64.413
2.2104,-64.413
2.2105,-64.41
2.2105,-64.408
2.2106,-64.408
2.2106,-64.409
2.2107,-64.407
2.2107,-64.405
2.2108,-64.405
2.2108,-64.404
2.2109,-64.407
2.2109,-64.402
2.211,-64.399
2.211,-64.399
2.2111,-64.402
2.2111,-64.402
2.2112,-64.402
2.2112,-64.402
2.2113,-64.4
2.2113,-64.4
2.2114,-64.4
2.2114,-64.401
2.2115,-64.394
2.2115,-64.391
2.2116,-64.392
2.2116,-64.386
2.2117,-64.379
2.2117,-64.376
2.2118,-64.373
2.2118,-64.367
2.2119,-64.358
2.2119,-64.359
2.212,-64.361
2.212,-64.36
2.2121,-64.361
2.2121,-64.364
2.2122,-64.37
2.2122,-64.375
2.2123,-64.375
2.2123,-64.372
2.2124,-64.369
2.2124,-64.364
2.2125,-64.364
2.2125,-64.367
2.2126,-64.373
2.2126,-64.379
2.2127,-64.378
2.2127,-64.377
2.2128,-64.376
2.2128,-64.374
2.2129,-64.374
2.2129,-64.371
2.213,-64.365
2.213,-64.356
2.2131,-64.347
2.2131,-64.342
2.2132,-64.342
2.2132,-64.339
2.2133,-64.338
2.2133,-64.338
2.2134,-64.336
2.2134,-64.337
2.2135,-64.336
2.2135,-64.332
2.2136,-64.332
2.2136,-64.331
2.2137,-64.333
2.2137,-64.333
2.2138,-64.328
2.2138,-64.325
2.2139,-64.322
2.2139,-64.317
2.214,-64.315
2.214,-64.315
2.2141,-64.32
2.2141,-64.308
2.2142,-64.302
2.2142,-64.296
2.2143,-64.301
2.2143,-64.301
2.2144,-64.301
2.2144,-64.292
2.2145,-64.281
2.2145,-64.281
2.2146,-64.278
2.2146,-64.276
2.2147,-64.275
2.2147,-64.275
2.2148,-64.273
2.2148,-64.272
2.2149,-64.27
2.2149,-64.264
2.215,-64.215
2.215,-64.141
2.2151,-64.147
2.2151,-64.148
2.2152,-64.15
2.2152,-64.154
2.2153,-64.16
2.2153,-64.165
2.2154,-64.17
2.2154,-64.179
2.2155,-64.183
2.2155,-64.184
2.2156,-64.186
2.2156,-64.187
2.2157,-64.194
2.2157,-64.194
2.2158,-64.196
2.2158,-64.202
2.2159,-64.207
2.2159,-64.212
2.216,-64.216
2.216,-64.215
2.2161,-64.218
2.2161,-64.223
2.2162,-64.221
2.2162,-64.224
2.2163,-64.227
2.2163,-64.229
2.2164,-64.231
2.2164,-64.24
2.2165,-64.249
2.2165,-64.256
2.2166,-64.259
2.2166,-64.262
2.2167,-64.269
2.2167,-64.276
2.2168,-64.276
2.2168,-64.276
2.2169,-64.276
2.2169,-64.277
2.217,-64.28
2.217,-64.284
2.2171,-64.288
2.2171,-64.291
2.2172,-64.291
2.2172,-64.291
2.2173,-64.293
2.2173,-64.294
2.2174,-64.296
2.2174,-64.293
2.2175,-64.293
2.2175,-64.293
2.2176,-64.294
2.2176,-64.294
2.2177,-64.293
2.2177,-64.293
2.2178,-64.292
2.2178,-64.29
2.2179,-64.293
2.2179,-64.292
2.218,-64.292
2.218,-64.292
2.2181,-64.289
2.2181,-64.289
2.2182,-64.287
2.2182,-64.284
2.2183,-64.287
2.2183,-64.273
2.2184,-64.263
2.2184,-64.254
2.2185,-64.244
2.2185,-64.23
2.2186,-64.217
2.2186,-64.209
2.2187,-64.206
2.2187,-64.199
2.2188,-64.199
2.2188,-64.199
2.2189,-64.186
2.2189,-64.177
2.219,-64.178
2.219,-64.18
2.2191,-64.18
2.2191,-64.18
2.2192,-64.176
2.2192,-64.173
2.2192,-64.173
2.2193,-64.172
2.2193,-64.172
2.2194,-64.172
2.2194,-64.169
2.2195,-64.169
2.2195,-64.169
2.2196,-64.172
2.2196,-64.172
2.2197,-64.175
2.2197,-64.18
2.2198,-64.177
2.2198,-64.183
2.2199,-64.183
2.2199,-64.18
2.22,-64.177
2.22,-64.178
2.2201,-64.181
2.2201,-64.186
2.2202,-64.191
2.2202,-64.201
2.2203,-64.209
2.2203,-64.209
2.2204,-64.216
2.2204,-64.215
2.2205,-64.218
2.2205,-64.221
2.2206,-64.223
2.2206,-64.238
2.2207,-64.252
2.2207,-64.251
2.2208,-64.27
2.2208,-64.275
2.2209,-64.28
2.2209,-64.284
2.221,-64.291
2.221,-64.299
2.2211,-64.305
2.2211,-64.309
2.2212,-64.314
2.2212,-64.316
2.2213,-64.319
2.2213,-64.325
2.2214,-64.329
2.2214,-64.332
2.2215,-64.334
2.2215,-64.334
2.2216,-64.333
2.2216,-64.331
2.2217,-64.336
2.2217,-64.339
2.2218,-64.34
2.2218,-64.342
2.2219,-64.34
2.2219,-64.339
2.222,-64.339
2.222,-64.34
2.2221,-64.345
2.2221,-64.345
2.2222,-64.34
2.2222,-64.34
2.2223,-64.347
2.2223,-64.35
2.2224,-64.35
2.2224,-64.347
2.2225,-64.347
2.2225,-64.347
2.2226,-64.346
2.2226,-64.339
2.2227,-64.335
2.2227,-64.329
2.2228,-64.319
2.2228,-64.318
2.2229,-64.318
2.2229,-64.312
2.223,-64.312
2.223,-64.309
2.2231,-64.307
2.2231,-64.305
2.2232,-64.299
2.2232,-64.289
2.2233,-64.283
2.2233,-64.274
2.2234,-64.25
2.2234,-64.238
2.2235,-64.235
2.2235,-64.225
2.2236,-64.219
2.2236,-64.212
2.2237,-64.202
2.2237,-64.186
2.2238,-64.17
2.2238,-64.165
2.2239,-64.155
2.2239,-64.151
2.224,-64.148
2.224,-64.143
2.2241,-64.143
2.2241,-64.143
2.2242,-64.143
2.2242,-64.143
2.2243,-64.141
2.2243,-64.144
2.2244,-64.146
2.2244,-64.145
2.2245,-64.145
2.2245,-64.145
2.2246,-64.143
2.2246,-64.145
2.2247,-64.145
2.2247,-64.138
2.2248,-64.127
2.2248,-64.129
2.2249,-64.138
2.2249,-64.14
2.225,-64.14
2.225,-64.143
2.2251,-64.143
2.2251,-64.141
2.2252,-64.145
2.2252,-64.148
2.2253,-64.148
2.2253,-64.148
2.2254,-64.148
2.2254,-64.151
2.2255,-64.153
2.2255,-64.158
2.2256,-64.163
2.2256,-64.171
2.2257,-64.179
2.2257,-64.179
2.2258,-64.179
2.2258,-64.169
2.2259,-64.169
2.2259,-64.173
2.226,-64.173
2.226,-64.173
2.2261,-64.173
2.2261,-64.173
2.2262,-64.179
2.2262,-64.189
2.2263,-64.19
2.2263,-64.177
2.2264,-64.177
2.2264,-64.17
2.2265,-64.166
2.2265,-64.153
2.2266,-64.138
2.2266,-64.125
2.2267,-64.116
2.2267,-64.109
2.2268,-64.106
2.2268,-64.105
2.2269,-64.099
2.2269,-64.095
2.227,-64.092
2.227,-64.09
2.2271,-64.083
2.2271,-64.066
2.2272,-64.058
2.2272,-64.056
2.2273,-64.052
2.2273,-64.047
2.2274,-64.04
2.2274,-64.033
2.2275,-64.028
2.2275,-64.025
2.2276,-64
2.2276,-63.963
2.2277,-63.956
2.2277,-63.952
2.2278,-63.947
2.2278,-63.936
2.2279,-63.911
2.2279,-63.91
2.228,-63.91
2.228,-63.908
2.2281,-63.906
2.2281,-63.904
2.2282,-63.899
2.2282,-63.894
2.2283,-63.893
2.2283,-63.89
2.2284,-63.887
2.2284,-63.884
2.2285,-63.882
2.2285,-63.882
2.2286,-63.882
2.2286,-63.882
2.2287,-63.883
2.2287,-63.883
2.2288,-63.883
2.2288,-63.883
2.2289,-63.884
2.2289,-63.884
2.229,-63.884
2.229,-63.885
2.2291,-63.887
2.2291,-63.887
2.2292,-63.89
2.2292,-63.89
2.2293,-63.881
2.2293,-63.881
2.2294,-63.874
2.2294,-63.871
2.2295,-63.875
2.2295,-63.879
2.2296,-63.88
2.2296,-63.875
2.2297,-63.875
2.2297,-63.877
2.2298,-63.885
2.2298,-63.885
2.2299,-63.885
2.2299,-63.885
2.23,-63.885
2.23,-63.885
2.2301,-63.887
2.2301,-63.881
2.2302,-63.874
2.2302,-63.874
2.2303,-63.873
2.2303,-63.872
2.2304,-63.872
2.2304,-63.866
2.2305,-63.863
2.2305,-63.862
2.2306,-63.859
2.2306,-63.864
2.2307,-63.868
2.2307,-63.884
2.2308,-63.904
2.2308,-63.91
2.2309,-63.913
2.2309,-63.914
2.231,-63.919
2.231,-63.926
2.2311,-63.929
2.2311,-63.932
2.2312,-63.933
2.2312,-63.933
2.2313,-63.938
2.2313,-63.947
2.2314,-63.939
2.2314,-63.94
2.2315,-63.944
2.2315,-63.953
2.2316,-63.969
2.2316,-63.981
2.2317,-63.987
2.2317,-63.993
2.2318,-63.994
2.2318,-63.996
2.2319,-63.996
2.2319,-63.997
2.232,-63.997
2.232,-63.996
2.2321,-63.998
2.2321,-64.002
2.2322,-64.005
2.2322,-64.006
2.2323,-64.009
2.2323,-64.013
2.2324,-64.013
2.2324,-64.013
2.2325,-64.013
2.2325,-64.013
2.2326,-64.013
2.2326,-64.027
2.2327,-64.042
2.2327,-64.042
2.2328,-64.052
2.2328,-64.067
2.2329,-64.084
2.2329,-64.088
2.2329,-64.096
2.233,-64.102
2.233,-64.105
2.2331,-64.116
2.2331,-64.129
2.2332,-64.129
2.2332,-64.138
2.2333,-64.139
2.2333,-64.148
2.2334,-64.16
2.2334,-64.164
2.2335,-64.177
2.2335,-64.184
2.2336,-64.191
2.2336,-64.194
2.2337,-64.199
2.2337,-64.209
2.2338,-64.215
2.2338,-64.22
2.2339,-64.229
2.2339,-64.234
2.234,-64.232
2.234,-64.226
2.2341,-64.238
2.2341,-64.246
2.2342,-64.247
2.2342,-64.243
2.2343,-64.239
2.2343,-64.237
2.2344,-64.241
2.2344,-64.254
2.2345,-64.26
2.2345,-64.263
2.2346,-64.268
2.2346,-64.273
2.2347,-64.28
2.2347,-64.284
2.2348,-64.291
2.2348,-64.291
2.2349,-64.291
2.2349,-64.305
2.235,-64.305
2.235,-64.305
2.2351,-64.305
2.2351,-64.312
2.2352,-64.32
2.2352,-64.325
2.2353,-64.327
2.2353,-64.331
2.2354,-64.333
2.2354,-64.333
2.2355,-64.338
2.2355,-64.341
2.2356,-64.341
2.2356,-64.341
2.2357,-64.344
2.2357,-64.341
2.2358,-64.344
2.2358,-64.336
2.2359,-64.336
2.2359,-64.322
2.236,-64.314
2.236,-64.31
2.2361,-64.314
2.2361,-64.308
2.2362,-64.299
2.2362,-64.294
2.2363,-64.289
2.2363,-64.287
2.2364,-64.283
2.2364,-64.279
2.2365,-64.27
2.2365,-64.26
2.2366,-64.256
2.2366,-64.249
2.2367,-64.249
2.2367,-64.24
2.2368,-64.231
2.2368,-64.225
2.2369,-64.22
2.2369,-64.215
2.237,-64.209
2.237,-64.202
2.2371,-64.204
2.2371,-64.202
2.2372,-64.201
2.2372,-64.201
2.2373,-64.201
2.2373,-64.201
2.2374,-64.201
2.2374,-64.202
2.2375,-64.204
2.2375,-64.208
2.2376,-64.213
2.2376,-64.22
2.2377,-64.22
2.2377,-64.215
2.2378,-64.212
2.2378,-64.216
2.2379,-64.218
2.2379,-64.215
2.238,-64.212
2.238,-64.212
2.2381,-64.215
2.2381,-64.221
2.2382,-64.231
2.2382,-64.242
2.2383,-64.244
2.2383,-64.247
2.2384,-64.264
2.2384,-64.279
2.2385,-64.282
2.2385,-64.282
2.2386,-64.277
2.2386,-64.281
2.2387,-64.291
2.2387,-64.298
2.2388,-64.302
2.2388,-64.306
2.2389,-64.313
2.2389,-64.325
2.239,-64.334
2.239,-64.338
2.2391,-64.341
2.2391,-64.341
2.2392,-64.339
2.2392,-64.334
2.2393,-64.342
2.2393,-64.349
2.2394,-64.352
2.2394,-64.349
2.2395,-64.349
2.2395,-64.353
2.2396,-64.351
2.2396,-64.351
2.2397,-64.348
2.2397,-64.341
2.2398,-64.342
2.2398,-64.345
2.2399,-64.346
2.2399,-64.346
2.24,-64.345
2.24,-64.346
2.2401,-64.346
2.2401,-64.346
2.2402,-64.341
2.2402,-64.341
2.2403,-64.345
2.2403,-64.34
2.2404,-64.347
2.2404,-64.35
2.2405,-64.353
2.2405,-64.36
2.2406,-64.36
2.2406,-64.361
2.2407,-64.363
2.2407,-64.357
2.2408,-64.357
2.2408,-64.357
2.2409,-64.36
2.2409,-64.358
2.241,-64.362
2.241,-64.369
2.2411,-64.379
2.2411,-64.383
2.2412,-64.386
2.2412,-64.38
2.2413,-64.386
2.2413,-64.386
2.2414,-64.388
2.2414,-64.385
2.2415,-64.383
2.2415,-64.386
2.2416,-64.39
2.2416,-64.402
2.2417,-64.408
2.2417,-64.402
2.2418,-64.408
2.2418,-64.41
2.2419,-64.41
2.2419,-64.41
2.242,-64.412
2.242,-64.41
2.2421,-64.41
2.2421,-64.412
2.2422,-64.414
2.2422,-64.414
2.2423,-64.407
2.2423,-64.402
2.2424,-64.4
2.2424,-64.398
2.2425,-64.394
2.2425,-64.391
2.2426,-64.392
2.2426,-64.395
2.2427,-64.396
2.2427,-64.397
2.2428,-64.398
2.2428,-64.404
2.2429,-64.41
2.2429,-64.41
2.243,-64.41
2.243,-64.407
2.2431,-64.402
2.2431,-64.402
2.2432,-64.402
2.2432,-64.405
2.2433,-64.406
2.2433,-64.402
2.2434,-64.405
2.2434,-64.405
2.2435,-64.4
2.2435,-64.397
2.2436,-64.395
2.2436,-64.386
2.2437,-64.38
2.2437,-64.378
2.2438,-64.374
2.2438,-64.374
2.2439,-64.372
2.2439,-64.374
2.244,-64.386
2.244,-64.391
2.2441,-64.394
2.2441,-64.408
2.2442,-64.42
2.2442,-64.424
2.2443,-64.43
2.2443,-64.437
2.2444,-64.439
2.2444,-64.442
2.2445,-64.447
2.2445,-64.45
2.2446,-64.45
2.2446,-64.454
2.2447,-64.454
2.2447,-64.454
2.2448,-64.457
2.2448,-64.466
2.2449,-64.478
2.2449,-64.476
2.245,-64.479
2.245,-64.479
2.2451,-64.486
2.2451,-64.495
2.2452,-64.497
2.2452,-64.499
2.2453,-64.501
2.2453,-64.503
2.2454,-64.503
2.2454,-64.503
2.2455,-64.499
2.2455,-64.507
2.2456,-64.518
2.2456,-64.52
2.2457,-64.512
2.2457,-64.508
2.2458,-64.515
2.2458,-64.521
2.2459,-64.524
2.2459,-64.529
2.246,-64.522
2.246,-64.527
2.2461,-64.527
2.2461,-64.531
2.2462,-64.532
2.2462,-64.537
2.2463,-64.529
2.2463,-64.532
2.2464,-64.529
2.2464,-64.531
2.2465,-64.537
2.2465,-64.535
2.2466,-64.529
2.2466,-64.534
2.2466,-64.534
2.2467,-64.534
2.2467,-64.525
2.2468,-64.521
2.2468,-64.525
2.2469,-64.52
2.2469,-64.516
2.247,-64.511
2.247,-64.51
2.2471,-64.511
2.2471,-64.516
2.2472,-64.516
2.2472,-64.511
2.2473,-64.508
2.2473,-64.505
2.2474,-64.504
2.2474,-64.505
2.2475,-64.508
2.2475,-64.508
2.2476,-64.504
2.2476,-64.504
2.2477,-64.502
2.2477,-64.499
2.2478,-64.495
2.2478,-64.492
2.2479,-64.492
2.2479,-64.492
2.248,-64.492
2.248,-64.492
2.2481,-64.492
2.2481,-64.491
2.2482,-64.489
2.2482,-64.485
2.2483,-64.481
2.2483,-64.479
2.2484,-64.482
2.2484,-64.482
2.2485,-64.481
2.2485,-64.481
2.2486,-64.481
2.2486,-64.484
2.2487,-64.489
2.2487,-64.492
2.2488,-64.492
2.2488,-64.492
2.2489,-64.49
2.2489,-64.489
2.249,-64.489
2.249,-64.495
2.2491,-64.504
2.2491,-64.508
2.2492,-64.508
2.2492,-64.511
2.2493,-64.514
2.2493,-64.521
2.2494,-64.521
2.2494,-64.518
2.2495,-64.514
2.2495,-64.511
2.2496,-64.505
2.2496,-64.499
2.2497,-64.492
2.2497,-64.482
2.2498,-64.476
2.2498,-64.477
2.2499,-64.477
2.2499,-64.476
2.25,-64.476
2.25,-64.471
2.2501,-64.471
2.2501,-64.473
2.2502,-64.474
2.2502,-64.468
2.2503,-64.466
2.2503,-64.466
2.2504,-64.466
2.2504,-64.469
2.2505,-64.471
2.2505,-64.471
2.2506,-64.466
2.2506,-64.469
2.2507,-64.473
2.2507,-64.477
2.2508,-64.482
2.2508,-64.482
2.2509,-64.493
2.2509,-64.505
2.251,-64.515
2.251,-64.523
2.2511,-64.521
2.2511,-64.526
2.2512,-64.532
2.2512,-64.534
2.2513,-64.534
2.2513,-64.531
2.2514,-64.536
2.2514,-64.544
2.2515,-64.549
2.2515,-64.555
2.2516,-64.563
2.2516,-64.567
2.2517,-64.575
2.2517,-64.585
2.2518,-64.587
2.2518,-64.592
2.2519,-64.601
2.2519,-64.605
2.252,-64.612
2.252,-64.614
2.2521,-64.619
2.2521,-64.62
2.2522,-64.624
2.2522,-64.63
2.2523,-64.63
2.2523,-64.637
2.2524,-64.648
2.2524,-64.655
2.2525,-64.655
2.2525,-64.65
2.2526,-64.643
2.2526,-64.64
2.2527,-64.635
2.2527,-64.635
2.2528,-64.634
2.2528,-64.629
2.2529,-64.627
2.2529,-64.624
2.253,-64.623
2.253,-64.617
2.2531,-64.611
2.2531,-64.608
2.2532,-64.605
2.2532,-64.605
2.2533,-64.606
2.2533,-64.606
2.2534,-64.601
2.2534,-64.605
2.2535,-64.605
2.2535,-64.603
2.2536,-64.601
2.2536,-64.61
2.2537,-64.608
2.2537,-64.608
2.2538,-64.61
2.2538,-64.61
2.2539,-64.61
2.2539,-64.609
2.254,-64.614
2.254,-64.614
2.2541,-64.608
2.2541,-64.605
2.2542,-64.604
2.2542,-64.604
2.2543,-64.601
2.2543,-64.598
2.2544,-64.598
2.2544,-64.601
2.2545,-64.601
2.2545,-64.596
2.2546,-64.589
2.2546,-64.586
2.2547,-64.582
2.2547,-64.584
2.2548,-64.584
2.2548,-64.577
2.2549,-64.578
2.2549,-64.569
2.255,-64.564
2.255,-64.563
2.2551,-64.566
2.2551,-64.564
2.2552,-64.563
2.2552,-64.563
2.2553,-64.562
2.2553,-64.562
2.2554,-64.567
2.2554,-64.567
2.2555,-64.562
2.2555,-64.557
2.2556,-64.553
2.2556,-64.552
2.2557,-64.549
2.2557,-64.545
2.2558,-64.543
2.2558,-64.537
2.2559,-64.533
2.2559,-64.533
2.256,-64.525
2.256,-64.519
2.2561,-64.515
2.2561,-64.508
2.2562,-64.498
2.2562,-64.483
2.2563,-64.466
2.2563,-64.459
2.2564,-64.452
2.2564,-64.448
2.2565,-64.44
2.2565,-64.437
2.2566,-64.439
2.2566,-64.453
2.2567,-64.463
2.2567,-64.465
2.2568,-64.47
2.2568,-64.473
2.2569,-64.474
2.2569,-64.476
2.257,-64.476
2.257,-64.473
2.2571,-64.468
2.2571,-64.47
2.2572,-64.469
2.2572,-64.466
2.2573,-64.459
2.2573,-64.452
2.2574,-64.451
2.2574,-64.451
2.2575,-64.451
2.2575,-64.446
2.2576,-64.444
2.2576,-64.444
2.2577,-64.446
2.2577,-64.447
2.2578,-64.447
2.2578,-64.444
2.2579,-64.427
2.2579,-64.412
2.258,-64.411
2.258,-64.414
2.2581,-64.414
2.2581,-64.414
2.2582,-64.408
2.2582,-64.399
2.2583,-64.404
2.2583,-64.404
2.2584,-64.401
2.2584,-64.397
2.2585,-64.403
2.2585,-64.411
2.2586,-64.409
2.2586,-64.405
2.2587,-64.405
2.2587,-64.405
2.2588,-64.405
2.2588,-64.407
2.2589,-64.407
2.2589,-64.402
2.259,-64.403
2.259,-64.412
2.2591,-64.413
2.2591,-64.413
2.2592,-64.403
2.2592,-64.401
2.2593,-64.399
2.2593,-64.399
2.2594,-64.399
2.2594,-64.399
2.2595,-64.398
2.2595,-64.398
2.2596,-64.399
2.2596,-64.401
2.2597,-64.403
2.2597,-64.406
2.2598,-64.421
2.2598,-64.429
2.2599,-64.435
2.2599,-64.455
2.26,-64.464
2.26,-64.468
2.2601,-64.471
2.2601,-64.476
2.2602,-64.478
2.2602,-64.479
2.2603,-64.482
2.2603,-64.485
2.2603,-64.486
2.2604,-64.49
2.2604,-64.502
2.2605,-64.51
2.2605,-64.517
2.2606,-64.523
2.2606,-64.531
2.2607,-64.541
2.2607,-64.548
2.2608,-64.556
2.2608,-64.563
2.2609,-64.568
2.2609,-64.568
2.261,-64.57
2.261,-64.576
2.2611,-64.588
2.2611,-64.596
2.2612,-64.598
2.2612,-64.601
2.2613,-64.601
2.2613,-64.601
2.2614,-64.601
2.2614,-64.601
2.2615,-64.605
2.2615,-64.607
2.2616,-64.611
2.2616,-64.615
2.2617,-64.624
2.2617,-64.634
2.2618,-64.63
2.2618,-64.627
2.2619,-64.639
2.2619,-64.65
2.262,-64.659
2.262,-64.657
2.2621,-64.656
2.2621,-64.652
2.2622,-64.656
2.2622,-64.666
2.2623,-64.666
2.2623,-64.666
2.2624,-64.663
2.2624,-64.663
2.2625,-64.663
2.2625,-64.654
2.2626,-64.637
2.2626,-64.627
2.2627,-64.631
2.2627,-64.632
2.2628,-64.629
2.2628,-64.629
2.2629,-64.624
2.2629,-64.615
2.263,-64.625
2.263,-64.632
2.2631,-64.632
2.2631,-64.627
2.2632,-64.621
2.2632,-64.63
2.2633,-64.623
2.2633,-64.627
2.2634,-64.625
2.2634,-64.623
2.2635,-64.617
2.2635,-64.617
2.2636,-64.611
2.2636,-64.608
2.2637,-64.608
2.2637,-64.603
2.2638,-64.605
2.2638,-64.608
2.2639,-64.608
2.2639,-64.604
2.264,-64.597
2.264,-64.604
2.2641,-64.603
2.2641,-64.601
2.2642,-64.599
2.2642,-64.595
2.2643,-64.597
2.2643,-64.601
2.2644,-64.599
2.2644,-64.597
2.2645,-64.603
2.2645,-64.603
2.2646,-64.597
2.2646,-64.597
2.2647,-64.597
2.2647,-64.595
2.2648,-64.595
2.2648,-64.595
2.2649,-64.601
2.2649,-64.599
2.265,-64.592
2.265,-64.586
2.2651,-64.586
2.2651,-64.593
2.2652,-64.593
2.2652,-64.589
2.2653,-64.588
2.2653,-64.597
2.2654,-64.608
2.2654,-64.616
2.2655,-64.616
2.2655,-64.616
2.2656,-64.619
2.2656,-64.621
2.2657,-64.624
2.2657,-64.627
2.2658,-64.631
2.2658,-64.638
2.2659,-64.648
2.2659,-64.653
2.266,-64.659
2.266,-64.658
2.2661,-64.66
2.2661,-64.662
2.2662,-64.662
2.2662,-64.662
2.2663,-64.659
2.2663,-64.652
2.2664,-64.655
2.2664,-64.66
2.2665,-64.66
2.2665,-64.667
2.2666,-64.666
2.2666,-64.672
2.2667,-64.682
2.2667,-64.682
2.2668,-64.682
2.2668,-64.682
2.2669,-64.687
2.2669,-64.687
2.267,-64.692
2.267,-64.692
2.2671,-64.688
2.2671,-64.688
2.2672,-64.692
2.2672,-64.694
2.2673,-64.697
2.2673,-64.7
2.2674,-64.7
2.2674,-64.703
2.2675,-64.71
2.2675,-64.7
2.2676,-64.696
2.2676,-64.692
2.2677,-64.689
2.2677,-64.688
2.2678,-64.688
2.2678,-64.688
2.2679,-64.682
2.2679,-64.672
2.268,-64.666
2.268,-64.663
2.2681,-64.663
2.2681,-64.657
2.2682,-64.654
2.2682,-64.653
2.2683,-64.652
2.2683,-64.65
2.2684,-64.647
2.2684,-64.643
2.2685,-64.636
2.2685,-64.634
2.2686,-64.634
2.2686,-64.634
2.2687,-64.637
2.2687,-64.636
2.2688,-64.634
2.2688,-64.633
2.2689,-64.63
2.2689,-64.63
2.269,-64.629
2.269,-64.628
2.2691,-64.628
2.2691,-64.623
2.2692,-64.621
2.2692,-64.623
2.2693,-64.628
2.2693,-64.625
2.2694,-64.624
2.2694,-64.629
2.2695,-64.629
2.2695,-64.639
2.2696,-64.641
2.2696,-64.644
2.2697,-64.647
2.2697,-64.647
2.2698,-64.647
2.2698,-64.644
2.2699,-64.637
2.2699,-64.635
2.27,-64.63
2.27,-64.63
2.2701,-64.63
2.2701,-64.63
2.2702,-64.627
2.2702,-64.627
2.2703,-64.624
2.2703,-64.624
2.2704,-64.624
2.2704,-64.623
2.2705,-64.624
2.2705,-64.62
2.2706,-64.615
2.2706,-64.611
2.2707,-64.604
2.2707,-64.598
2.2708,-64.597
2.2708,-64.597
2.2709,-64.598
2.2709,-64.605
2.271,-64.605
2.271,-64.604
2.2711,-64.597
2.2711,-64.598
2.2712,-64.604
2.2712,-64.608
2.2713,-64.619
2.2713,-64.63
2.2714,-64.64
2.2714,-64.649
2.2715,-64.646
2.2715,-64.646
2.2716,-64.652
2.2716,-64.658
2.2717,-64.659
2.2717,-64.654
2.2718,-64.647
2.2718,-64.65
2.2719,-64.656
2.2719,-64.656
2.272,-64.658
2.272,-64.656
2.2721,-64.65
2.2721,-64.656
2.2722,-64.656
2.2722,-64.656
2.2723,-64.661
2.2723,-64.668
2.2724,-64.684
2.2724,-64.698
2.2725,-64.709
2.2725,-64.716
2.2726,-64.717
2.2726,-64.707
2.2727,-64.685
2.2727,-64.667
2.2728,-64.662
2.2728,-64.655
2.2729,-64.653
2.2729,-64.653
2.273,-64.646
2.273,-64.639
2.2731,-64.636
2.2731,-64.634
2.2732,-64.631
2.2732,-64.628
2.2733,-64.624
2.2733,-64.614
2.2734,-64.604
2.2734,-64.6
2.2735,-64.598
2.2735,-64.595
2.2736,-64.592
2.2736,-64.587
2.2737,-64.584
2.2737,-64.581
2.2738,-64.58
2.2738,-64.579
2.2739,-64.573
2.2739,-64.569
2.274,-64.566
2.274,-64.566
2.274,-64.564
2.2741,-64.564
2.2741,-64.57
2.2742,-64.566
2.2742,-64.556
2.2743,-64.556
2.2743,-64.561
2.2744,-64.561
2.2744,-64.561
2.2745,-64.564
2.2745,-64.564
2.2746,-64.567
2.2746,-64.566
2.2747,-64.566
2.2747,-64.569
2.2748,-64.573
2.2748,-64.576
2.2749,-64.58
2.2749,-64.582
2.275,-64.589
2.275,-64.59
2.2751,-64.59
2.2751,-64.595
2.2752,-64.598
2.2752,-64.598
2.2753,-64.602
2.2753,-64.607
2.2754,-64.609
2.2754,-64.611
2.2755,-64.611
2.2755,-64.614
2.2756,-64.609
2.2756,-64.611
2.2757,-64.611
2.2757,-64.611
2.2758,-64.606
2.2758,-64.604
2.2759,-64.596
2.2759,-64.589
2.276,-64.585
2.276,-64.585
2.2761,-64.585
2.2761,-64.583
2.2762,-64.583
2.2762,-64.583
2.2763,-64.584
2.2763,-64.583
2.2764,-64.58
2.2764,-64.577
2.2765,-64.576
2.2765,-64.582
2.2766,-64.582
2.2766,-64.582
2.2767,-64.576
2.2767,-64.576
2.2768,-64.576
2.2768,-64.572
2.2769,-64.568
2.2769,-64.569
2.277,-64.568
2.277,-64.563
2.2771,-64.563
2.2771,-64.561
2.2772,-64.56
2.2772,-64.56
2.2773,-64.56
2.2773,-64.559
2.2774,-64.557
2.2774,-64.556
2.2775,-64.549
2.2775,-64.543
2.2776,-64.538
2.2776,-64.538
2.2777,-64.538
2.2777,-64.534
2.2778,-64.534
2.2778,-64.538
2.2779,-64.546
2.2779,-64.538
2.278,-64.534
2.278,-64.531
2.2781,-64.531
2.2781,-64.531
2.2782,-64.53
2.2782,-64.524
2.2783,-64.524
2.2783,-64.527
2.2784,-64.529
2.2784,-64.53
2.2785,-64.532
2.2785,-64.532
2.2786,-64.537
2.2786,-64.538
2.2787,-64.54
2.2787,-64.536
2.2788,-64.534
2.2788,-64.534
2.2789,-64.537
2.2789,-64.544
2.279,-64.549
2.279,-64.55
2.2791,-64.551
2.2791,-64.553
2.2792,-64.552
2.2792,-64.552
2.2793,-64.546
2.2793,-64.542
2.2794,-64.542
2.2794,-64.54
2.2795,-64.54
2.2795,-64.541
2.2796,-64.542
2.2796,-64.538
2.2797,-64.538
2.2797,-64.537
2.2798,-64.536
2.2798,-64.534
2.2799,-64.531
2.2799,-64.531
2.28,-64.531
2.28,-64.531
2.2801,-64.524
2.2801,-64.522
2.2802,-64.521
2.2802,-64.519
2.2803,-64.507
2.2803,-64.496
2.2804,-64.495
2.2804,-64.492
2.2805,-64.488
2.2805,-64.483
2.2806,-64.481
2.2806,-64.476
2.2807,-64.478
2.2807,-64.482
2.2808,-64.477
2.2808,-64.477
2.2809,-64.467
2.2809,-64.464
2.281,-64.464
2.281,-64.464
2.2811,-64.454
2.2811,-64.444
2.2812,-64.441
2.2812,-64.442
2.2813,-64.437
2.2813,-64.43
2.2814,-64.42
2.2814,-64.413
2.2815,-64.411
2.2815,-64.409
2.2816,-64.409
2.2816,-64.409
2.2817,-64.409
2.2817,-64.408
2.2818,-64.409
2.2818,-64.412
2.2819,-64.412
2.2819,-64.408
2.282,-64.404
2.282,-64.408
2.2821,-64.411
2.2821,-64.418
2.2822,-64.42
2.2822,-64.423
2.2823,-64.423
2.2823,-64.42
2.2824,-64.424
2.2824,-64.432
2.2825,-64.433
2.2825,-64.433
2.2826,-64.428
2.2826,-64.431
2.2827,-64.428
2.2827,-64.425
2.2828,-64.421
2.2828,-64.423
2.2829,-64.428
2.2829,-64.431
2.283,-64.431
2.283,-64.43
2.2831,-64.428
2.2831,-64.43
2.2832,-64.431
2.2832,-64.431
2.2833,-64.431
2.2833,-64.432
2.2834,-64.442
2.2834,-64.448
2.2835,-64.451
2.2835,-64.459
2.2836,-64.466
2.2836,-64.47
2.2837,-64.473
2.2837,-64.475
2.2838,-64.479
2.2838,-64.479
2.2839,-64.485
2.2839,-64.489
2.284,-64.492
2.284,-64.495
2.2841,-64.495
2.2841,-64.495
2.2842,-64.5
2.2842,-64.509
2.2843,-64.512
2.2843,-64.521
2.2844,-64.524
2.2844,-64.527
2.2845,-64.533
2.2845,-64.544
2.2846,-64.533
2.2846,-64.541
2.2847,-64.555
2.2847,-64.559
2.2848,-64.563
2.2848,-64.565
2.2849,-64.564
2.2849,-64.561
2.285,-64.561
2.285,-64.566
2.2851,-64.563
2.2851,-64.559
2.2852,-64.56
2.2852,-64.561
2.2853,-64.561
2.2853,-64.561
2.2854,-64.558
2.2854,-64.556
2.2855,-64.558
2.2855,-64.563
2.2856,-64.567
2.2856,-64.569
2.2857,-64.566
2.2857,-64.569
2.2858,-64.571
2.2858,-64.573
2.2859,-64.573
2.2859,-64.569
2.286,-64.567
2.286,-64.566
2.2861,-64.566
2.2861,-64.567
2.2862,-64.559
2.2862,-64.552
2.2863,-64.553
2.2863,-64.554
2.2864,-64.554
2.2864,-64.553
2.2865,-64.55
2.2865,-64.544
2.2866,-64.543
2.2866,-64.541
2.2867,-64.541
2.2867,-64.54
2.2868,-64.537
2.2868,-64.533
2.2869,-64.533
2.2869,-64.537
2.287,-64.537
2.287,-64.541
2.2871,-64.541
2.2871,-64.537
2.2872,-64.546
2.2872,-64.548
2.2873,-64.547
2.2873,-64.543
2.2874,-64.549
2.2874,-64.556
2.2875,-64.56
2.2875,-64.56
2.2876,-64.577
2.2876,-64.585
2.2877,-64.583
2.2877,-64.59
2.2877,-64.59
2.2878,-64.59
2.2878,-64.59
2.2879,-64.591
2.2879,-64.58
2.288,-64.574
2.288,-64.572
2.2881,-64.572
2.2881,-64.574
2.2882,-64.569
2.2882,-64.568
2.2883,-64.557
2.2883,-64.558
2.2884,-64.56
2.2884,-64.565
2.2885,-64.565
2.2885,-64.565
2.2886,-64.562
2.2886,-64.566
2.2887,-64.568
2.2887,-64.567
2.2888,-64.567
2.2888,-64.57
2.2889,-64.57
2.2889,-64.572
2.289,-64.572
2.289,-64.569
2.2891,-64.566
2.2891,-64.56
2.2892,-64.56
2.2892,-64.558
2.2893,-64.556
2.2893,-64.551
2.2894,-64.534
2.2894,-64.518
2.2895,-64.515
2.2895,-64.5
2.2896,-64.485
2.2896,-64.463
2.2897,-64.428
2.2897,-64.391
2.2898,-64.392
2.2898,-64.396
2.2899,-64.398
2.2899,-64.402
2.29,-64.407
2.29,-64.407
2.2901,-64.41
2.2901,-64.41
2.2902,-64.412
2.2902,-64.412
2.2903,-64.408
2.2903,-64.409
2.2904,-64.406
2.2904,-64.402
2.2905,-64.402
2.2905,-64.405
2.2906,-64.407
2.2906,-64.401
2.2907,-64.39
2.2907,-64.38
2.2908,-64.383
2.2908,-64.381
2.2909,-64.381
2.2909,-64.375
2.291,-64.375
2.291,-64.366
2.2911,-64.361
2.2911,-64.36
2.2912,-64.36
2.2912,-64.357
2.2913,-64.347
2.2913,-64.34
2.2914,-64.338
2.2914,-64.334
2.2915,-64.325
2.2915,-64.317
2.2916,-64.31
2.2916,-64.296
2.2917,-64.284
2.2917,-64.278
2.2918,-64.286
2.2918,-64.295
2.2919,-64.298
2.2919,-64.305
2.292,-64.31
2.292,-64.311
2.2921,-64.314
2.2921,-64.318
2.2922,-64.325
2.2922,-64.331
2.2923,-64.328
2.2923,-64.328
2.2924,-64.333
2.2924,-64.339
2.2925,-64.346
2.2925,-64.35
2.2926,-64.351
2.2926,-64.354
2.2927,-64.362
2.2927,-64.373
2.2928,-64.377
2.2928,-64.382
2.2929,-64.388
2.2929,-64.391
2.293,-64.398
2.293,-64.399
2.2931,-64.404
2.2931,-64.404
2.2932,-64.405
2.2932,-64.41
2.2933,-64.409
2.2933,-64.407
2.2934,-64.41
2.2934,-64.415
2.2935,-64.419
2.2935,-64.421
2.2936,-64.421
2.2936,-64.421
2.2937,-64.421
2.2937,-64.426
2.2938,-64.428
2.2938,-64.437
2.2939,-64.437
2.2939,-64.44
2.294,-64.444
2.294,-64.45
2.2941,-64.457
2.2941,-64.457
2.2942,-64.461
2.2942,-64.461
2.2943,-64.463
2.2943,-64.46
2.2944,-64.46
2.2944,-64.46
2.2945,-64.46
2.2945,-64.464
2.2946,-64.468
2.2946,-64.468
2.2947,-64.466
2.2947,-64.471
2.2948,-64.477
2.2948,-64.486
2.2949,-64.492
2.2949,-64.492
2.295,-64.492
2.295,-64.499
2.2951,-64.506
2.2951,-64.517
2.2952,-64.527
2.2952,-64.529
2.2953,-64.532
2.2953,-64.53
2.2954,-64.526
2.2954,-64.521
2.2955,-64.517
2.2955,-64.517
2.2956,-64.517
2.2956,-64.514
2.2957,-64.513
2.2957,-64.512
2.2958,-64.51
2.2958,-64.501
2.2959,-64.492
2.2959,-64.489
2.296,-64.483
2.296,-64.472
2.2961,-64.455
2.2961,-64.452
2.2962,-64.452
2.2962,-64.45
2.2963,-64.448
2.2963,-64.448
2.2964,-64.432
2.2964,-64.424
2.2965,-64.418
2.2965,-64.411
2.2966,-64.398
2.2966,-64.391
2.2967,-64.385
2.2967,-64.392
2.2968,-64.381
2.2968,-64.37
2.2969,-64.362
2.2969,-64.35
2.297,-64.35
2.297,-64.344
2.2971,-64.327
2.2971,-64.319
2.2972,-64.307
2.2972,-64.298
2.2973,-64.286
2.2973,-64.28
2.2974,-64.28
2.2974,-64.28
2.2975,-64.28
2.2975,-64.278
2.2976,-64.278
2.2976,-64.278
2.2977,-64.278
2.2977,-64.27
2.2978,-64.269
2.2978,-64.269
2.2979,-64.27
2.2979,-64.269
2.298,-64.263
2.298,-64.263
2.2981,-64.263
2.2981,-64.269
2.2982,-64.27
2.2982,-64.28
2.2983,-64.289
2.2983,-64.293
2.2984,-64.294
2.2984,-64.296
2.2985,-64.302
2.2985,-64.31
2.2986,-64.31
2.2986,-64.312
2.2987,-64.318
2.2987,-64.321
2.2988,-64.336
2.2988,-64.348
2.2989,-64.354
2.2989,-64.354
2.299,-64.355
2.299,-64.357
2.2991,-64.358
2.2991,-64.367
2.2992,-64.379
2.2992,-64.386
2.2993,-64.389
2.2993,-64.392
2.2994,-64.398
2.2994,-64.404
2.2995,-64.404
2.2995,-64.401
2.2996,-64.401
2.2996,-64.401
2.2997,-64.401
2.2997,-64.394
2.2998,-64.395
2.2998,-64.393
2.2999,-64.392
2.2999,-64.392
2.3,-64.392
2.3,-64.389
2.3001,-64.383
2.3001,-64.378
2.3002,-64.373
2.3002,-64.373
2.3003,-64.373
2.3003,-64.371
2.3004,-64.367
2.3004,-64.368
2.3005,-64.37
2.3005,-64.361
2.3006,-64.354
2.3006,-64.347
2.3007,-64.342
2.3007,-64.341
2.3008,-64.335
2.3008,-64.331
2.3009,-64.328
2.3009,-64.324
2.301,-64.322
2.301,-64.312
2.3011,-64.282
2.3011,-64.26
2.3012,-64.26
2.3012,-64.262
2.3013,-64.262
2.3013,-64.26
2.3014,-64.245
2.3014,-64.228
2.3014,-64.228
2.3015,-64.241
2.3015,-64.235
2.3016,-64.224
2.3016,-64.226
2.3017,-64.231
2.3017,-64.23
2.3018,-64.229
2.3018,-64.229
2.3019,-64.229
2.3019,-64.232
2.302,-64.236
2.302,-64.238
2.3021,-64.241
2.3021,-64.253
2.3022,-64.261
2.3022,-64.259
2.3023,-64.258
2.3023,-64.264
2.3024,-64.269
2.3024,-64.269
2.3025,-64.269
2.3025,-64.275
2.3026,-64.275
2.3026,-64.279
2.3027,-64.279
2.3027,-64.282
2.3028,-64.286
2.3028,-64.29
2.3029,-64.29
2.3029,-64.292
2.303,-64.291
2.303,-64.292
2.3031,-64.296
2.3031,-64.3
2.3032,-64.301
2.3032,-64.305
2.3033,-64.308
2.3033,-64.308
2.3034,-64.309
2.3034,-64.309
2.3035,-64.309
2.3035,-64.305
2.3036,-64.296
2.3036,-64.289
2.3037,-64.284
2.3037,-64.285
2.3038,-64.289
2.3038,-64.297
2.3039,-64.3
2.3039,-64.296
2.304,-64.292
2.304,-64.287
2.3041,-64.287
2.3041,-64.29
2.3042,-64.296
2.3042,-64.306
2.3043,-64.313
2.3043,-64.319
2.3044,-64.323
2.3044,-64.321
2.3045,-64.315
2.3045,-64.315
2.3046,-64.321
2.3046,-64.321
2.3047,-64.316
2.3047,-64.312
2.3048,-64.316
2.3048,-64.318
2.3049,-64.321
2.3049,-64.323
2.305,-64.323
2.305,-64.322
2.3051,-64.325
2.3051,-64.332
2.3052,-64.338
2.3052,-64.33
2.3053,-64.318
2.3053,-64.309
2.3054,-64.306
2.3054,-64.304
2.3055,-64.305
2.3055,-64.301
2.3056,-64.304
2.3056,-64.308
2.3057,-64.313
2.3057,-64.319
2.3058,-64.32
2.3058,-64.316
2.3059,-64.314
2.3059,-64.313
2.306,-64.312
2.306,-64.315
2.3061,-64.321
2.3061,-64.321
2.3062,-64.321
2.3062,-64.325
2.3063,-64.325
2.3063,-64.325
2.3064,-64.331
2.3064,-64.338
2.3065,-64.344
2.3065,-64.347
2.3066,-64.346
2.3066,-64.346
2.3067,-64.346
2.3067,-64.347
2.3068,-64.346
2.3068,-64.343
2.3069,-64.343
2.3069,-64.344
2.307,-64.345
2.307,-64.35
2.3071,-64.348
2.3071,-64.35
2.3072,-64.352
2.3072,-64.352
2.3073,-64.352
2.3073,-64.352
2.3074,-64.354
2.3074,-64.358
2.3075,-64.36
2.3075,-64.363
2.3076,-64.365
2.3076,-64.362
2.3077,-64.362
2.3077,-64.362
2.3078,-64.362
2.3078,-64.362
2.3079,-64.364
2.3079,-64.368
2.308,-64.379
2.308,-64.376
2.3081,-64.368
2.3081,-64.367
2.3082,-64.369
2.3082,-64.375
2.3083,-64.383
2.3083,-64.385
2.3084,-64.383
2.3084,-64.38
2.3085,-64.377
2.3085,-64.377
2.3086,-64.373
2.3086,-64.37
2.3087,-64.365
2.3087,-64.347
2.3088,-64.341
2.3088,-64.324
2.3089,-64.321
2.3089,-64.311
2.309,-64.31
2.309,-64.305
2.3091,-64.308
2.3091,-64.309
2.3092,-64.309
2.3092,-64.308
2.3093,-64.309
2.3093,-64.309
2.3094,-64.312
2.3094,-64.311
2.3095,-64.32
2.3095,-64.336
2.3096,-64.343
2.3096,-64.328
2.3097,-64.328
2.3097,-64.319
2.3098,-64.321
2.3098,-64.331
2.3099,-64.332
2.3099,-64.333
2.31,-64.334
2.31,-64.334
2.3101,-64.334
2.3101,-64.335
2.3102,-64.336
2.3102,-64.335
2.3103,-64.333
2.3103,-64.318
2.3104,-64.318
2.3104,-64.318
2.3105,-64.318
2.3105,-64.318
2.3106,-64.319
2.3106,-64.319
2.3107,-64.319
2.3107,-64.319
2.3108,-64.318
2.3108,-64.316
2.3109,-64.318
2.3109,-64.319
2.311,-64.321
2.311,-64.321
2.3111,-64.327
2.3111,-64.325
2.3112,-64.337
2.3112,-64.331
2.3113,-64.331
2.3113,-64.331
2.3114,-64.318
2.3114,-64.318
2.3115,-64.318
2.3115,-64.311
2.3116,-64.306
2.3116,-64.302
2.3117,-64.296
2.3117,-64.283
2.3118,-64.257
2.3118,-64.248
2.3119,-64.25
2.3119,-64.252
2.312,-64.256
2.312,-64.258
2.3121,-64.261
2.3121,-64.27
2.3122,-64.289
2.3122,-64.304
2.3123,-64.309
2.3123,-64.316
2.3124,-64.323
2.3124,-64.325
2.3125,-64.327
2.3125,-64.33
2.3126,-64.334
2.3126,-64.334
2.3127,-64.337
2.3127,-64.341
2.3128,-64.343
2.3128,-64.348
2.3129,-64.345
2.3129,-64.346
2.313,-64.359
2.313,-64.373
2.3131,-64.367
2.3131,-64.366
2.3132,-64.362
2.3132,-64.373
2.3133,-64.379
2.3133,-64.386
2.3134,-64.393
2.3134,-64.393
2.3135,-64.394
2.3135,-64.399
2.3136,-64.401
2.3136,-64.404
2.3137,-64.404
2.3137,-64.399
2.3138,-64.396
2.3138,-64.392
2.3139,-64.392
2.3139,-64.393
2.314,-64.391
2.314,-64.389
2.3141,-64.4
2.3141,-64.399
2.3142,-64.407
2.3142,-64.415
2.3143,-64.422
2.3143,-64.431
2.3144,-64.428
2.3144,-64.428
2.3145,-64.43
2.3145,-64.434
2.3146,-64.434
2.3146,-64.434
2.3147,-64.431
2.3147,-64.429
2.3148,-64.424
2.3148,-64.415
2.3149,-64.415
2.3149,-64.415
2.315,-64.408
2.315,-64.402
2.3151,-64.395
2.3151,-64.395
2.3151,-64.381
2.3152,-64.368
2.3152,-64.365
2.3153,-64.37
2.3153,-64.376
2.3154,-64.376
2.3154,-64.374
2.3155,-64.373
2.3155,-64.366
2.3156,-64.352
2.3156,-64.343
2.3157,-64.341
2.3157,-64.332
2.3158,-64.323
2.3158,-64.307
2.3159,-64.287
2.3159,-64.279
2.316,-64.262
2.316,-64.238
2.3161,-64.225
2.3161,-64.21
2.3162,-64.196
2.3162,-64.183
2.3163,-64.164
2.3163,-64.143
2.3164,-64.136
2.3164,-64.108
2.3165,-64.092
2.3165,-64.083
2.3166,-64.077
2.3166,-64.077
2.3167,-64.075
2.3167,-64.075
2.3168,-64.074
2.3168,-64.073
2.3169,-64.071
2.3169,-64.068
2.317,-64.068
2.317,-64.067
2.3171,-64.067
2.3171,-64.067
2.3172,-64.067
2.3172,-64.068
2.3173,-64.071
2.3173,-64.071
2.3174,-64.067
2.3174,-64.067
2.3175,-64.068
2.3175,-64.068
2.3176,-64.068
2.3176,-64.068
2.3177,-64.076
2.3177,-64.084
2.3178,-64.09
2.3178,-64.093
2.3179,-64.1
2.3179,-64.105
2.318,-64.106
2.318,-64.109
2.3181,-64.115
2.3181,-64.131
2.3182,-64.141
2.3182,-64.149
2.3183,-64.153
2.3183,-64.153
2.3184,-64.154
2.3184,-64.159
2.3185,-64.161
2.3185,-64.167
2.3186,-64.171
2.3186,-64.172
2.3187,-64.172
2.3187,-64.176
2.3188,-64.181
2.3188,-64.186
2.3189,-64.186
2.3189,-64.19
2.319,-64.19
2.319,-64.192
2.3191,-64.195
2.3191,-64.199
2.3192,-64.202
2.3192,-64.204
2.3193,-64.207
2.3193,-64.206
2.3194,-64.205
2.3194,-64.206
2.3195,-64.21
2.3195,-64.212
2.3196,-64.212
2.3196,-64.212
2.3197,-64.211
2.3197,-64.212
2.3198,-64.212
2.3198,-64.212
2.3199,-64.212
2.3199,-64.212
2.32,-64.217
2.32,-64.211
2.3201,-64.213
2.3201,-64.218
2.3202,-64.218
2.3202,-64.221
2.3203,-64.224
2.3203,-64.224
2.3204,-64.221
2.3204,-64.224
2.3205,-64.229
2.3205,-64.229
2.3206,-64.229
2.3206,-64.229
2.3207,-64.231
2.3207,-64.233
2.3208,-64.233
2.3208,-64.236
2.3209,-64.244
2.3209,-64.243
2.321,-64.244
2.321,-64.242
2.3211,-64.248
2.3211,-64.253
2.3212,-64.251
2.3212,-64.25
2.3213,-64.251
2.3213,-64.254
2.3214,-64.255
2.3214,-64.255
2.3215,-64.256
2.3215,-64.256
2.3216,-64.256
2.3216,-64.259
2.3217,-64.259
2.3217,-64.259
2.3218,-64.262
2.3218,-64.266
2.3219,-64.269
2.3219,-64.269
2.322,-64.27
2.322,-64.273
2.3221,-64.277
2.3221,-64.284
2.3222,-64.293
2.3222,-64.293
2.3223,-64.301
2.3223,-64.306
2.3224,-64.308
2.3224,-64.308
2.3225,-64.308
2.3225,-64.309
2.3226,-64.312
2.3226,-64.311
2.3227,-64.31
2.3227,-64.309
2.3228,-64.309
2.3228,-64.309
2.3229,-64.309
2.3229,-64.311
2.323,-64.311
2.323,-64.315
2.3231,-64.317
2.3231,-64.318
2.3232,-64.318
2.3232,-64.318
2.3233,-64.325
2.3233,-64.325
2.3234,-64.333
2.3234,-64.323
2.3235,-64.312
2.3235,-64.313
2.3236,-64.315
2.3236,-64.318
2.3237,-64.318
2.3237,-64.305
2.3238,-64.294
2.3238,-64.287
2.3239,-64.254
2.3239,-64.201
2.324,-64.162
2.324,-64.149
2.3241,-64.118
2.3241,-64.079
2.3242,-64.06
2.3242,-64.049
2.3243,-64.039
2.3243,-64.023
2.3244,-64.009
2.3244,-63.99
2.3245,-63.987
2.3245,-63.971
2.3246,-63.958
2.3246,-63.936
2.3247,-63.93
2.3247,-63.928
2.3248,-63.915
2.3248,-63.9
2.3249,-63.888
2.3249,-63.867
2.325,-63.851
2.325,-63.846
2.3251,-63.845
2.3251,-63.84
2.3252,-63.831
2.3252,-63.826
2.3253,-63.826
2.3253,-63.818
2.3254,-63.801
2.3254,-63.788
2.3255,-63.777
2.3255,-63.768
2.3256,-63.755
2.3256,-63.741
2.3257,-63.728
2.3257,-63.73
2.3258,-63.733
2.3258,-63.736
2.3259,-63.729
2.3259,-63.729
2.326,-63.729
2.326,-63.733
2.3261,-63.737
2.3261,-63.739
2.3262,-63.741
2.3262,-63.744
2.3263,-63.744
2.3263,-63.748
2.3264,-63.75
2.3264,-63.752
2.3265,-63.752
2.3265,-63.766
2.3266,-63.778
2.3266,-63.789
2.3267,-63.803
2.3267,-63.81
2.3268,-63.823
2.3268,-63.838
2.3269,-63.84
2.3269,-63.848
2.327,-63.849
2.327,-63.854
2.3271,-63.857
2.3271,-63.86
2.3272,-63.86
2.3272,-63.86
2.3273,-63.865
2.3273,-63.874
2.3274,-63.877
2.3274,-63.874
2.3275,-63.874
2.3275,-63.881
2.3276,-63.887
2.3276,-63.893
2.3277,-63.893
2.3277,-63.893
2.3278,-63.898
2.3278,-63.908
2.3279,-63.922
2.3279,-63.927
2.328,-63.932
2.328,-63.942
2.3281,-63.975
2.3281,-63.993
2.3282,-64.006
2.3282,-64.019
2.3283,-64.021
2.3283,-64.027
2.3284,-64.033
2.3284,-64.047
2.3285,-64.055
2.3285,-64.06
2.3286,-64.062
2.3286,-64.067
2.3287,-64.074
2.3287,-64.075
2.3288,-64.078
2.3288,-64.08
2.3288,-64.09
2.3289,-64.1
2.3289,-64.103
2.329,-64.103
2.329,-64.103
2.3291,-64.103
2.3291,-64.106
2.3292,-64.111
2.3292,-64.111
2.3293,-64.109
2.3293,-64.109
2.3294,-64.112
2.3294,-64.116
2.3295,-64.127
2.3295,-64.135
2.3296,-64.136
2.3296,-64.139
2.3297,-64.15
2.3297,-64.157
2.3298,-64.162
2.3298,-64.17
2.3299,-64.176
2.3299,-64.177
2.33,-64.179
2.33,-64.183
2.3301,-64.196
2.3301,-64.212
2.3302,-64.212
2.3302,-64.212
2.3303,-64.212
2.3303,-64.22
2.3304,-64.229
2.3304,-64.231
2.3305,-64.243
2.3305,-64.25
2.3306,-64.253
2.3306,-64.258
2.3307,-64.266
2.3307,-64.27
2.3308,-64.275
2.3308,-64.279
2.3309,-64.285
2.3309,-64.287
2.331,-64.297
2.331,-64.304
2.3311,-64.31
2.3311,-64.317
2.3312,-64.322
2.3312,-64.328
2.3313,-64.341
2.3313,-64.359
2.3314,-64.374
2.3314,-64.386
2.3315,-64.393
2.3315,-64.394
2.3316,-64.397
2.3316,-64.404
2.3317,-64.413
2.3317,-64.42
2.3318,-64.42
2.3318,-64.421
2.3319,-64.428
2.3319,-64.431
2.332,-64.432
2.332,-64.437
2.3321,-64.441
2.3321,-64.445
2.3322,-64.448
2.3322,-64.452
2.3323,-64.453
2.3323,-64.453
2.3324,-64.456
2.3324,-64.459
2.3325,-64.463
2.3325,-64.463
2.3326,-64.468
2.3326,-64.471
2.3327,-64.476
2.3327,-64.479
2.3328,-64.483
2.3328,-64.496
2.3329,-64.51
2.3329,-64.515
2.333,-64.521
2.333,-64.527
2.3331,-64.537
2.3331,-64.54
2.3332,-64.54
2.3332,-64.55
2.3333,-64.559
2.3333,-64.559
2.3334,-64.561
2.3334,-64.561
2.3335,-64.563
2.3335,-64.563
2.3336,-64.563
2.3336,-64.562
2.3337,-64.561
2.3337,-64.561
2.3338,-64.563
2.3338,-64.565
2.3339,-64.563
2.3339,-64.563
2.334,-64.566
2.334,-64.571
2.3341,-64.576
2.3341,-64.581
2.3342,-64.581
2.3342,-64.585
2.3343,-64.591
2.3343,-64.592
2.3344,-64.592
2.3344,-64.592
2.3345,-64.595
2.3345,-64.595
2.3346,-64.596
2.3346,-64.595
2.3347,-64.595
2.3347,-64.601
2.3348,-64.614
2.3348,-64.611
2.3349,-64.608
2.3349,-64.602
2.335,-64.597
2.335,-64.598
2.3351,-64.603
2.3351,-64.603
2.3352,-64.598
2.3352,-64.597
2.3353,-64.599
2.3353,-64.591
2.3354,-64.581
2.3354,-64.573
2.3355,-64.565
2.3355,-64.553
2.3356,-64.545
2.3356,-64.536
2.3357,-64.529
2.3357,-64.523
2.3358,-64.521
2.3358,-64.524
2.3359,-64.522
2.3359,-64.519
2.336,-64.513
2.336,-64.508
2.3361,-64.506
2.3361,-64.506
2.3362,-64.504
2.3362,-64.499
2.3363,-64.495
2.3363,-64.486
2.3364,-64.477
2.3364,-64.473
2.3365,-64.464
2.3365,-64.458
2.3366,-64.455
2.3366,-64.449
2.3367,-64.444
2.3367,-64.436
2.3368,-64.424
2.3368,-64.412
2.3369,-64.386
2.3369,-64.37
2.337,-64.346
2.337,-64.342
2.3371,-64.338
2.3371,-64.33
2.3372,-64.312
2.3372,-64.302
2.3373,-64.29
2.3373,-64.269
2.3374,-64.254
2.3374,-64.252
2.3375,-64.249
2.3375,-64.247
2.3376,-64.243
2.3376,-64.232
2.3377,-64.221
2.3377,-64.212
2.3378,-64.206
2.3378,-64.2
2.3379,-64.198
2.3379,-64.194
2.338,-64.19
2.338,-64.184
2.3381,-64.177
2.3381,-64.164
2.3382,-64.155
2.3382,-64.151
2.3383,-64.148
2.3383,-64.145
2.3384,-64.145
2.3384,-64.145
2.3385,-64.138
2.3385,-64.13
2.3386,-64.126
2.3386,-64.126
2.3387,-64.124
2.3387,-64.122
2.3388,-64.119
2.3388,-64.114
2.3389,-64.108
2.3389,-64.103
2.339,-64.099
2.339,-64.092
2.3391,-64.087
2.3391,-64.086
2.3392,-64.084
2.3392,-64.08
2.3393,-64.074
2.3393,-64.068
2.3394,-64.058
2.3394,-64.05
2.3395,-64.043
2.3395,-64.035
2.3396,-64.031
2.3396,-64.026
2.3397,-64.022
2.3397,-64.021
2.3398,-64.019
2.3398,-64.019
2.3399,-64.013
2.3399,-64.006
2.34,-64.003
2.34,-63.998
2.3401,-63.998
2.3401,-64
2.3402,-63.996
2.3402,-63.99
2.3403,-63.996
2.3403,-64
2.3404,-63.993
2.3404,-63.991
2.3405,-63.991
2.3405,-63.991
2.3406,-63.993
2.3406,-63.989
2.3407,-63.984
2.3407,-63.982
2.3408,-63.977
2.3408,-63.977
2.3409,-63.968
2.3409,-63.961
2.341,-63.96
2.341,-63.95
2.3411,-63.939
2.3411,-63.928
2.3412,-63.928
2.3412,-63.917
2.3413,-63.915
2.3413,-63.905
2.3414,-63.895
2.3414,-63.872
2.3415,-63.856
2.3415,-63.846
2.3416,-63.836
2.3416,-63.829
2.3417,-63.826
2.3417,-63.817
2.3418,-63.811
2.3418,-63.811
2.3419,-63.811
2.3419,-63.811
2.342,-63.807
2.342,-63.804
2.3421,-63.804
2.3421,-63.806
2.3422,-63.807
2.3422,-63.807
2.3423,-63.806
2.3423,-63.804
2.3424,-63.806
2.3424,-63.81
2.3425,-63.816
2.3425,-63.812
2.3425,-63.81
2.3426,-63.81
2.3426,-63.81
2.3427,-63.816
2.3427,-63.819
2.3428,-63.823
2.3428,-63.825
2.3429,-63.83
2.3429,-63.839
2.343,-63.843
2.343,-63.842
2.3431,-63.842
2.3431,-63.852
2.3432,-63.861
2.3432,-63.866
2.3433,-63.866
2.3433,-63.866
2.3434,-63.868
2.3434,-63.869
2.3435,-63.874
2.3435,-63.871
2.3436,-63.873
2.3436,-63.874
2.3437,-63.888
2.3437,-63.905
2.3438,-63.91
2.3438,-63.91
2.3439,-63.915
2.3439,-63.921
2.344,-63.929
2.344,-63.929
2.3441,-63.936
2.3441,-63.94
2.3442,-63.945
2.3442,-63.954
2.3443,-63.954
2.3443,-63.951
2.3444,-63.941
2.3444,-63.935
2.3445,-63.939
2.3445,-63.941
2.3446,-63.936
2.3446,-63.937
2.3447,-63.935
2.3447,-63.937
2.3448,-63.943
2.3448,-63.948
2.3449,-63.95
2.3449,-63.95
2.345,-63.958
2.345,-63.958
2.3451,-63.964
2.3451,-63.971
2.3452,-63.971
2.3452,-63.978
2.3453,-63.981
2.3453,-63.985
2.3454,-63.985
2.3454,-63.992
2.3455,-64.005
2.3455,-64.015
2.3456,-64.021
2.3456,-64.022
2.3457,-64.014
2.3457,-64.007
2.3458,-64.014
2.3458,-64.022
2.3459,-64.025
2.3459,-64.029
2.346,-64.031
2.346,-64.045
2.3461,-64.059
2.3461,-64.061
2.3462,-64.061
2.3462,-64.063
2.3463,-64.073
2.3463,-64.076
2.3464,-64.083
2.3464,-64.091
2.3465,-64.099
2.3465,-64.103
2.3466,-64.11
2.3466,-64.118
2.3467,-64.123
2.3467,-64.126
2.3468,-64.138
2.3468,-64.149
2.3469,-64.154
2.3469,-64.161
2.347,-64.187
2.347,-64.225
2.3471,-64.244
2.3471,-64.258
2.3472,-64.268
2.3472,-64.28
2.3473,-64.285
2.3473,-64.289
2.3474,-64.293
2.3474,-64.304
2.3475,-64.316
2.3475,-64.326
2.3476,-64.33
2.3476,-64.333
2.3477,-64.36
2.3477,-64.376
2.3478,-64.376
2.3478,-64.376
2.3479,-64.376
2.3479,-64.38
2.348,-64.382
2.348,-64.382
2.3481,-64.38
2.3481,-64.38
2.3482,-64.38
2.3482,-64.382
2.3483,-64.383
2.3483,-64.385
2.3484,-64.385
2.3484,-64.392
2.3485,-64.4
2.3485,-64.404
2.3486,-64.408
2.3486,-64.408
2.3487,-64.408
2.3487,-64.408
2.3488,-64.41
2.3488,-64.412
2.3489,-64.411
2.3489,-64.396
2.349,-64.357
2.349,-64.285
2.3491,-64.241
2.3491,-64.24
2.3492,-64.24
2.3492,-64.248
2.3493,-64.255
2.3493,-64.264
2.3494,-64.265
2.3494,-64.273
2.3495,-64.279
2.3495,-64.283
2.3496,-64.288
2.3496,-64.288
2.3497,-64.283
2.3497,-64.284
2.3498,-64.29
2.3498,-64.296
2.3499,-64.302
2.3499,-64.302
2.35,-64.302
2.35,-64.302
2.3501,-64.308
2.3501,-64.308
2.3502,-64.308
2.3502,-64.305
2.3503,-64.31
2.3503,-64.319
2.3504,-64.321
2.3504,-64.321
2.3505,-64.321
2.3505,-64.331
2.3506,-64.336
2.3506,-64.336
2.3507,-64.336
2.3507,-64.334
2.3508,-64.327
2.3508,-64.329
2.3509,-64.334
2.3509,-64.334
2.351,-64.331
2.351,-64.328
2.3511,-64.325
2.3511,-64.328
2.3512,-64.338
2.3512,-64.332
2.3513,-64.33
2.3513,-64.33
2.3514,-64.329
2.3514,-64.329
2.3515,-64.33
2.3515,-64.33
2.3516,-64.335
2.3516,-64.34
2.3517,-64.342
2.3517,-64.351
2.3518,-64.35
2.3518,-64.364
2.3519,-64.371
2.3519,-64.376
2.352,-64.386
2.352,-64.399
2.3521,-64.412
2.3521,-64.421
2.3522,-64.422
2.3522,-64.425
2.3523,-64.425
2.3523,-64.429
2.3524,-64.43
2.3524,-64.433
2.3525,-64.438
2.3525,-64.444
2.3526,-64.448
2.3526,-64.45
2.3527,-64.453
2.3527,-64.453
2.3528,-64.456
2.3528,-64.457
2.3529,-64.456
2.3529,-64.46
2.353,-64.465
2.353,-64.472
2.3531,-64.48
2.3531,-64.486
2.3532,-64.49
2.3532,-64.497
2.3533,-64.503
2.3533,-64.506
2.3534,-64.506
2.3534,-64.513
2.3535,-64.518
2.3535,-64.524
2.3536,-64.532
2.3536,-64.531
2.3537,-64.534
2.3537,-64.541
2.3538,-64.544
2.3538,-64.548
2.3539,-64.553
2.3539,-64.553
2.354,-64.552
2.354,-64.562
2.3541,-64.563
2.3541,-64.562
2.3542,-64.562
2.3542,-64.563
2.3543,-64.563
2.3543,-64.563
2.3544,-64.553
2.3544,-64.548
2.3545,-64.54
2.3545,-64.54
2.3546,-64.54
2.3546,-64.54
2.3547,-64.537
2.3547,-64.54
2.3548,-64.544
2.3548,-64.547
2.3549,-64.547
2.3549,-64.547
2.355,-64.544
2.355,-64.544
2.3551,-64.544
2.3551,-64.545
2.3552,-64.547
2.3552,-64.549
2.3553,-64.55
2.3553,-64.548
2.3554,-64.554
2.3554,-64.559
2.3555,-64.559
2.3555,-64.554
2.3556,-64.548
2.3556,-64.546
2.3557,-64.548
2.3557,-64.55
2.3558,-64.548
2.3558,-64.548
2.3559,-64.553
2.3559,-64.551
2.356,-64.543
2.356,-64.543
2.3561,-64.54
2.3561,-64.537
2.3562,-64.527
2.3562,-64.527
2.3562,-64.536
2.3563,-64.536
2.3563,-64.536
2.3564,-64.527
2.3564,-64.521
2.3565,-64.515
2.3565,-64.519
2.3566,-64.528
2.3566,-64.529
2.3567,-64.527
2.3567,-64.525
2.3568,-64.53
2.3568,-64.533
2.3569,-64.539
2.3569,-64.544
2.357,-64.537
2.357,-64.535
2.3571,-64.531
2.3571,-64.534
2.3572,-64.537
2.3572,-64.546
2.3573,-64.55
2.3573,-64.547
2.3574,-64.547
2.3574,-64.547
2.3575,-64.547
2.3575,-64.544
2.3576,-64.541
2.3576,-64.541
2.3577,-64.541
2.3577,-64.541
2.3578,-64.539
2.3578,-64.536
2.3579,-64.527
2.3579,-64.524
2.358,-64.524
2.358,-64.521
2.3581,-64.518
2.3581,-64.52
2.3582,-64.518
2.3582,-64.515
2.3583,-64.512
2.3583,-64.513
2.3584,-64.513
2.3584,-64.515
2.3585,-64.517
2.3585,-64.521
2.3586,-64.525
2.3586,-64.526
2.3587,-64.527
2.3587,-64.527
2.3588,-64.531
2.3588,-64.534
2.3589,-64.535
2.3589,-64.535
2.359,-64.534
2.359,-64.528
2.3591,-64.523
2.3591,-64.514
2.3592,-64.509
2.3592,-64.508
2.3593,-64.503
2.3593,-64.498
2.3594,-64.492
2.3594,-64.489
2.3595,-64.483
2.3595,-64.482
2.3596,-64.482
2.3596,-64.482
2.3597,-64.483
2.3597,-64.482
2.3598,-64.479
2.3598,-64.475
2.3599,-64.472
2.3599,-64.467
2.36,-64.461
2.36,-64.458
2.3601,-64.458
2.3601,-64.454
2.3602,-64.453
2.3602,-64.452
2.3603,-64.452
2.3603,-64.451
2.3604,-64.451
2.3604,-64.451
2.3605,-64.457
2.3605,-64.457
2.3606,-64.455
2.3606,-64.454
2.3607,-64.453
2.3607,-64.449
2.3608,-64.444
2.3608,-64.444
2.3609,-64.44
2.3609,-64.437
2.361,-64.431
2.361,-64.418
2.3611,-64.412
2.3611,-64.417
2.3612,-64.423
2.3612,-64.428
2.3613,-64.427
2.3613,-64.431
2.3614,-64.426
2.3614,-64.428
2.3615,-64.431
2.3615,-64.428
2.3616,-64.422
2.3616,-64.42
2.3617,-64.419
2.3617,-64.419
2.3618,-64.416
2.3618,-64.414
2.3619,-64.415
2.3619,-64.417
2.362,-64.418
2.362,-64.415
2.3621,-64.412
2.3621,-64.409
2.3622,-64.411
2.3622,-64.41
2.3623,-64.41
2.3623,-64.409
2.3624,-64.408
2.3624,-64.405
2.3625,-64.402
2.3625,-64.408
2.3626,-64.408
2.3626,-64.408
2.3627,-64.41
2.3627,-64.413
2.3628,-64.415
2.3628,-64.416
2.3629,-64.418
2.3629,-64.419
2.363,-64.419
2.363,-64.419
2.3631,-64.42
2.3631,-64.427
2.3632,-64.427
2.3632,-64.427
2.3633,-64.427
2.3633,-64.422
2.3634,-64.422
2.3634,-64.422
2.3635,-64.422
2.3635,-64.422
2.3636,-64.422
2.3636,-64.422
2.3637,-64.415
2.3637,-64.415
2.3638,-64.411
2.3638,-64.41
2.3639,-64.411
2.3639,-64.41
2.364,-64.41
2.364,-64.415
2.3641,-64.415
2.3641,-64.418
2.3642,-64.42
2.3642,-64.424
2.3643,-64.421
2.3643,-64.422
2.3644,-64.424
2.3644,-64.419
2.3645,-64.415
2.3645,-64.418
2.3646,-64.42
2.3646,-64.421
2.3647,-64.42
2.3647,-64.42
2.3648,-64.42
2.3648,-64.427
2.3649,-64.435
2.3649,-64.441
2.365,-64.444
2.365,-64.445
2.3651,-64.444
2.3651,-64.445
2.3652,-64.445
2.3652,-64.445
2.3653,-64.442
2.3653,-64.434
2.3654,-64.43
2.3654,-64.423
2.3655,-64.417
2.3655,-64.412
2.3656,-64.406
2.3656,-64.403
2.3657,-64.404
2.3657,-64.404
2.3658,-64.405
2.3658,-64.41
2.3659,-64.412
2.3659,-64.409
2.366,-64.409
2.366,-64.413
2.3661,-64.413
2.3661,-64.413
2.3662,-64.415
2.3662,-64.418
2.3663,-64.425
2.3663,-64.425
2.3664,-64.421
2.3664,-64.42
2.3665,-64.412
2.3665,-64.412
2.3666,-64.408
2.3666,-64.405
2.3667,-64.402
2.3667,-64.402
2.3668,-64.398
2.3668,-64.396
2.3669,-64.392
2.3669,-64.396
2.367,-64.399
2.367,-64.396
2.3671,-64.394
2.3671,-64.393
2.3672,-64.393
2.3672,-64.394
2.3673,-64.394
2.3673,-64.394
2.3674,-64.394
2.3674,-64.394
2.3675,-64.394
2.3675,-64.394
2.3676,-64.397
2.3676,-64.394
2.3677,-64.392
2.3677,-64.39
2.3678,-64.392
2.3678,-64.393
2.3679,-64.392
2.3679,-64.39
2.368,-64.39
2.368,-64.387
2.3681,-64.386
2.3681,-64.377
2.3682,-64.377
2.3682,-64.377
2.3683,-64.377
2.3683,-64.376
2.3684,-64.38
2.3684,-64.392
2.3685,-64.395
2.3685,-64.398
2.3686,-64.405
2.3686,-64.41
2.3687,-64.408
2.3687,-64.405
2.3688,-64.402
2.3688,-64.405
2.3689,-64.408
2.3689,-64.412
2.369,-64.415
2.369,-64.416
2.3691,-64.421
2.3691,-64.425
2.3692,-64.434
2.3692,-64.431
2.3693,-64.434
2.3693,-64.434
2.3694,-64.44
2.3694,-64.443
2.3695,-64.443
2.3695,-64.441
2.3696,-64.444
2.3696,-64.449
2.3697,-64.452
2.3697,-64.455
2.3698,-64.457
2.3698,-64.463
2.3699,-64.462
2.3699,-64.459
2.3699,-64.456
2.37,-64.456
2.37,-64.457
2.3701,-64.458
2.3701,-64.463
2.3702,-64.468
2.3702,-64.473
2.3703,-64.473
2.3703,-64.473
2.3704,-64.473
2.3704,-64.473
2.3705,-64.476
2.3705,-64.476
2.3706,-64.478
2.3706,-64.478
2.3707,-64.478
2.3707,-64.476
2.3708,-64.476
2.3708,-64.478
2.3709,-64.479
2.3709,-64.479
2.371,-64.476
2.371,-64.472
2.3711,-64.47
2.3711,-64.467
2.3712,-64.466
2.3712,-64.471
2.3713,-64.471
2.3713,-64.473
2.3714,-64.476
2.3714,-64.476
2.3715,-64.465
2.3715,-64.459
2.3716,-64.445
2.3716,-64.437
2.3717,-64.431
2.3717,-64.424
2.3718,-64.424
2.3718,-64.418
2.3719,-64.413
2.3719,-64.408
2.372,-64.408
2.372,-64.404
2.3721,-64.404
2.3721,-64.399
2.3722,-64.394
2.3722,-64.389
2.3723,-64.385
2.3723,-64.383
2.3724,-64.379
2.3724,-64.376
2.3725,-64.376
2.3725,-64.373
2.3726,-64.37
2.3726,-64.365
2.3727,-64.36
2.3727,-64.356
2.3728,-64.341
2.3728,-64.333
2.3729,-64.336
2.3729,-64.334
2.373,-64.328
2.373,-64.323
2.3731,-64.323
2.3731,-64.323
2.3732,-64.319
2.3732,-64.319
2.3733,-64.312
2.3733,-64.312
2.3734,-64.312
2.3734,-64.303
2.3735,-64.305
2.3735,-64.305
2.3736,-64.309
2.3736,-64.313
2.3737,-64.316
2.3737,-64.324
2.3738,-64.335
2.3738,-64.343
2.3739,-64.35
2.3739,-64.351
2.374,-64.35
2.374,-64.353
2.3741,-64.354
2.3741,-64.352
2.3742,-64.354
2.3742,-64.354
2.3743,-64.358
2.3743,-64.358
2.3744,-64.352
2.3744,-64.344
2.3745,-64.338
2.3745,-64.335
2.3746,-64.33
2.3746,-64.325
2.3747,-64.326
2.3747,-64.32
2.3748,-64.309
2.3748,-64.302
2.3749,-64.302
2.3749,-64.302
2.375,-64.305
2.375,-64.307
2.3751,-64.314
2.3751,-64.314
2.3752,-64.317
2.3752,-64.322
2.3753,-64.319
2.3753,-64.312
2.3754,-64.306
2.3754,-64.305
2.3755,-64.305
2.3755,-64.303
2.3756,-64.296
2.3756,-64.287
2.3757,-64.285
2.3757,-64.283
2.3758,-64.262
2.3758,-64.246
2.3759,-64.156
2.3759,-64.148
2.376,-64.15
2.376,-64.151
2.3761,-64.148
2.3761,-64.141
2.3762,-64.147
2.3762,-64.151
2.3763,-64.156
2.3763,-64.161
2.3764,-64.156
2.3764,-64.153
2.3765,-64.153
2.3765,-64.156
2.3766,-64.158
2.3766,-64.151
2.3767,-64.141
2.3767,-64.136
2.3768,-64.122
2.3768,-64.095
2.3769,-64.077
2.3769,-64.063
2.377,-64.056
2.377,-64.048
2.3771,-64.03
2.3771,-64.012
2.3772,-64.006
2.3772,-64.006
2.3773,-64.013
2.3773,-64.017
2.3774,-64.017
2.3774,-64.014
2.3775,-64.014
2.3775,-64.014
2.3776,-64.015
2.3776,-64.016
2.3777,-64.016
2.3777,-64.016
2.3778,-64.018
2.3778,-64.018
2.3779,-64.022
2.3779,-64.022
2.378,-64.018
2.378,-64.016
2.3781,-64.017
2.3781,-64.022
2.3782,-64.026
2.3782,-64.027
2.3783,-64.025
2.3783,-64.029
2.3784,-64.032
2.3784,-64.048
2.3785,-64.064
2.3785,-64.064
2.3786,-64.072
2.3786,-64.075
2.3787,-64.08
2.3787,-64.078
2.3788,-64.077
2.3788,-64.077
2.3789,-64.08
2.3789,-64.083
2.379,-64.085
2.379,-64.087
2.3791,-64.094
2.3791,-64.101
2.3792,-64.108
2.3792,-64.115
2.3793,-64.118
2.3793,-64.119
2.3794,-64.123
2.3794,-64.126
2.3795,-64.132
2.3795,-64.143
2.3796,-64.141
2.3796,-64.138
2.3797,-64.147
2.3797,-64.153
2.3798,-64.158
2.3798,-64.158
2.3799,-64.157
2.3799,-64.16
2.38,-64.163
2.38,-64.165
2.3801,-64.176
2.3801,-64.186
2.3802,-64.19
2.3802,-64.193
2.3803,-64.199
2.3803,-64.209
2.3804,-64.209
2.3804,-64.205
2.3805,-64.212
2.3805,-64.228
2.3806,-64.238
2.3806,-64.24
2.3807,-64.241
2.3807,-64.242
2.3808,-64.247
2.3808,-64.248
2.3809,-64.248
2.3809,-64.247
2.381,-64.248
2.381,-64.248
2.3811,-64.247
2.3811,-64.248
2.3812,-64.252
2.3812,-64.257
2.3813,-64.26
2.3813,-64.264
2.3814,-64.26
2.3814,-64.257
2.3815,-64.258
2.3815,-64.257
2.3816,-64.259
2.3816,-64.257
2.3817,-64.249
2.3817,-64.241
2.3818,-64.241
2.3818,-64.239
2.3819,-64.239
2.3819,-64.239
2.382,-64.241
2.382,-64.242
2.3821,-64.247
2.3821,-64.251
2.3822,-64.25
2.3822,-64.25
2.3823,-64.252
2.3823,-64.254
2.3824,-64.257
2.3824,-64.26
2.3825,-64.259
2.3825,-64.255
2.3826,-64.254
2.3826,-64.249
2.3827,-64.248
2.3827,-64.248
2.3828,-64.258
2.3828,-64.267
2.3829,-64.278
2.3829,-64.283
2.383,-64.286
2.383,-64.287
2.3831,-64.288
2.3831,-64.289
2.3832,-64.289
2.3832,-64.289
2.3833,-64.29
2.3833,-64.29
2.3834,-64.297
2.3834,-64.302
2.3835,-64.308
2.3835,-64.317
2.3836,-64.318
2.3836,-64.321
2.3836,-64.316
2.3837,-64.314
2.3837,-64.316
2.3838,-64.318
2.3838,-64.323
2.3839,-64.332
2.3839,-64.339
2.384,-64.342
2.384,-64.338
2.3841,-64.345
2.3841,-64.352
2.3842,-64.352
2.3842,-64.347
2.3843,-64.352
2.3843,-64.364
2.3844,-64.37
2.3844,-64.377
2.3845,-64.378
2.3845,-64.38
2.3846,-64.387
2.3846,-64.391
2.3847,-64.391
2.3847,-64.392
2.3848,-64.394
2.3848,-64.405
2.3849,-64.415
2.3849,-64.418
2.385,-64.424
2.385,-64.441
2.3851,-64.457
2.3851,-64.463
2.3852,-64.455
2.3852,-64.442
2.3853,-64.44
2.3853,-64.434
2.3854,-64.409
2.3854,-64.392
2.3855,-64.38
2.3855,-64.384
2.3856,-64.385
2.3856,-64.373
2.3857,-64.37
2.3857,-64.363
2.3858,-64.364
2.3858,-64.36
2.3859,-64.36
2.3859,-64.348
2.386,-64.348
2.386,-64.35
2.3861,-64.353
2.3861,-64.358
2.3862,-64.363
2.3862,-64.366
2.3863,-64.371
2.3863,-64.371
2.3864,-64.375
2.3864,-64.375
2.3865,-64.375
2.3865,-64.375
2.3866,-64.382
2.3866,-64.385
2.3867,-64.385
2.3867,-64.385
2.3868,-64.381
2.3868,-64.38
2.3869,-64.389
2.3869,-64.396
2.387,-64.396
2.387,-64.399
2.3871,-64.404
2.3871,-64.408
2.3872,-64.409
2.3872,-64.409
2.3873,-64.411
2.3873,-64.413
2.3874,-64.415
2.3874,-64.418
2.3875,-64.417
2.3875,-64.416
2.3876,-64.421
2.3876,-64.429
2.3877,-64.429
2.3877,-64.431
2.3878,-64.441
2.3878,-64.446
2.3879,-64.45
2.3879,-64.453
2.388,-64.457
2.388,-64.455
2.3881,-64.457
2.3881,-64.461
2.3882,-64.464
2.3882,-64.466
2.3883,-64.466
2.3883,-64.47
2.3884,-64.475
2.3884,-64.477
2.3885,-64.485
2.3885,-64.495
2.3886,-64.502
2.3886,-64.507
2.3887,-64.514
2.3887,-64.519
2.3888,-64.514
2.3888,-64.514
2.3889,-64.519
2.3889,-64.526
2.389,-64.529
2.389,-64.531
2.3891,-64.527
2.3891,-64.528
2.3892,-64.532
2.3892,-64.538
2.3893,-64.532
2.3893,-64.526
2.3894,-64.521
2.3894,-64.523
2.3895,-64.528
2.3895,-64.531
2.3896,-64.533
2.3896,-64.531
2.3897,-64.533
2.3897,-64.535
2.3898,-64.537
2.3898,-64.547
2.3899,-64.556
2.3899,-64.561
2.39,-64.57
2.39,-64.576
2.3901,-64.576
2.3901,-64.57
2.3902,-64.561
2.3902,-64.56
2.3903,-64.569
2.3903,-64.575
2.3904,-64.577
2.3904,-64.58
2.3905,-64.577
2.3905,-64.577
2.3906,-64.566
2.3906,-64.564
2.3907,-64.567
2.3907,-64.566
2.3908,-64.567
2.3908,-64.569
2.3909,-64.573
2.3909,-64.569
2.391,-64.575
2.391,-64.576
2.3911,-64.577
2.3911,-64.579
2.3912,-64.576
2.3912,-64.578
2.3913,-64.58
2.3913,-64.586
2.3914,-64.589
2.3914,-64.593
2.3915,-64.592
2.3915,-64.595
2.3916,-64.604
2.3916,-64.61
2.3917,-64.614
2.3917,-64.617
2.3918,-64.613
2.3918,-64.613
2.3919,-64.617
2.3919,-64.62
2.392,-64.617
2.392,-64.61
2.3921,-64.613
2.3921,-64.613
2.3922,-64.617
2.3922,-64.617
2.3923,-64.614
2.3923,-64.614
2.3924,-64.613
2.3924,-64.611
2.3925,-64.605
2.3925,-64.605
2.3926,-64.601
2.3926,-64.608
2.3927,-64.613
2.3927,-64.617
2.3928,-64.617
2.3928,-64.615
2.3929,-64.613
2.3929,-64.613
2.393,-64.613
2.393,-64.615
2.3931,-64.619
2.3931,-64.618
2.3932,-64.616
2.3932,-64.619
2.3933,-64.627
2.3933,-64.643
2.3934,-64.653
2.3934,-64.657
2.3935,-64.648
2.3935,-64.648
2.3936,-64.648
2.3936,-64.652
2.3937,-64.657
2.3937,-64.663
2.3938,-64.667
2.3938,-64.663
2.3939,-64.666
2.3939,-64.662
2.394,-64.669
2.394,-64.672
2.3941,-64.672
2.3941,-64.67
2.3942,-64.669
2.3942,-64.669
2.3943,-64.678
2.3943,-64.678
2.3944,-64.675
2.3944,-64.667
2.3945,-64.663
2.3945,-64.667
2.3946,-64.669
2.3946,-64.669
2.3947,-64.67
2.3947,-64.675
2.3948,-64.675
2.3948,-64.675
2.3949,-64.678
2.3949,-64.676
2.395,-64.671
2.395,-64.671
2.3951,-64.671
2.3951,-64.669
2.3952,-64.669
2.3952,-64.669
2.3953,-64.671
2.3953,-64.673
2.3954,-64.679
2.3954,-64.679
2.3955,-64.679
2.3955,-64.678
2.3956,-64.678
2.3956,-64.682
2.3957,-64.682
2.3957,-64.676
2.3958,-64.673
2.3958,-64.665
2.3959,-64.656
2.3959,-64.647
2.396,-64.643
2.396,-64.633
2.3961,-64.627
2.3961,-64.625
2.3962,-64.626
2.3962,-64.622
2.3963,-64.622
2.3963,-64.623
2.3964,-64.629
2.3964,-64.63
2.3965,-64.631
2.3965,-64.63
2.3966,-64.636
2.3966,-64.639
2.3967,-64.639
2.3967,-64.636
2.3968,-64.637
2.3968,-64.635
2.3969,-64.632
2.3969,-64.635
2.397,-64.634
2.397,-64.63
2.3971,-64.624
2.3971,-64.622
2.3972,-64.621
2.3972,-64.621
2.3973,-64.621
2.3973,-64.612
2.3973,-64.601
2.3974,-64.592
2.3974,-64.601
2.3975,-64.604
2.3975,-64.604
2.3976,-64.607
2.3976,-64.607
2.3977,-64.604
2.3977,-64.601
2.3978,-64.592
2.3978,-64.586
2.3979,-64.583
2.3979,-64.592
2.398,-64.598
2.398,-64.608
2.3981,-64.615
2.3981,-64.617
2.3982,-64.617
2.3982,-64.618
2.3983,-64.62
2.3983,-64.62
2.3984,-64.62
2.3984,-64.62
2.3985,-64.62
2.3985,-64.629
2.3986,-64.629
2.3986,-64.627
2.3987,-64.634
2.3987,-64.637
2.3988,-64.644
2.3988,-64.651
2.3989,-64.653
2.3989,-64.65
2.399,-64.647
2.399,-64.64
2.3991,-64.639
2.3991,-64.637
2.3992,-64.639
2.3992,-64.636
2.3993,-64.645
2.3993,-64.657
2.3994,-64.655
2.3994,-64.656
2.3995,-64.659
2.3995,-64.668
2.3996,-64.672
2.3996,-64.679
2.3997,-64.679
2.3997,-64.679
2.3998,-64.682
2.3998,-64.684
2.3999,-64.688
2.3999,-64.688
2.4,-64.683
2.4,-64.683
2.4001,-64.681
2.4001,-64.682
2.4002,-64.682
2.4002,-64.682
2.4003,-64.678
2.4003,-64.678
2.4004,-64.682
2.4004,-64.687
2.4005,-64.69
2.4005,-64.69
2.4006,-64.688
2.4006,-64.685
2.4007,-64.683
2.4007,-64.682
2.4008,-64.681
2.4008,-64.682
2.4009,-64.683
2.4009,-64.685
2.401,-64.685
2.401,-64.683
2.4011,-64.682
2.4011,-64.682
2.4012,-64.681
2.4012,-64.679
2.4013,-64.677
2.4013,-64.673
2.4014,-64.673
2.4014,-64.673
2.4015,-64.672
2.4015,-64.669
2.4016,-64.666
2.4016,-64.669
2.4017,-64.669
2.4017,-64.672
2.4018,-64.666
2.4018,-64.659
2.4019,-64.658
2.4019,-64.656
2.402,-64.656
2.402,-64.654
2.4021,-64.65
2.4021,-64.643
2.4022,-64.637
2.4022,-64.63
2.4023,-64.63
2.4023,-64.622
2.4024,-64.613
2.4024,-64.61
2.4025,-64.612
2.4025,-64.62
2.4026,-64.632
2.4026,-64.627
2.4027,-64.616
2.4027,-64.608
2.4028,-64.608
2.4028,-64.616
2.4029,-64.625
2.4029,-64.625
2.403,-64.625
2.403,-64.616
2.4031,-64.612
2.4031,-64.611
2.4032,-64.611
2.4032,-64.612
2.4033,-64.616
2.4033,-64.623
2.4034,-64.627
2.4034,-64.627
2.4035,-64.627
2.4035,-64.63
2.4036,-64.617
2.4036,-64.588
2.4037,-64.588
2.4037,-64.591
2.4038,-64.59
2.4038,-64.587
2.4039,-64.587
2.4039,-64.587
2.404,-64.579
2.404,-64.576
2.4041,-64.568
2.4041,-64.565
2.4042,-64.566
2.4042,-64.573
2.4043,-64.563
2.4043,-64.557
2.4044,-64.555
2.4044,-64.547
2.4045,-64.537
2.4045,-64.53
2.4046,-64.536
2.4046,-64.536
2.4047,-64.53
2.4047,-64.524
2.4048,-64.52
2.4048,-64.52
2.4049,-64.516
2.4049,-64.514
2.405,-64.511
2.405,-64.51
2.4051,-64.508
2.4051,-64.508
2.4052,-64.505
2.4052,-64.503
2.4053,-64.498
2.4053,-64.489
2.4054,-64.477
2.4054,-64.468
2.4055,-64.471
2.4055,-64.467
2.4056,-64.463
2.4056,-64.46
2.4057,-64.462
2.4057,-64.46
2.4058,-64.46
2.4058,-64.456
2.4059,-64.45
2.4059,-64.45
2.406,-64.447
2.406,-64.444
2.4061,-64.441
2.4061,-64.428
2.4062,-64.422
2.4062,-64.409
2.4063,-64.393
2.4063,-64.384
2.4064,-64.376
2.4064,-64.37
2.4065,-64.357
2.4065,-64.334
2.4066,-64.318
2.4066,-64.312
2.4067,-64.301
2.4067,-64.29
2.4068,-64.289
2.4068,-64.282
2.4069,-64.28
2.4069,-64.285
2.407,-64.286
2.407,-64.288
2.4071,-64.285
2.4071,-64.285
2.4072,-64.285
2.4072,-64.288
2.4073,-64.29
2.4073,-64.291
2.4074,-64.284
2.4074,-64.278
2.4075,-64.273
2.4075,-64.271
2.4076,-64.268
2.4076,-64.271
2.4077,-64.274
2.4077,-64.274
2.4078,-64.276
2.4078,-64.278
2.4079,-64.283
2.4079,-64.287
2.408,-64.283
2.408,-64.283
2.4081,-64.283
2.4081,-64.287
2.4082,-64.289
2.4082,-64.289
2.4083,-64.289
2.4083,-64.292
2.4084,-64.296
2.4084,-64.303
2.4085,-64.309
2.4085,-64.309
2.4086,-64.312
2.4086,-64.314
2.4087,-64.318
2.4087,-64.321
2.4088,-64.323
2.4088,-64.323
2.4089,-64.324
2.4089,-64.325
2.409,-64.328
2.409,-64.33
2.4091,-64.333
2.4091,-64.336
2.4092,-64.347
2.4092,-64.36
2.4093,-64.362
2.4093,-64.363
2.4094,-64.366
2.4094,-64.366
2.4095,-64.366
2.4095,-64.366
2.4096,-64.363
2.4096,-64.359
2.4097,-64.362
2.4097,-64.363
2.4098,-64.367
2.4098,-64.371
2.4099,-64.377
2.4099,-64.381
2.41,-64.383
2.41,-64.383
2.4101,-64.383
2.4101,-64.383
2.4102,-64.385
2.4102,-64.387
2.4103,-64.383
2.4103,-64.38
2.4104,-64.378
2.4104,-64.377
2.4105,-64.377
2.4105,-64.366
2.4106,-64.366
2.4106,-64.364
2.4107,-64.373
2.4107,-64.383
2.4108,-64.383
2.4108,-64.386
2.4109,-64.385
2.4109,-64.386
2.411,-64.386
2.411,-64.396
2.411,-64.399
2.4111,-64.402
2.4111,-64.403
2.4112,-64.402
2.4112,-64.401
2.4113,-64.401
2.4113,-64.402
2.4114,-64.403
2.4114,-64.414
2.4115,-64.421
2.4115,-64.424
2.4116,-64.424
2.4116,-64.422
2.4117,-64.424
2.4117,-64.421
2.4118,-64.418
2.4118,-64.418
2.4119,-64.42
2.4119,-64.419
2.412,-64.423
2.412,-64.423
2.4121,-64.421
2.4121,-64.421
2.4122,-64.423
2.4122,-64.423
2.4123,-64.419
2.4123,-64.418
2.4124,-64.415
2.4124,-64.411
2.4125,-64.402
2.4125,-64.401
2.4126,-64.399
2.4126,-64.395
2.4127,-64.39
2.4127,-64.381
2.4128,-64.381
2.4128,-64.379
2.4129,-64.378
2.4129,-64.371
2.413,-64.363
2.413,-64.354
2.4131,-64.353
2.4131,-64.347
2.4132,-64.342
2.4132,-64.341
2.4133,-64.344
2.4133,-64.35
2.4134,-64.347
2.4134,-64.344
2.4135,-64.337
2.4135,-64.337
2.4136,-64.337
2.4136,-64.337
2.4137,-64.328
2.4137,-64.319
2.4138,-64.321
2.4138,-64.321
2.4139,-64.319
2.4139,-64.317
2.414,-64.322
2.414,-64.328
2.4141,-64.34
2.4141,-64.35
2.4142,-64.351
2.4142,-64.35
2.4143,-64.357
2.4143,-64.371
2.4144,-64.386
2.4144,-64.39
2.4145,-64.399
2.4145,-64.42
2.4146,-64.453
2.4146,-64.48
2.4147,-64.482
2.4147,-64.479
2.4148,-64.477
2.4148,-64.477
2.4149,-64.477
2.4149,-64.475
2.415,-64.475
2.415,-64.477
2.4151,-64.481
2.4151,-64.485
2.4152,-64.485
2.4152,-64.487
2.4153,-64.487
2.4153,-64.492
2.4154,-64.497
2.4154,-64.499
2.4155,-64.499
2.4155,-64.499
2.4156,-64.49
2.4156,-64.482
2.4157,-64.482
2.4157,-64.476
2.4158,-64.479
2.4158,-64.489
2.4159,-64.491
2.4159,-64.495
2.416,-64.495
2.416,-64.482
2.4161,-64.478
2.4161,-64.476
2.4162,-64.472
2.4162,-64.476
2.4163,-64.486
2.4163,-64.485
2.4164,-64.485
2.4164,-64.481
2.4165,-64.479
2.4165,-64.469
2.4166,-64.463
2.4166,-64.463
2.4167,-64.455
2.4167,-64.456
2.4168,-64.453
2.4168,-64.456
2.4169,-64.46
2.4169,-64.462
2.417,-64.463
2.417,-64.462
2.4171,-64.457
2.4171,-64.449
2.4172,-64.453
2.4172,-64.455
2.4173,-64.452
2.4173,-64.453
2.4174,-64.463
2.4174,-64.47
2.4175,-64.474
2.4175,-64.47
2.4176,-64.467
2.4176,-64.468
2.4177,-64.479
2.4177,-64.482
2.4178,-64.482
2.4178,-64.472
2.4179,-64.473
2.4179,-64.476
2.418,-64.48
2.418,-64.485
2.4181,-64.485
2.4181,-64.48
2.4182,-64.483
2.4182,-64.486
2.4183,-64.483
2.4183,-64.471
2.4184,-64.463
2.4184,-64.467
2.4185,-64.476
2.4185,-64.484
2.4186,-64.476
2.4186,-64.47
2.4187,-64.473
2.4187,-64.471
2.4188,-64.469
2.4188,-64.469
2.4189,-64.469
2.4189,-64.469
2.419,-64.475
2.419,-64.479
2.4191,-64.479
2.4191,-64.479
2.4192,-64.484
2.4192,-64.489
2.4193,-64.492
2.4193,-64.492
2.4194,-64.493
2.4194,-64.493
2.4195,-64.491
2.4195,-64.493
2.4196,-64.496
2.4196,-64.496
2.4197,-64.495
2.4197,-64.482
2.4198,-64.466
2.4198,-64.454
2.4199,-64.437
2.4199,-64.435
2.42,-64.421
2.42,-64.418
2.4201,-64.418
2.4201,-64.418
2.4202,-64.414
2.4202,-64.411
2.4203,-64.407
2.4203,-64.404
2.4204,-64.402
2.4204,-64.398
2.4205,-64.398
2.4205,-64.398
2.4206,-64.402
2.4206,-64.402
2.4207,-64.405
2.4207,-64.402
2.4208,-64.399
2.4208,-64.396
2.4209,-64.395
2.4209,-64.392
2.421,-64.388
2.421,-64.383
2.4211,-64.383
2.4211,-64.391
2.4212,-64.39
2.4212,-64.395
2.4213,-64.395
2.4213,-64.395
2.4214,-64.398
2.4214,-64.402
2.4215,-64.4
2.4215,-64.4
2.4216,-64.402
2.4216,-64.404
2.4217,-64.407
2.4217,-64.412
2.4218,-64.418
2.4218,-64.424
2.4219,-64.422
2.4219,-64.419
2.422,-64.429
2.422,-64.428
2.4221,-64.429
2.4221,-64.431
2.4222,-64.436
2.4222,-64.44
2.4223,-64.443
2.4223,-64.444
2.4224,-64.444
2.4224,-64.447
2.4225,-64.446
2.4225,-64.447
2.4226,-64.449
2.4226,-64.45
2.4227,-64.448
2.4227,-64.447
2.4228,-64.444
2.4228,-64.444
2.4229,-64.437
2.4229,-64.437
2.423,-64.434
2.423,-64.435
2.4231,-64.439
2.4231,-64.441
2.4232,-64.442
2.4232,-64.442
2.4233,-64.445
2.4233,-64.448
2.4234,-64.448
2.4234,-64.448
2.4235,-64.443
2.4235,-64.443
2.4236,-64.437
2.4236,-64.434
2.4237,-64.434
2.4237,-64.441
2.4238,-64.437
2.4238,-64.437
2.4239,-64.431
2.4239,-64.428
2.424,-64.426
2.424,-64.426
2.4241,-64.421
2.4241,-64.415
2.4242,-64.414
2.4242,-64.409
2.4243,-64.409
2.4243,-64.411
2.4244,-64.412
2.4244,-64.404
2.4245,-64.403
2.4245,-64.403
2.4246,-64.397
2.4246,-64.388
2.4247,-64.373
2.4247,-64.347
2.4247,-64.328
2.4248,-64.323
2.4248,-64.314
2.4249,-64.304
2.4249,-64.293
2.425,-64.285
2.425,-64.277
2.4251,-64.264
2.4251,-64.254
2.4252,-64.232
2.4252,-64.215
2.4253,-64.215
2.4253,-64.202
2.4254,-64.187
2.4254,-64.184
2.4255,-64.179
2.4255,-64.177
2.4256,-64.177
2.4256,-64.177
2.4257,-64.177
2.4257,-64.177
2.4258,-64.177
2.4258,-64.177
2.4259,-64.177
2.4259,-64.177
2.426,-64.175
2.426,-64.171
2.4261,-64.173
2.4261,-64.177
2.4262,-64.18
2.4262,-64.183
2.4263,-64.183
2.4263,-64.183
2.4264,-64.183
2.4264,-64.184
2.4265,-64.184
2.4265,-64.187
2.4266,-64.195
2.4266,-64.206
2.4267,-64.209
2.4267,-64.213
2.4268,-64.219
2.4268,-64.235
2.4269,-64.255
2.4269,-64.257
2.427,-64.259
2.427,-64.267
2.4271,-64.271
2.4271,-64.276
2.4272,-64.288
2.4272,-64.298
2.4273,-64.299
2.4273,-64.299
2.4274,-64.304
2.4274,-64.31
2.4275,-64.31
2.4275,-64.31
2.4276,-64.315
2.4276,-64.321
2.4277,-64.324
2.4277,-64.328
2.4278,-64.33
2.4278,-64.33
2.4279,-64.33
2.4279,-64.331
2.428,-64.331
2.428,-64.331
2.4281,-64.331
2.4281,-64.328
2.4282,-64.325
2.4282,-64.321
2.4283,-64.315
2.4283,-64.316
2.4284,-64.315
2.4284,-64.314
2.4285,-64.322
2.4285,-64.328
2.4286,-64.329
2.4286,-64.326
2.4287,-64.332
2.4287,-64.334
2.4288,-64.335
2.4288,-64.338
2.4289,-64.337
2.4289,-64.338
2.429,-64.334
2.429,-64.326
2.4291,-64.323
2.4291,-64.323
2.4292,-64.318
2.4292,-64.314
2.4293,-64.31
2.4293,-64.305
2.4294,-64.298
2.4294,-64.302
2.4295,-64.299
2.4295,-64.299
2.4296,-64.289
2.4296,-64.283
2.4297,-64.274
2.4297,-64.275
2.4298,-64.285
2.4298,-64.285
2.4299,-64.269
2.4299,-64.257
2.43,-64.257
2.43,-64.261
2.4301,-64.261
2.4301,-64.254
2.4302,-64.254
2.4302,-64.24
2.4303,-64.229
2.4303,-64.228
2.4304,-64.221
2.4304,-64.215
2.4305,-64.214
2.4305,-64.215
2.4306,-64.217
2.4306,-64.219
2.4307,-64.219
2.4307,-64.219
2.4308,-64.222
2.4308,-64.221
2.4309,-64.219
2.4309,-64.217
2.431,-64.214
2.431,-64.196
2.4311,-64.186
2.4311,-64.185
2.4312,-64.183
2.4312,-64.177
2.4313,-64.18
2.4313,-64.18
2.4314,-64.182
2.4314,-64.17
2.4315,-64.153
2.4315,-64.156
2.4316,-64.148
2.4316,-64.136
2.4317,-64.141
2.4317,-64.147
2.4318,-64.151
2.4318,-64.154
2.4319,-64.159
2.4319,-64.167
2.432,-64.167
2.432,-64.17
2.4321,-64.174
2.4321,-64.179
2.4322,-64.183
2.4322,-64.186
2.4323,-64.186
2.4323,-64.192
2.4324,-64.198
2.4324,-64.204
2.4325,-64.203
2.4325,-64.211
2.4326,-64.222
2.4326,-64.225
2.4327,-64.227
2.4327,-64.22
2.4328,-64.209
2.4328,-64.209
2.4329,-64.207
2.4329,-64.208
2.433,-64.211
2.433,-64.215
2.4331,-64.222
2.4331,-64.228
2.4332,-64.235
2.4332,-64.238
2.4333,-64.241
2.4333,-64.245
2.4334,-64.251
2.4334,-64.256
2.4335,-64.257
2.4335,-64.257
2.4336,-64.258
2.4336,-64.257
2.4337,-64.262
2.4337,-64.267
2.4338,-64.269
2.4338,-64.27
2.4339,-64.267
2.4339,-64.267
2.434,-64.267
2.434,-64.272
2.4341,-64.275
2.4341,-64.275
2.4342,-64.273
2.4342,-64.273
2.4343,-64.276
2.4343,-64.283
2.4344,-64.286
2.4344,-64.284
2.4345,-64.283
2.4345,-64.282
2.4346,-64.283
2.4346,-64.288
2.4347,-64.292
2.4347,-64.293
2.4348,-64.293
2.4348,-64.299
2.4349,-64.309
2.4349,-64.318
2.435,-64.318
2.435,-64.325
2.4351,-64.336
2.4351,-64.341
2.4352,-64.341
2.4352,-64.348
2.4353,-64.35
2.4353,-64.351
2.4354,-64.355
2.4354,-64.354
2.4355,-64.356
2.4355,-64.356
2.4356,-64.358
2.4356,-64.358
2.4357,-64.356
2.4357,-64.36
2.4358,-64.36
2.4358,-64.366
2.4359,-64.369
2.4359,-64.373
2.436,-64.377
2.436,-64.379
2.4361,-64.385
2.4361,-64.387
2.4362,-64.387
2.4362,-64.385
2.4363,-64.382
2.4363,-64.384
2.4364,-64.388
2.4364,-64.388
2.4365,-64.388
2.4365,-64.388
2.4366,-64.395
2.4366,-64.402
2.4367,-64.409
2.4367,-64.413
2.4368,-64.413
2.4368,-64.414
2.4369,-64.418
2.4369,-64.423
2.437,-64.427
2.437,-64.432
2.4371,-64.434
2.4371,-64.444
2.4372,-64.447
2.4372,-64.447
2.4373,-64.448
2.4373,-64.443
2.4374,-64.445
2.4374,-64.441
2.4375,-64.436
2.4375,-64.436
2.4376,-64.434
2.4376,-64.434
2.4377,-64.436
2.4377,-64.44
2.4378,-64.444
2.4378,-64.444
2.4379,-64.444
2.4379,-64.453
2.438,-64.462
2.438,-64.463
2.4381,-64.463
2.4381,-64.463
2.4382,-64.462
2.4382,-64.46
2.4383,-64.461
2.4383,-64.46
2.4384,-64.454
2.4384,-64.453
2.4384,-64.455
2.4385,-64.444
2.4385,-64.437
2.4386,-64.435
2.4386,-64.438
2.4387,-64.441
2.4387,-64.443
2.4388,-64.445
2.4388,-64.453
2.4389,-64.462
2.4389,-64.47
2.439,-64.48
2.439,-64.487
2.4391,-64.495
2.4391,-64.511
2.4392,-64.526
2.4392,-64.531
2.4393,-64.534
2.4393,-64.539
2.4394,-64.543
2.4394,-64.547
2.4395,-64.553
2.4395,-64.554
2.4396,-64.554
2.4396,-64.554
2.4397,-64.547
2.4397,-64.547
2.4398,-64.55
2.4398,-64.544
2.4399,-64.541
2.4399,-64.541
2.44,-64.544
2.44,-64.546
2.4401,-64.547
2.4401,-64.544
2.4402,-64.545
2.4402,-64.549
2.4403,-64.556
2.4403,-64.556
2.4404,-64.554
2.4404,-64.55
2.4405,-64.547
2.4405,-64.55
2.4406,-64.553
2.4406,-64.553
2.4407,-64.55
2.4407,-64.55
2.4408,-64.55
2.4408,-64.551
2.4409,-64.551
2.4409,-64.542
2.441,-64.537
2.441,-64.532
2.4411,-64.532
2.4411,-64.528
2.4412,-64.525
2.4412,-64.518
2.4413,-64.512
2.4413,-64.509
2.4414,-64.505
2.4414,-64.499
2.4415,-64.495
2.4415,-64.497
2.4416,-64.497
2.4416,-64.492
2.4417,-64.485
2.4417,-64.468
2.4418,-64.45
2.4418,-64.443
2.4419,-64.443
2.4419,-64.446
2.442,-64.441
2.442,-64.441
2.4421,-64.448
2.4421,-64.452
2.4422,-64.456
2.4422,-64.455
2.4423,-64.454
2.4423,-64.453
2.4424,-64.443
2.4424,-64.432
2.4425,-64.426
2.4425,-64.422
2.4426,-64.428
2.4426,-64.436
2.4427,-64.438
2.4427,-64.442
2.4428,-64.443
2.4428,-64.452
2.4429,-64.458
2.4429,-64.47
2.443,-64.479
2.443,-64.479
2.4431,-64.485
2.4431,-64.491
2.4432,-64.495
2.4432,-64.5
2.4433,-64.506
2.4433,-64.509
2.4434,-64.511
2.4434,-64.511
2.4435,-64.511
2.4435,-64.511
2.4436,-64.511
2.4436,-64.505
2.4437,-64.5
2.4437,-64.499
2.4438,-64.498
2.4438,-64.498
2.4439,-64.498
2.4439,-64.496
2.444,-64.496
2.444,-64.496
2.4441,-64.495
2.4441,-64.497
2.4442,-64.495
2.4442,-64.5
2.4443,-64.5
2.4443,-64.5
2.4444,-64.497
2.4444,-64.499
2.4445,-64.499
2.4445,-64.499
2.4446,-64.499
2.4446,-64.495
2.4447,-64.49
2.4447,-64.485
2.4448,-64.486
2.4448,-64.481
2.4449,-64.481
2.4449,-64.482
2.445,-64.489
2.445,-64.486
2.4451,-64.486
2.4451,-64.485
2.4452,-64.479
2.4452,-64.476
2.4453,-64.474
2.4453,-64.474
2.4454,-64.473
2.4454,-64.473
2.4455,-64.47
2.4455,-64.467
2.4456,-64.461
2.4456,-64.455
2.4457,-64.448
2.4457,-64.436
2.4458,-64.436
2.4458,-64.447
2.4459,-64.431
2.4459,-64.421
2.446,-64.419
2.446,-64.419
2.4461,-64.417
2.4461,-64.415
2.4462,-64.415
2.4462,-64.428
2.4463,-64.44
2.4463,-64.438
2.4464,-64.434
2.4464,-64.428
2.4465,-64.428
2.4465,-64.431
2.4466,-64.431
2.4466,-64.431
2.4467,-64.431
2.4467,-64.425
2.4468,-64.421
2.4468,-64.414
2.4469,-64.412
2.4469,-64.408
2.447,-64.405
2.447,-64.404
2.4471,-64.404
2.4471,-64.406
2.4472,-64.403
2.4472,-64.398
2.4473,-64.399
2.4473,-64.395
2.4474,-64.392
2.4474,-64.389
2.4475,-64.389
2.4475,-64.399
2.4476,-64.412
2.4476,-64.418
2.4477,-64.423
2.4477,-64.427
2.4478,-64.428
2.4478,-64.428
2.4479,-64.428
2.4479,-64.43
2.448,-64.434
2.448,-64.443
2.4481,-64.441
2.4481,-64.44
2.4482,-64.44
2.4482,-64.44
2.4483,-64.438
2.4483,-64.436
2.4484,-64.44
2.4484,-64.442
2.4485,-64.435
2.4485,-64.433
2.4486,-64.437
2.4486,-64.442
2.4487,-64.447
2.4487,-64.44
2.4488,-64.434
2.4488,-64.434
2.4489,-64.434
2.4489,-64.434
2.449,-64.434
2.449,-64.434
2.4491,-64.436
2.4491,-64.436
2.4492,-64.43
2.4492,-64.422
2.4493,-64.422
2.4493,-64.421
2.4494,-64.424
2.4494,-64.426
2.4495,-64.422
2.4495,-64.417
2.4496,-64.411
2.4496,-64.404
2.4497,-64.399
2.4497,-64.396
2.4498,-64.392
2.4498,-64.38
2.4499,-64.366
2.4499,-64.365
2.45,-64.369
2.45,-64.363
2.4501,-64.356
2.4501,-64.356
2.4502,-64.354
2.4502,-64.346
2.4503,-64.345
2.4503,-64.343
2.4504,-64.343
2.4504,-64.343
2.4505,-64.341
2.4505,-64.338
2.4506,-64.314
2.4506,-64.296
2.4507,-64.282
2.4507,-64.273
2.4508,-64.262
2.4508,-64.244
2.4509,-64.235
2.4509,-64.222
2.451,-64.18
2.451,-64.144
2.4511,-64.128
2.4511,-64.115
2.4512,-64.115
2.4512,-64.115
2.4513,-64.109
2.4513,-64.106
2.4514,-64.104
2.4514,-64.093
2.4515,-64.08
2.4515,-64.075
2.4516,-64.071
2.4516,-64.066
2.4517,-64.061
2.4517,-64.061
2.4518,-64.054
2.4518,-64.054
2.4519,-64.054
2.4519,-64.054
2.452,-64.054
2.452,-64.054
2.4521,-64.054
2.4521,-64.054
2.4521,-64.054
2.4522,-64.051
2.4522,-64.049
2.4523,-64.049
2.4523,-64.043
2.4524,-64.042
2.4524,-64.031
2.4525,-64.013
2.4525,-63.935
2.4526,-63.864
2.4526,-63.861
2.4527,-63.861
2.4527,-63.865
2.4528,-63.87
2.4528,-63.865
2.4529,-63.864
2.4529,-63.864
2.453,-63.864
2.453,-63.855
2.4531,-63.853
2.4531,-63.853
2.4532,-63.853
2.4532,-63.853
2.4533,-63.853
2.4533,-63.853
2.4534,-63.853
2.4534,-63.853
2.4535,-63.852
2.4535,-63.85
2.4536,-63.851
2.4536,-63.852
2.4537,-63.85
2.4537,-63.847
2.4538,-63.844
2.4538,-63.836
2.4539,-63.826
2.4539,-63.82
2.454,-63.816
2.454,-63.813
2.4541,-63.81
2.4541,-63.803
2.4542,-63.801
2.4542,-63.801
2.4543,-63.799
2.4543,-63.795
2.4544,-63.793
2.4544,-63.793
2.4545,-63.793
2.4545,-63.793
2.4546,-63.793
2.4546,-63.793
2.4547,-63.79
2.4547,-63.79
2.4548,-63.79
2.4548,-63.79
2.4549,-63.793
2.4549,-63.793
2.455,-63.796
2.455,-63.803
2.4551,-63.813
2.4551,-63.822
2.4552,-63.83
2.4552,-63.837
2.4553,-63.839
2.4553,-63.841
2.4554,-63.846
2.4554,-63.853
2.4555,-63.858
2.4555,-63.863
2.4556,-63.867
2.4556,-63.868
2.4557,-63.876
2.4557,-63.884
2.4558,-63.892
2.4558,-63.906
2.4559,-63.918
2.4559,-63.932
2.456,-63.942
2.456,-63.948
2.4561,-63.953
2.4561,-63.955
2.4562,-63.959
2.4562,-63.971
2.4563,-63.987
2.4563,-63.99
2.4564,-63.993
2.4564,-64
2.4565,-64.005
2.4565,-64.008
2.4566,-64.017
2.4566,-64.027
2.4567,-64.032
2.4567,-64.035
2.4568,-64.037
2.4568,-64.041
2.4569,-64.047
2.4569,-64.051
2.457,-64.054
2.457,-64.063
2.4571,-64.071
2.4571,-64.082
2.4572,-64.082
2.4572,-64.082
2.4573,-64.093
2.4573,-64.096
2.4574,-64.099
2.4574,-64.103
2.4575,-64.113
2.4575,-64.126
2.4576,-64.141
2.4576,-64.159
2.4577,-64.168
2.4577,-64.19
2.4578,-64.222
2.4578,-64.23
2.4579,-64.23
2.4579,-64.237
2.458,-64.244
2.458,-64.248
2.4581,-64.253
2.4581,-64.258
2.4582,-64.261
2.4582,-64.263
2.4583,-64.267
2.4583,-64.273
2.4584,-64.281
2.4584,-64.291
2.4585,-64.299
2.4585,-64.305
2.4586,-64.304
2.4586,-64.302
2.4587,-64.303
2.4587,-64.305
2.4588,-64.312
2.4588,-64.319
2.4589,-64.325
2.4589,-64.328
2.459,-64.325
2.459,-64.325
2.4591,-64.324
2.4591,-64.324
2.4592,-64.328
2.4592,-64.335
2.4593,-64.342
2.4593,-64.341
2.4594,-64.342
2.4594,-64.344
2.4595,-64.347
2.4595,-64.344
2.4596,-64.354
2.4596,-64.37
2.4597,-64.376
2.4597,-64.377
2.4598,-64.383
2.4598,-64.383
2.4599,-64.386
2.4599,-64.385
2.46,-64.386
2.46,-64.385
2.4601,-64.386
2.4601,-64.386
2.4602,-64.387
2.4602,-64.389
2.4603,-64.397
2.4603,-64.408
2.4604,-64.41
2.4604,-64.41
2.4605,-64.412
2.4605,-64.412
2.4606,-64.414
2.4606,-64.409
2.4607,-64.408
2.4607,-64.408
2.4608,-64.405
2.4608,-64.408
2.4609,-64.41
2.4609,-64.41
2.461,-64.413
2.461,-64.417
2.4611,-64.42
2.4611,-64.418
2.4612,-64.407
2.4612,-64.398
2.4613,-64.401
2.4613,-64.411
2.4614,-64.405
2.4614,-64.407
2.4615,-64.41
2.4615,-64.418
2.4616,-64.418
2.4616,-64.412
2.4617,-64.41
2.4617,-64.41
2.4618,-64.41
2.4618,-64.41
2.4619,-64.412
2.4619,-64.415
2.462,-64.418
2.462,-64.418
2.4621,-64.42
2.4621,-64.42
2.4622,-64.42
2.4622,-64.422
2.4623,-64.425
2.4623,-64.433
2.4624,-64.433
2.4624,-64.441
2.4625,-64.449
2.4625,-64.459
2.4626,-64.463
2.4626,-64.469
2.4627,-64.483
2.4627,-64.478
2.4628,-64.469
2.4628,-64.465
2.4629,-64.468
2.4629,-64.471
2.463,-64.467
2.463,-64.466
2.4631,-64.463
2.4631,-64.465
2.4632,-64.465
2.4632,-64.463
2.4633,-64.46
2.4633,-64.46
2.4634,-64.462
2.4634,-64.463
2.4635,-64.469
2.4635,-64.469
2.4636,-64.475
2.4636,-64.479
2.4637,-64.477
2.4637,-64.477
2.4638,-64.466
2.4638,-64.46
2.4639,-64.459
2.4639,-64.46
2.464,-64.453
2.464,-64.444
2.4641,-64.438
2.4641,-64.428
2.4642,-64.415
2.4642,-64.403
2.4643,-64.378
2.4643,-64.378
2.4644,-64.383
2.4644,-64.383
2.4645,-64.378
2.4645,-64.375
2.4646,-64.375
2.4646,-64.375
2.4647,-64.373
2.4647,-64.37
2.4648,-64.367
2.4648,-64.362
2.4649,-64.362
2.4649,-64.355
2.465,-64.355
2.465,-64.35
2.4651,-64.348
2.4651,-64.347
2.4652,-64.347
2.4652,-64.347
2.4653,-64.347
2.4653,-64.343
2.4654,-64.337
2.4654,-64.334
2.4655,-64.341
2.4655,-64.347
2.4656,-64.344
2.4656,-64.338
2.4657,-64.334
2.4657,-64.336
2.4658,-64.337
2.4658,-64.334
2.4658,-64.338
2.4659,-64.332
2.4659,-64.318
2.466,-64.314
2.466,-64.314
2.4661,-64.309
2.4661,-64.304
2.4662,-64.289
2.4662,-64.274
2.4663,-64.27
2.4663,-64.259
2.4664,-64.222
2.4664,-64.199
2.4665,-64.199
2.4665,-64.195
2.4666,-64.175
2.4666,-64.157
2.4667,-64.154
2.4667,-64.144
2.4668,-64.13
2.4668,-64.125
2.4669,-64.113
2.4669,-64.096
2.467,-64.096
2.467,-64.099
2.4671,-64.103
2.4671,-64.099
2.4672,-64.094
2.4672,-64.091
2.4673,-64.089
2.4673,-64.085
2.4674,-64.081
2.4674,-64.082
2.4675,-64.086
2.4675,-64.086
2.4676,-64.084
2.4676,-64.079
2.4677,-64.077
2.4677,-64.09
2.4678,-64.105
2.4678,-64.126
2.4679,-64.136
2.4679,-64.147
2.468,-64.156
2.468,-64.157
2.4681,-64.15
2.4681,-64.15
2.4682,-64.165
2.4682,-64.172
2.4683,-64.175
2.4683,-64.183
2.4684,-64.196
2.4684,-64.211
2.4685,-64.224
2.4685,-64.231
2.4686,-64.237
2.4686,-64.244
2.4687,-64.243
2.4687,-64.237
2.4688,-64.238
2.4688,-64.241
2.4689,-64.234
2.4689,-64.231
2.469,-64.226
2.469,-64.234
2.4691,-64.236
2.4691,-64.23
2.4692,-64.228
2.4692,-64.225
2.4693,-64.235
2.4693,-64.247
2.4694,-64.251
2.4694,-64.252
2.4695,-64.251
2.4695,-64.249
2.4696,-64.247
2.4696,-64.247
2.4697,-64.253
2.4697,-64.258
2.4698,-64.258
2.4698,-64.257
2.4699,-64.257
2.4699,-64.256
2.47,-64.26
2.47,-64.258
2.4701,-64.263
2.4701,-64.267
2.4702,-64.27
2.4702,-64.273
2.4703,-64.28
2.4703,-64.286
2.4704,-64.288
2.4704,-64.292
2.4705,-64.298
2.4705,-64.296
2.4706,-64.3
2.4706,-64.301
2.4707,-64.308
2.4707,-64.321
2.4708,-64.328
2.4708,-64.328
2.4709,-64.328
2.4709,-64.324
2.471,-64.323
2.471,-64.321
2.4711,-64.325
2.4711,-64.329
2.4712,-64.329
2.4712,-64.338
2.4713,-64.351
2.4713,-64.35
2.4714,-64.354
2.4714,-64.354
2.4715,-64.36
2.4715,-64.366
2.4716,-64.367
2.4716,-64.366
2.4717,-64.364
2.4717,-64.367
2.4718,-64.369
2.4718,-64.369
2.4719,-64.369
2.4719,-64.369
2.472,-64.369
2.472,-64.37
2.4721,-64.372
2.4721,-64.37
2.4722,-64.368
2.4722,-64.367
2.4723,-64.37
2.4723,-64.377
2.4724,-64.392
2.4724,-64.399
2.4725,-64.402
2.4725,-64.405
2.4726,-64.411
2.4726,-64.419
2.4727,-64.421
2.4727,-64.421
2.4728,-64.424
2.4728,-64.425
2.4729,-64.428
2.4729,-64.432
2.473,-64.433
2.473,-64.437
2.4731,-64.437
2.4731,-64.443
2.4732,-64.446
2.4732,-64.446
2.4733,-64.445
2.4733,-64.447
2.4734,-64.443
2.4734,-64.437
2.4735,-64.429
2.4735,-64.418
2.4736,-64.415
2.4736,-64.414
2.4737,-64.414
2.4737,-64.414
2.4738,-64.412
2.4738,-64.409
2.4739,-64.405
2.4739,-64.397
2.474,-64.384
2.474,-64.37
2.4741,-64.357
2.4741,-64.354
2.4742,-64.354
2.4742,-64.352
2.4743,-64.347
2.4743,-64.341
2.4744,-64.334
2.4744,-64.334
2.4745,-64.326
2.4745,-64.32
2.4746,-64.315
2.4746,-64.31
2.4747,-64.306
2.4747,-64.297
2.4748,-64.289
2.4748,-64.289
2.4749,-64.282
2.4749,-64.273
2.475,-64.271
2.475,-64.26
2.4751,-64.24
2.4751,-64.227
2.4752,-64.215
2.4752,-64.2
2.4753,-64.182
2.4753,-64.154
2.4754,-64.143
2.4754,-64.132
2.4755,-64.123
2.4755,-64.119
2.4756,-64.11
2.4756,-64.104
2.4757,-64.095
2.4757,-64.087
2.4758,-64.081
2.4758,-64.064
2.4759,-64.046
2.4759,-64.03
2.476,-64.017
2.476,-64.012
2.4761,-64.01
2.4761,-64.008
2.4762,-64.003
2.4762,-64.003
2.4763,-64.003
2.4763,-64.004
2.4764,-64
2.4764,-63.998
2.4765,-63.995
2.4765,-63.993
2.4766,-63.996
2.4766,-63.996
2.4767,-63.993
2.4767,-63.993
2.4768,-63.992
2.4768,-63.994
2.4769,-63.996
2.4769,-63.996
2.477,-63.993
2.477,-63.994
2.4771,-63.995
2.4771,-63.993
2.4772,-63.991
2.4772,-63.987
2.4773,-63.985
2.4773,-63.986
2.4774,-63.987
2.4774,-63.992
2.4775,-63.992
2.4775,-63.988
2.4776,-63.981
2.4776,-63.964
2.4777,-63.969
2.4777,-63.978
2.4778,-63.953
2.4778,-63.932
2.4779,-63.946
2.4779,-63.958
2.478,-63.958
2.478,-63.942
2.4781,-63.961
2.4781,-63.961
2.4782,-63.97
2.4782,-63.97
2.4783,-63.98
2.4783,-63.975
2.4784,-63.978
2.4784,-63.977
2.4785,-63.98
2.4785,-63.98
2.4786,-63.98
2.4786,-63.98
2.4787,-63.98
2.4787,-63.987
2.4788,-63.98
2.4788,-63.98
2.4789,-63.989
2.4789,-63.99
2.479,-63.99
2.479,-63.996
2.4791,-64.002
2.4791,-64.001
2.4792,-64.006
2.4792,-64.008
2.4793,-64.023
2.4793,-64.029
2.4794,-64.033
2.4794,-64.033
2.4795,-64.043
2.4795,-64.05
2.4795,-64.047
2.4796,-64.051
2.4796,-64.059
2.4797,-64.053
2.4797,-64.056
2.4798,-64.044
2.4798,-64.028
2.4799,-64.016
2.4799,-64.011
2.48,-64.005
2.48,-63.996
2.4801,-63.984
2.4801,-63.974
2.4802,-63.965
2.4802,-63.958
2.4803,-63.945
2.4803,-63.942
2.4804,-63.945
2.4804,-63.945
2.4805,-63.942
2.4805,-63.935
2.4806,-63.93
2.4806,-63.924
2.4807,-63.924
2.4807,-63.92
2.4808,-63.914
2.4808,-63.918
2.4809,-63.917
2.4809,-63.918
2.481,-63.92
2.481,-63.925
2.4811,-63.931
2.4811,-63.933
2.4812,-63.93
2.4812,-63.932
2.4813,-63.932
2.4813,-63.928
2.4814,-63.928
2.4814,-63.933
2.4815,-63.933
2.4815,-63.941
2.4816,-63.943
2.4816,-63.944
2.4817,-63.948
2.4817,-63.952
2.4818,-63.95
2.4818,-63.948
2.4819,-63.948
2.4819,-63.942
2.482,-63.933
2.482,-63.929
2.4821,-63.929
2.4821,-63.923
2.4822,-63.913
2.4822,-63.913
2.4823,-63.914
2.4823,-63.916
2.4824,-63.925
2.4824,-63.93
2.4825,-63.932
2.4825,-63.929
2.4826,-63.93
2.4826,-63.934
2.4827,-63.934
2.4827,-63.93
2.4828,-63.929
2.4828,-63.929
2.4829,-63.934
2.4829,-63.937
2.483,-63.941
2.483,-63.946
2.4831,-63.945
2.4831,-63.947
2.4832,-63.949
2.4832,-63.957
2.4833,-63.957
2.4833,-63.958
2.4834,-63.973
2.4834,-63.984
2.4835,-63.984
2.4835,-63.984
2.4836,-63.984
2.4836,-63.993
2.4837,-63.996
2.4837,-64.006
2.4838,-64.016
2.4838,-64.021
2.4839,-64.024
2.4839,-64.028
2.484,-64.025
2.484,-64.019
2.4841,-64.019
2.4841,-64.022
2.4842,-64.027
2.4842,-64.027
2.4843,-64.034
2.4843,-64.048
2.4844,-64.044
2.4844,-64.063
2.4845,-64.07
2.4845,-64.07
2.4846,-64.067
2.4846,-64.078
2.4847,-64.074
2.4847,-64.074
2.4848,-64.089
2.4848,-64.093
2.4849,-64.096
2.4849,-64.096
2.485,-64.107
2.485,-64.121
2.4851,-64.119
2.4851,-64.113
2.4852,-64.116
2.4852,-64.123
2.4853,-64.127
2.4853,-64.132
2.4854,-64.144
2.4854,-64.157
2.4855,-64.166
2.4855,-64.173
2.4856,-64.177
2.4856,-64.183
2.4857,-64.185
2.4857,-64.185
2.4858,-64.191
2.4858,-64.191
2.4859,-64.194
2.4859,-64.194
2.486,-64.197
2.486,-64.208
2.4861,-64.215
2.4861,-64.219
2.4862,-64.225
2.4862,-64.229
2.4863,-64.231
2.4863,-64.238
2.4864,-64.243
2.4864,-64.251
2.4865,-64.26
2.4865,-64.262
2.4866,-64.263
2.4866,-64.267
2.4867,-64.279
2.4867,-64.286
2.4868,-64.282
2.4868,-64.286
2.4869,-64.294
2.4869,-64.3
2.487,-64.3
2.487,-64.303
2.4871,-64.31
2.4871,-64.337
2.4872,-64.37
2.4872,-64.381
2.4873,-64.386
2.4873,-64.391
2.4874,-64.399
2.4874,-64.408
2.4875,-64.415
2.4875,-64.419
2.4876,-64.428
2.4876,-64.437
2.4877,-64.442
2.4877,-64.448
2.4878,-64.448
2.4878,-64.45
2.4879,-64.457
2.4879,-64.457
2.488,-64.455
2.488,-64.458
2.4881,-64.46
2.4881,-64.451
2.4882,-64.448
2.4882,-64.46
2.4883,-64.466
2.4883,-64.479
2.4884,-64.489
2.4884,-64.482
2.4885,-64.478
2.4885,-64.476
2.4886,-64.479
2.4886,-64.479
2.4887,-64.486
2.4887,-64.488
2.4888,-64.489
2.4888,-64.494
2.4889,-64.499
2.4889,-64.504
2.489,-64.509
2.489,-64.515
2.4891,-64.525
2.4891,-64.538
2.4892,-64.543
2.4892,-64.54
2.4893,-64.542
2.4893,-64.542
2.4894,-64.544
2.4894,-64.545
2.4895,-64.547
2.4895,-64.547
2.4896,-64.549
2.4896,-64.55
2.4897,-64.554
2.4897,-64.56
2.4898,-64.571
2.4898,-64.581
2.4899,-64.584
2.4899,-64.582
2.49,-64.58
2.49,-64.579
2.4901,-64.579
2.4901,-64.579
2.4902,-64.584
2.4902,-64.588
2.4903,-64.592
2.4903,-64.592
2.4904,-64.592
2.4904,-64.598
2.4905,-64.603
2.4905,-64.604
2.4906,-64.605
2.4906,-64.614
2.4907,-64.614
2.4907,-64.62
2.4908,-64.621
2.4908,-64.621
2.4909,-64.62
2.4909,-64.62
2.491,-64.62
2.491,-64.621
2.4911,-64.624
2.4911,-64.629
2.4912,-64.63
2.4912,-64.63
2.4913,-64.631
2.4913,-64.628
2.4914,-64.622
2.4914,-64.614
2.4915,-64.614
2.4915,-64.614
2.4916,-64.614
2.4916,-64.611
2.4917,-64.607
2.4917,-64.61
2.4918,-64.608
2.4918,-64.601
2.4919,-64.593
2.4919,-64.592
2.492,-64.59
2.492,-64.589
2.4921,-64.588
2.4921,-64.588
2.4922,-64.585
2.4922,-64.589
2.4923,-64.591
2.4923,-64.591
2.4924,-64.595
2.4924,-64.597
2.4925,-64.594
2.4925,-64.601
2.4926,-64.601
2.4926,-64.596
2.4927,-64.598
2.4927,-64.605
2.4928,-64.604
2.4928,-64.604
2.4929,-64.604
2.4929,-64.602
2.493,-64.605
2.493,-64.609
2.4931,-64.608
2.4931,-64.606
2.4932,-64.61
2.4932,-64.613
2.4932,-64.609
2.4933,-64.605
2.4933,-64.608
2.4934,-64.608
2.4934,-64.609
2.4935,-64.611
2.4935,-64.61
2.4936,-64.606
2.4936,-64.6
2.4937,-64.601
2.4937,-64.601
2.4938,-64.601
2.4938,-64.6
2.4939,-64.598
2.4939,-64.602
2.494,-64.609
2.494,-64.62
2.4941,-64.608
2.4941,-64.608
2.4942,-64.62
2.4942,-64.627
2.4943,-64.624
2.4943,-64.611
2.4944,-64.608
2.4944,-64.607
2.4945,-64.612
2.4945,-64.61
2.4946,-64.595
2.4946,-64.574
2.4947,-64.558
2.4947,-64.549
2.4948,-64.546
2.4948,-64.551
2.4949,-64.544
2.4949,-64.537
2.495,-64.523
2.495,-64.515
2.4951,-64.508
2.4951,-64.494
2.4952,-64.483
2.4952,-64.474
2.4953,-64.471
2.4953,-64.469
2.4954,-64.469
2.4954,-64.462
2.4955,-64.455
2.4955,-64.448
2.4956,-64.439
2.4956,-64.439
2.4957,-64.435
2.4957,-64.43
2.4958,-64.418
2.4958,-64.409
2.4959,-64.398
2.4959,-64.398
2.496,-64.405
2.496,-64.394
2.4961,-64.386
2.4961,-64.395
2.4962,-64.395
2.4962,-64.392
2.4963,-64.392
2.4963,-64.396
2.4964,-64.392
2.4964,-64.389
2.4965,-64.378
2.4965,-64.369
2.4966,-64.375
2.4966,-64.376
2.4967,-64.367
2.4967,-64.362
2.4968,-64.361
2.4968,-64.358
2.4969,-64.354
2.4969,-64.35
2.497,-64.361
2.497,-64.363
2.4971,-64.36
2.4971,-64.373
2.4972,-64.373
2.4972,-64.378
2.4973,-64.378
2.4973,-64.378
2.4974,-64.378
2.4974,-64.377
2.4975,-64.379
2.4975,-64.379
2.4976,-64.376
2.4976,-64.379
2.4977,-64.386
2.4977,-64.397
2.4978,-64.398
2.4978,-64.403
2.4979,-64.405
2.4979,-64.407
2.498,-64.401
2.498,-64.405
2.4981,-64.421
2.4981,-64.408
2.4982,-64.376
2.4982,-64.377
2.4983,-64.379
2.4983,-64.381
2.4984,-64.381
2.4984,-64.379
2.4985,-64.381
2.4985,-64.383
2.4986,-64.382
2.4986,-64.383
2.4987,-64.381
2.4987,-64.381
2.4988,-64.384
2.4988,-64.386
2.4989,-64.387
2.4989,-64.388
2.499,-64.39
2.499,-64.399
2.4991,-64.407
2.4991,-64.416
2.4992,-64.418
2.4992,-64.421
2.4993,-64.428
2.4993,-64.433
2.4994,-64.437
2.4994,-64.443
2.4995,-64.437
2.4995,-64.437
2.4996,-64.441
2.4996,-64.444
2.4997,-64.452
2.4997,-64.453
2.4998,-64.45
2.4998,-64.442
2.4999,-64.436
2.4999,-64.438
2.5,-64.441
2.5,-64.436
2.5001,-64.432
2.5001,-64.422
2.5002,-64.415
2.5002,-64.414
2.5003,-64.414
2.5003,-64.412
2.5004,-64.411
2.5004,-64.408
2.5005,-64.408
2.5005,-64.408
2.5006,-64.406
2.5006,-64.403
2.5007,-64.4
2.5007,-64.4
2.5008,-64.398
2.5008,-64.396
2.5009,-64.393
2.5009,-64.395
2.501,-64.389
2.501,-64.389
2.5011,-64.395
2.5011,-64.398
2.5012,-64.402
2.5012,-64.402
2.5013,-64.394
2.5013,-64.389
2.5014,-64.398
2.5014,-64.395
2.5015,-64.391
2.5015,-64.373
2.5016,-64.354
2.5016,-64.347
2.5017,-64.347
2.5017,-64.35
2.5018,-64.345
2.5018,-64.339
2.5019,-64.335
2.5019,-64.336
2.502,-64.341
2.502,-64.346
2.5021,-64.348
2.5021,-64.357
2.5022,-64.36
2.5022,-64.367
2.5023,-64.371
2.5023,-64.372
2.5024,-64.373
2.5024,-64.373
2.5025,-64.374
2.5025,-64.375
2.5026,-64.373
2.5026,-64.376
2.5027,-64.376
2.5027,-64.375
2.5028,-64.371
2.5028,-64.37
2.5029,-64.371
2.5029,-64.371
2.503,-64.371
2.503,-64.371
2.5031,-64.375
2.5031,-64.377
2.5032,-64.375
2.5032,-64.372
2.5033,-64.376
2.5033,-64.373
2.5034,-64.377
2.5034,-64.374
2.5035,-64.377
2.5035,-64.381
2.5036,-64.381
2.5036,-64.386
2.5037,-64.389
2.5037,-64.383
2.5038,-64.388
2.5038,-64.396
2.5039,-64.4
2.5039,-64.408
2.504,-64.41
2.504,-64.412
2.5041,-64.421
2.5041,-64.424
2.5042,-64.433
2.5042,-64.435
2.5043,-64.441
2.5043,-64.453
2.5044,-64.473
2.5044,-64.489
2.5045,-64.495
2.5045,-64.501
2.5046,-64.508
2.5046,-64.518
2.5047,-64.526
2.5047,-64.529
2.5048,-64.531
2.5048,-64.537
2.5049,-64.547
2.5049,-64.547
2.505,-64.555
2.505,-64.554
2.5051,-64.554
2.5051,-64.549
2.5052,-64.553
2.5052,-64.553
2.5053,-64.553
2.5053,-64.553
2.5054,-64.55
2.5054,-64.547
2.5055,-64.548
2.5055,-64.547
2.5056,-64.548
2.5056,-64.549
2.5057,-64.548
2.5057,-64.549
2.5058,-64.551
2.5058,-64.548
2.5059,-64.55
2.5059,-64.551
2.506,-64.552
2.506,-64.552
2.5061,-64.556
2.5061,-64.553
2.5062,-64.562
2.5062,-64.561
2.5063,-64.563
2.5063,-64.568
2.5064,-64.567
2.5064,-64.571
2.5065,-64.573
2.5065,-64.574
2.5066,-64.577
2.5066,-64.582
2.5067,-64.582
2.5067,-64.584
2.5068,-64.587
2.5068,-64.588
2.5068,-64.585
2.5069,-64.585
2.5069,-64.588
2.507,-64.592
2.507,-64.595
2.5071,-64.593
2.5071,-64.592
2.5072,-64.584
2.5072,-64.584
2.5073,-64.585
2.5073,-64.576
2.5074,-64.579
2.5074,-64.583
2.5075,-64.585
2.5075,-64.585
2.5076,-64.58
2.5076,-64.579
2.5077,-64.579
2.5077,-64.579
2.5078,-64.579
2.5078,-64.58
2.5079,-64.58
2.5079,-64.575
2.508,-64.571
2.508,-64.567
2.5081,-64.562
2.5081,-64.559
2.5082,-64.555
2.5082,-64.552
2.5083,-64.549
2.5083,-64.549
2.5084,-64.547
2.5084,-64.546
2.5085,-64.549
2.5085,-64.549
2.5086,-64.552
2.5086,-64.555
2.5087,-64.553
2.5087,-64.553
2.5088,-64.556
2.5088,-64.559
2.5089,-64.557
2.5089,-64.56
2.509,-64.563
2.509,-64.564
2.5091,-64.554
2.5091,-64.545
2.5092,-64.543
2.5092,-64.537
2.5093,-64.533
2.5093,-64.535
2.5094,-64.531
2.5094,-64.511
2.5095,-64.489
2.5095,-64.484
2.5096,-64.484
2.5096,-64.483
2.5097,-64.486
2.5097,-64.478
2.5098,-64.469
2.5098,-64.424
2.5099,-64.412
2.5099,-64.403
2.51,-64.39
2.51,-64.379
2.5101,-64.376
2.5101,-64.372
2.5102,-64.367
2.5102,-64.358
2.5103,-64.367
2.5103,-64.374
2.5104,-64.375
2.5104,-64.369
2.5105,-64.368
2.5105,-64.367
2.5106,-64.372
2.5106,-64.376
2.5107,-64.379
2.5107,-64.381
2.5108,-64.385
2.5108,-64.387
2.5109,-64.389
2.5109,-64.389
2.511,-64.396
2.511,-64.396
2.5111,-64.396
2.5111,-64.402
2.5112,-64.403
2.5112,-64.402
2.5113,-64.402
2.5113,-64.404
2.5114,-64.403
2.5114,-64.402
2.5115,-64.404
2.5115,-64.405
2.5116,-64.405
2.5116,-64.412
2.5117,-64.42
2.5117,-64.422
2.5118,-64.422
2.5118,-64.42
2.5119,-64.428
2.5119,-64.439
2.512,-64.444
2.512,-64.45
2.5121,-64.453
2.5121,-64.458
2.5122,-64.462
2.5122,-64.468
2.5123,-64.47
2.5123,-64.473
2.5124,-64.482
2.5124,-64.49
2.5125,-64.492
2.5125,-64.49
2.5126,-64.489
2.5126,-64.489
2.5127,-64.492
2.5127,-64.5
2.5128,-64.502
2.5128,-64.498
2.5129,-64.493
2.5129,-64.489
2.513,-64.487
2.513,-64.486
2.5131,-64.485
2.5131,-64.481
2.5132,-64.481
2.5132,-64.473
2.5133,-64.465
2.5133,-64.456
2.5134,-64.456
2.5134,-64.456
2.5135,-64.456
2.5135,-64.45
2.5136,-64.446
2.5136,-64.443
2.5137,-64.432
2.5137,-64.421
2.5138,-64.415
2.5138,-64.415
2.5139,-64.415
2.5139,-64.415
2.514,-64.401
2.514,-64.379
2.5141,-64.368
2.5141,-64.365
2.5142,-64.369
2.5142,-64.367
2.5143,-64.374
2.5143,-64.374
2.5144,-64.378
2.5144,-64.388
2.5145,-64.389
2.5145,-64.389
2.5146,-64.389
2.5146,-64.389
2.5147,-64.392
2.5147,-64.399
2.5148,-64.405
2.5148,-64.408
2.5149,-64.412
2.5149,-64.415
2.515,-64.416
2.515,-64.42
2.5151,-64.428
2.5151,-64.429
2.5152,-64.437
2.5152,-64.442
2.5153,-64.446
2.5153,-64.449
2.5154,-64.452
2.5154,-64.457
2.5155,-64.466
2.5155,-64.472
2.5156,-64.473
2.5156,-64.47
2.5157,-64.475
2.5157,-64.482
2.5158,-64.487
2.5158,-64.49
2.5159,-64.492
2.5159,-64.492
2.516,-64.499
2.516,-64.502
2.5161,-64.5
2.5161,-64.505
2.5162,-64.496
2.5162,-64.5
2.5163,-64.502
2.5163,-64.502
2.5164,-64.503
2.5164,-64.5
2.5165,-64.505
2.5165,-64.508
2.5166,-64.508
2.5166,-64.508
2.5167,-64.503
2.5167,-64.51
2.5168,-64.511
2.5168,-64.512
2.5169,-64.515
2.5169,-64.515
2.517,-64.515
2.517,-64.524
2.5171,-64.533
2.5171,-64.533
2.5172,-64.54
2.5172,-64.549
2.5173,-64.56
2.5173,-64.564
2.5174,-64.567
2.5174,-64.573
2.5175,-64.577
2.5175,-64.58
2.5176,-64.582
2.5176,-64.588
2.5177,-64.592
2.5177,-64.592
2.5178,-64.597
2.5178,-64.599
2.5179,-64.601
2.5179,-64.603
2.518,-64.601
2.518,-64.599
2.5181,-64.602
2.5181,-64.601
2.5182,-64.593
2.5182,-64.579
2.5183,-64.565
2.5183,-64.551
2.5184,-64.538
2.5184,-64.54
2.5185,-64.542
2.5185,-64.54
2.5186,-64.536
2.5186,-64.531
2.5187,-64.531
2.5187,-64.531
2.5188,-64.536
2.5188,-64.54
2.5189,-64.536
2.5189,-64.531
2.519,-64.527
2.519,-64.526
2.5191,-64.527
2.5191,-64.518
2.5192,-64.506
2.5192,-64.5
2.5193,-64.499
2.5193,-64.484
2.5194,-64.46
2.5194,-64.429
2.5195,-64.396
2.5195,-64.389
2.5196,-64.386
2.5196,-64.386
2.5197,-64.385
2.5197,-64.383
2.5198,-64.382
2.5198,-64.383
2.5199,-64.383
2.5199,-64.383
2.52,-64.383
2.52,-64.386
2.5201,-64.387
2.5201,-64.389
2.5202,-64.389
2.5202,-64.396
2.5203,-64.402
2.5203,-64.406
2.5204,-64.408
2.5204,-64.406
2.5205,-64.403
2.5205,-64.406
2.5205,-64.411
2.5206,-64.413
2.5206,-64.416
2.5207,-64.42
2.5207,-64.423
2.5208,-64.432
2.5208,-64.434
2.5209,-64.438
2.5209,-64.437
2.521,-64.441
2.521,-64.451
2.5211,-64.46
2.5211,-64.463
2.5212,-64.459
2.5212,-64.455
2.5213,-64.461
2.5213,-64.473
2.5214,-64.479
2.5214,-64.481
2.5215,-64.483
2.5215,-64.481
2.5216,-64.483
2.5216,-64.483
2.5217,-64.483
2.5217,-64.483
2.5218,-64.483
2.5218,-64.48
2.5219,-64.475
2.5219,-64.475
2.522,-64.475
2.522,-64.47
2.5221,-64.466
2.5221,-64.466
2.5222,-64.466
2.5222,-64.463
2.5223,-64.462
2.5223,-64.46
2.5224,-64.455
2.5224,-64.444
2.5225,-64.437
2.5225,-64.429
2.5226,-64.428
2.5226,-64.427
2.5227,-64.42
2.5227,-64.409
2.5228,-64.402
2.5228,-64.398
2.5229,-64.395
2.5229,-64.384
2.523,-64.373
2.523,-64.363
2.5231,-64.354
2.5231,-64.348
2.5232,-64.346
2.5232,-64.342
2.5233,-64.334
2.5233,-64.328
2.5234,-64.328
2.5234,-64.316
2.5235,-64.305
2.5235,-64.301
2.5236,-64.296
2.5236,-64.289
2.5237,-64.289
2.5237,-64.286
2.5238,-64.28
2.5238,-64.27
2.5239,-64.27
2.5239,-64.268
2.524,-64.267
2.524,-64.263
2.5241,-64.262
2.5241,-64.263
2.5242,-64.263
2.5242,-64.263
2.5243,-64.259
2.5243,-64.259
2.5244,-64.26
2.5244,-64.264
2.5245,-64.267
2.5245,-64.27
2.5246,-64.27
2.5246,-64.271
2.5247,-64.273
2.5247,-64.274
2.5248,-64.275
2.5248,-64.28
2.5249,-64.286
2.5249,-64.288
2.525,-64.29
2.525,-64.29
2.5251,-64.289
2.5251,-64.289
2.5252,-64.289
2.5252,-64.289
2.5253,-64.286
2.5253,-64.286
2.5254,-64.287
2.5254,-64.287
2.5255,-64.289
2.5255,-64.296
2.5256,-64.296
2.5256,-64.296
2.5257,-64.296
2.5257,-64.296
2.5258,-64.294
2.5258,-64.292
2.5259,-64.289
2.5259,-64.287
2.526,-64.287
2.526,-64.289
2.5261,-64.29
2.5261,-64.295
2.5262,-64.293
2.5262,-64.295
2.5263,-64.297
2.5263,-64.297
2.5264,-64.29
2.5264,-64.29
2.5265,-64.293
2.5265,-64.297
2.5266,-64.302
2.5266,-64.297
2.5267,-64.301
2.5267,-64.299
2.5268,-64.3
2.5268,-64.3
2.5269,-64.299
2.5269,-64.299
2.527,-64.297
2.527,-64.297
2.5271,-64.296
2.5271,-64.289
2.5272,-64.283
2.5272,-64.287
2.5273,-64.283
2.5273,-64.281
2.5274,-64.276
2.5274,-64.276
2.5275,-64.275
2.5275,-64.264
2.5276,-64.258
2.5276,-64.267
2.5277,-64.264
2.5277,-64.259
2.5278,-64.264
2.5278,-64.272
2.5279,-64.273
2.5279,-64.273
2.528,-64.271
2.528,-64.271
2.5281,-64.273
2.5281,-64.275
2.5282,-64.275
2.5282,-64.273
2.5283,-64.282
2.5283,-64.287
2.5284,-64.295
2.5284,-64.305
2.5285,-64.314
2.5285,-64.319
2.5286,-64.322
2.5286,-64.328
2.5287,-64.336
2.5287,-64.344
2.5288,-64.347
2.5288,-64.348
2.5289,-64.36
2.5289,-64.367
2.529,-64.367
2.529,-64.367
2.5291,-64.372
2.5291,-64.378
2.5292,-64.379
2.5292,-64.384
2.5293,-64.389
2.5293,-64.389
2.5294,-64.39
2.5294,-64.398
2.5295,-64.41
2.5295,-64.415
2.5296,-64.417
2.5296,-64.424
2.5297,-64.429
2.5297,-64.43
2.5298,-64.431
2.5298,-64.431
2.5299,-64.439
2.5299,-64.448
2.53,-64.455
2.53,-64.463
2.5301,-64.468
2.5301,-64.474
2.5302,-64.482
2.5302,-64.489
2.5303,-64.496
2.5303,-64.503
2.5304,-64.506
2.5304,-64.511
2.5305,-64.516
2.5305,-64.517
2.5306,-64.515
2.5306,-64.515
2.5307,-64.514
2.5307,-64.515
2.5308,-64.515
2.5308,-64.524
2.5309,-64.517
2.5309,-64.512
2.531,-64.509
2.531,-64.516
2.5311,-64.512
2.5311,-64.512
2.5312,-64.517
2.5312,-64.521
2.5313,-64.516
2.5313,-64.523
2.5314,-64.527
2.5314,-64.528
2.5315,-64.531
2.5315,-64.531
2.5316,-64.532
2.5316,-64.538
2.5317,-64.54
2.5317,-64.542
2.5318,-64.537
2.5318,-64.544
2.5319,-64.553
2.5319,-64.558
2.532,-64.569
2.532,-64.574
2.5321,-64.574
2.5321,-64.576
2.5322,-64.573
2.5322,-64.574
2.5323,-64.578
2.5323,-64.587
2.5324,-64.593
2.5324,-64.6
2.5325,-64.606
2.5325,-64.611
2.5326,-64.614
2.5326,-64.62
2.5327,-64.621
2.5327,-64.627
2.5328,-64.633
2.5328,-64.634
2.5329,-64.636
2.5329,-64.64
2.533,-64.64
2.533,-64.641
2.5331,-64.646
2.5331,-64.652
2.5332,-64.646
2.5332,-64.641
2.5333,-64.646
2.5333,-64.655
2.5334,-64.655
2.5334,-64.655
2.5335,-64.657
2.5335,-64.656
2.5336,-64.651
2.5336,-64.647
2.5337,-64.647
2.5337,-64.647
2.5338,-64.647
2.5338,-64.645
2.5339,-64.643
2.5339,-64.634
2.534,-64.63
2.534,-64.623
2.5341,-64.622
2.5341,-64.611
2.5342,-64.599
2.5342,-64.582
2.5342,-64.576
2.5343,-64.569
2.5343,-64.569
2.5344,-64.567
2.5344,-64.566
2.5345,-64.568
2.5345,-64.572
2.5346,-64.572
2.5346,-64.572
2.5347,-64.562
2.5347,-64.55
2.5348,-64.541
2.5348,-64.534
2.5349,-64.529
2.5349,-64.527
2.535,-64.525
2.535,-64.527
2.5351,-64.528
2.5351,-64.527
2.5352,-64.524
2.5352,-64.518
2.5353,-64.515
2.5353,-64.515
2.5354,-64.515
2.5354,-64.513
2.5355,-64.513
2.5355,-64.515
2.5356,-64.521
2.5356,-64.521
2.5357,-64.521
2.5357,-64.528
2.5358,-64.528
2.5358,-64.531
2.5359,-64.537
2.5359,-64.537
2.536,-64.549
2.536,-64.557
2.5361,-64.56
2.5361,-64.56
2.5362,-64.566
2.5362,-64.571
2.5363,-64.573
2.5363,-64.577
2.5364,-64.581
2.5364,-64.582
2.5365,-64.584
2.5365,-64.585
2.5366,-64.589
2.5366,-64.59
2.5367,-64.593
2.5367,-64.594
2.5368,-64.598
2.5368,-64.608
2.5369,-64.613
2.5369,-64.616
2.537,-64.621
2.537,-64.622
2.5371,-64.63
2.5371,-64.637
2.5372,-64.64
2.5372,-64.64
2.5373,-64.641
2.5373,-64.645
2.5374,-64.642
2.5374,-64.645
2.5375,-64.645
2.5375,-64.653
2.5376,-64.655
2.5376,-64.662
2.5377,-64.662
2.5377,-64.669
2.5378,-64.67
2.5378,-64.67
2.5379,-64.67
2.5379,-64.67
2.538,-64.663
2.538,-64.661
2.5381,-64.661
2.5381,-64.669
2.5382,-64.675
2.5382,-64.677
2.5383,-64.68
2.5383,-64.683
2.5384,-64.682
2.5384,-64.679
2.5385,-64.675
2.5385,-64.675
2.5386,-64.669
2.5386,-64.664
2.5387,-64.656
2.5387,-64.656
2.5388,-64.653
2.5388,-64.651
2.5389,-64.65
2.5389,-64.645
2.539,-64.645
2.539,-64.649
2.5391,-64.65
2.5391,-64.641
2.5392,-64.637
2.5392,-64.641
2.5393,-64.645
2.5393,-64.645
2.5394,-64.641
2.5394,-64.63
2.5395,-64.611
2.5395,-64.608
2.5396,-64.608
2.5396,-64.608
2.5397,-64.608
2.5397,-64.608
2.5398,-64.608
2.5398,-64.607
2.5399,-64.603
2.5399,-64.604
2.54,-64.604
2.54,-64.605
2.5401,-64.608
2.5401,-64.608
2.5402,-64.611
2.5402,-64.609
2.5403,-64.606
2.5403,-64.601
2.5404,-64.596
2.5404,-64.594
2.5405,-64.594
2.5405,-64.594
2.5406,-64.593
2.5406,-64.592
2.5407,-64.589
2.5407,-64.592
2.5408,-64.592
2.5408,-64.589
2.5409,-64.585
2.5409,-64.585
2.541,-64.585
2.541,-64.585
2.5411,-64.585
2.5411,-64.587
2.5412,-64.589
2.5412,-64.587
2.5413,-64.589
2.5413,-64.589
2.5414,-64.59
2.5414,-64.59
2.5415,-64.59
2.5415,-64.592
2.5416,-64.591
2.5416,-64.591
2.5417,-64.591
2.5417,-64.591
2.5418,-64.591
2.5418,-64.591
2.5419,-64.592
2.5419,-64.598
2.542,-64.602
2.542,-64.607
2.5421,-64.611
2.5421,-64.611
2.5422,-64.611
2.5422,-64.614
2.5423,-64.617
2.5423,-64.614
2.5424,-64.619
2.5424,-64.621
2.5425,-64.623
2.5425,-64.623
2.5426,-64.63
2.5426,-64.641
2.5427,-64.643
2.5427,-64.651
2.5428,-64.66
2.5428,-64.663
2.5429,-64.677
2.5429,-64.691
2.543,-64.688
2.543,-64.697
2.5431,-64.705
2.5431,-64.712
2.5432,-64.723
2.5432,-64.724
2.5433,-64.724
2.5433,-64.724
2.5434,-64.724
2.5434,-64.724
2.5435,-64.724
2.5435,-64.724
2.5436,-64.724
2.5436,-64.724
2.5437,-64.724
2.5437,-64.724
2.5438,-64.724
2.5438,-64.723
2.5439,-64.722
2.5439,-64.722
2.544,-64.721
2.544,-64.721
2.5441,-64.721
2.5441,-64.721
2.5442,-64.721
2.5442,-64.721
2.5443,-64.712
2.5443,-64.704
2.5444,-64.701
2.5444,-64.695
2.5445,-64.683
2.5445,-64.659
2.5446,-64.627
2.5446,-64.621
2.5447,-64.614
2.5447,-64.609
2.5448,-64.608
2.5448,-64.608
2.5449,-64.601
2.5449,-64.596
2.545,-64.589
2.545,-64.587
2.5451,-64.579
2.5451,-64.567
2.5452,-64.55
2.5452,-64.539
2.5453,-64.534
2.5453,-64.527
2.5454,-64.52
2.5454,-64.51
2.5455,-64.5
2.5455,-64.489
2.5456,-64.479
2.5456,-64.465
2.5457,-64.449
2.5457,-64.439
2.5458,-64.436
2.5458,-64.437
2.5459,-64.435
2.5459,-64.434
2.546,-64.434
2.546,-64.44
2.5461,-64.445
2.5461,-64.451
2.5462,-64.455
2.5462,-64.455
2.5463,-64.455
2.5463,-64.457
2.5464,-64.46
2.5464,-64.461
2.5465,-64.462
2.5465,-64.462
2.5466,-64.459
2.5466,-64.46
2.5467,-64.453
2.5467,-64.451
2.5468,-64.457
2.5468,-64.46
2.5469,-64.46
2.5469,-64.462
2.547,-64.465
2.547,-64.467
2.5471,-64.468
2.5471,-64.47
2.5472,-64.476
2.5472,-64.481
2.5473,-64.474
2.5473,-64.47
2.5474,-64.475
2.5474,-64.486
2.5475,-64.498
2.5475,-64.499
2.5476,-64.499
2.5476,-64.499
2.5477,-64.505
2.5477,-64.502
2.5478,-64.502
2.5478,-64.503
2.5479,-64.508
2.5479,-64.508
2.5479,-64.509
2.548,-64.505
2.548,-64.505
2.5481,-64.504
2.5481,-64.505
2.5482,-64.505
2.5482,-64.509
2.5483,-64.514
2.5483,-64.514
2.5484,-64.514
2.5484,-64.509
2.5485,-64.511
2.5485,-64.515
2.5486,-64.511
2.5486,-64.506
2.5487,-64.506
2.5487,-64.506
2.5488,-64.511
2.5488,-64.515
2.5489,-64.515
2.5489,-64.509
2.549,-64.511
2.549,-64.512
2.5491,-64.517
2.5491,-64.517
2.5492,-64.516
2.5492,-64.516
2.5493,-64.516
2.5493,-64.516
2.5494,-64.516
2.5494,-64.516
2.5495,-64.516
2.5495,-64.516
2.5496,-64.518
2.5496,-64.518
2.5497,-64.516
2.5497,-64.511
2.5498,-64.511
2.5498,-64.511
2.5499,-64.508
2.5499,-64.505
2.55,-64.502
2.55,-64.502
2.5501,-64.504
2.5501,-64.504
2.5502,-64.504
2.5502,-64.502
2.5503,-64.498
2.5503,-64.498
2.5504,-64.502
2.5504,-64.502
2.5505,-64.505
2.5505,-64.507
2.5506,-64.511
2.5506,-64.514
2.5507,-64.514
2.5507,-64.514
2.5508,-64.509
2.5508,-64.509
2.5509,-64.508
2.5509,-64.51
2.551,-64.51
2.551,-64.508
2.5511,-64.508
2.5511,-64.508
2.5512,-64.509
2.5512,-64.506
2.5513,-64.5
2.5513,-64.499
2.5514,-64.499
2.5514,-64.503
2.5515,-64.506
2.5515,-64.507
2.5516,-64.508
2.5516,-64.518
2.5517,-64.529
2.5517,-64.529
2.5518,-64.535
2.5518,-64.537
2.5519,-64.537
2.5519,-64.54
2.552,-64.544
2.552,-64.547
2.5521,-64.547
2.5521,-64.55
2.5522,-64.553
2.5522,-64.56
2.5523,-64.564
2.5523,-64.566
2.5524,-64.564
2.5524,-64.568
2.5525,-64.575
2.5525,-64.582
2.5526,-64.585
2.5526,-64.589
2.5527,-64.595
2.5527,-64.601
2.5528,-64.611
2.5528,-64.62
2.5529,-64.621
2.5529,-64.62
2.553,-64.614
2.553,-64.614
2.5531,-64.614
2.5531,-64.614
2.5532,-64.614
2.5532,-64.62
2.5533,-64.622
2.5533,-64.63
2.5534,-64.637
2.5534,-64.63
2.5535,-64.624
2.5535,-64.611
2.5536,-64.6
2.5536,-64.593
2.5537,-64.593
2.5537,-64.593
2.5538,-64.593
2.5538,-64.587
2.5539,-64.587
2.5539,-64.587
2.554,-64.585
2.554,-64.587
2.5541,-64.589
2.5541,-64.589
2.5542,-64.589
2.5542,-64.589
2.5543,-64.589
2.5543,-64.592
2.5544,-64.594
2.5544,-64.594
2.5545,-64.594
2.5545,-64.598
2.5546,-64.608
2.5546,-64.618
2.5547,-64.626
2.5547,-64.631
2.5548,-64.627
2.5548,-64.626
2.5549,-64.627
2.5549,-64.625
2.555,-64.621
2.555,-64.618
2.5551,-64.618
2.5551,-64.618
2.5552,-64.619
2.5552,-64.618
2.5553,-64.611
2.5553,-64.598
2.5554,-64.599
2.5554,-64.604
2.5555,-64.605
2.5555,-64.605
2.5556,-64.608
2.5556,-64.611
2.5557,-64.613
2.5557,-64.613
2.5558,-64.613
2.5558,-64.613
2.5559,-64.614
2.5559,-64.621
2.556,-64.634
2.556,-64.637
2.5561,-64.632
2.5561,-64.637
2.5562,-64.639
2.5562,-64.64
2.5563,-64.642
2.5563,-64.645
2.5564,-64.645
2.5564,-64.65
2.5565,-64.653
2.5565,-64.655
2.5566,-64.654
2.5566,-64.653
2.5567,-64.648
2.5567,-64.654
2.5568,-64.656
2.5568,-64.656
2.5569,-64.653
2.5569,-64.653
2.557,-64.653
2.557,-64.654
2.5571,-64.655
2.5571,-64.655
2.5572,-64.655
2.5572,-64.656
2.5573,-64.658
2.5573,-64.658
2.5574,-64.658
2.5574,-64.658
2.5575,-64.664
2.5575,-64.673
2.5576,-64.685
2.5576,-64.685
2.5577,-64.688
2.5577,-64.69
2.5578,-64.694
2.5578,-64.693
2.5579,-64.692
2.5579,-64.695
2.558,-64.695
2.558,-64.695
2.5581,-64.696
2.5581,-64.696
2.5582,-64.699
2.5582,-64.699
2.5583,-64.699
2.5583,-64.698
2.5584,-64.691
2.5584,-64.693
2.5585,-64.689
2.5585,-64.692
2.5586,-64.697
2.5586,-64.698
2.5587,-64.698
2.5587,-64.702
2.5588,-64.707
2.5588,-64.711
2.5589,-64.714
2.5589,-64.717
2.559,-64.714
2.559,-64.713
2.5591,-64.71
2.5591,-64.708
2.5592,-64.708
2.5592,-64.707
2.5593,-64.707
2.5593,-64.711
2.5594,-64.717
2.5594,-64.712
2.5595,-64.714
2.5595,-64.717
2.5596,-64.717
2.5596,-64.724
2.5597,-64.73
2.5597,-64.723
2.5598,-64.721
2.5598,-64.722
2.5599,-64.722
2.5599,-64.727
2.56,-64.721
2.56,-64.717
2.5601,-64.711
2.5601,-64.717
2.5602,-64.724
2.5602,-64.721
2.5603,-64.714
2.5603,-64.708
2.5604,-64.708
2.5604,-64.711
2.5605,-64.715
2.5605,-64.721
2.5606,-64.716
2.5606,-64.716
2.5607,-64.719
2.5607,-64.719
2.5608,-64.721
2.5608,-64.716
2.5609,-64.717
2.5609,-64.717
2.561,-64.717
2.561,-64.709
2.5611,-64.703
2.5611,-64.699
2.5612,-64.696
2.5612,-64.695
2.5613,-64.693
2.5613,-64.688
2.5614,-64.682
2.5614,-64.688
2.5615,-64.688
2.5615,-64.68
2.5616,-64.686
2.5616,-64.687
2.5616,-64.685
2.5617,-64.683
2.5617,-64.683
2.5618,-64.68
2.5618,-64.669
2.5619,-64.675
2.5619,-64.667
2.562,-64.661
2.562,-64.657
2.5621,-64.649
2.5621,-64.649
2.5622,-64.653
2.5622,-64.652
2.5623,-64.647
2.5623,-64.646
2.5624,-64.649
2.5624,-64.659
2.5625,-64.666
2.5625,-64.661
2.5626,-64.651
2.5626,-64.644
2.5627,-64.643
2.5627,-64.646
2.5628,-64.641
2.5628,-64.634
2.5629,-64.628
2.5629,-64.619
2.563,-64.605
2.563,-64.601
2.5631,-64.593
2.5631,-64.587
2.5632,-64.577
2.5632,-64.568
2.5633,-64.564
2.5633,-64.556
2.5634,-64.55
2.5634,-64.559
2.5635,-64.567
2.5635,-64.572
2.5636,-64.575
2.5636,-64.576
2.5637,-64.569
2.5637,-64.569
2.5638,-64.569
2.5638,-64.569
2.5639,-64.565
2.5639,-64.567
2.564,-64.564
2.564,-64.563
2.5641,-64.56
2.5641,-64.563
2.5642,-64.563
2.5642,-64.554
2.5643,-64.543
2.5643,-64.537
2.5644,-64.531
2.5644,-64.527
2.5645,-64.522
2.5645,-64.522
2.5646,-64.517
2.5646,-64.514
2.5647,-64.511
2.5647,-64.509
2.5648,-64.502
2.5648,-64.493
2.5649,-64.487
2.5649,-64.488
2.565,-64.489
2.565,-64.489
2.5651,-64.485
2.5651,-64.481
2.5652,-64.484
2.5652,-64.488
2.5653,-64.488
2.5653,-64.484
2.5654,-64.479
2.5654,-64.464
2.5655,-64.453
2.5655,-64.453
2.5656,-64.45
2.5656,-64.45
2.5657,-64.45
2.5657,-64.448
2.5658,-64.441
2.5658,-64.441
2.5659,-64.441
2.5659,-64.437
2.566,-64.431
2.566,-64.431
2.5661,-64.424
2.5661,-64.424
2.5662,-64.428
2.5662,-64.437
2.5663,-64.437
2.5663,-64.44
2.5664,-64.442
2.5664,-64.435
2.5665,-64.433
2.5665,-64.43
2.5666,-64.423
2.5666,-64.416
2.5667,-64.408
2.5667,-64.408
2.5668,-64.414
2.5668,-64.42
2.5669,-64.42
2.5669,-64.419
2.567,-64.419
2.567,-64.419
2.5671,-64.427
2.5671,-64.432
2.5672,-64.432
2.5672,-64.436
2.5673,-64.428
2.5673,-64.428
2.5674,-64.422
2.5674,-64.418
2.5675,-64.413
2.5675,-64.421
2.5676,-64.425
2.5676,-64.429
2.5677,-64.429
2.5677,-64.429
2.5678,-64.426
2.5678,-64.432
2.5679,-64.435
2.5679,-64.435
2.568,-64.434
2.568,-64.436
2.5681,-64.438
2.5681,-64.445
2.5682,-64.455
2.5682,-64.463
2.5683,-64.473
2.5683,-64.48
2.5684,-64.485
2.5684,-64.492
2.5685,-64.499
2.5685,-64.501
2.5686,-64.517
2.5686,-64.534
2.5687,-64.537
2.5687,-64.534
2.5688,-64.517
2.5688,-64.502
2.5689,-64.505
2.5689,-64.528
2.569,-64.544
2.569,-64.549
2.5691,-64.554
2.5691,-64.55
2.5692,-64.54
2.5692,-64.529
2.5693,-64.525
2.5693,-64.524
2.5694,-64.521
2.5694,-64.516
2.5695,-64.52
2.5695,-64.525
2.5696,-64.516
2.5696,-64.505
2.5697,-64.497
2.5697,-64.486
2.5698,-64.458
2.5698,-64.426
2.5699,-64.419
2.5699,-64.407
2.57,-64.392
2.57,-64.392
2.5701,-64.395
2.5701,-64.398
2.5702,-64.397
2.5702,-64.396
2.5703,-64.392
2.5703,-64.389
2.5704,-64.392
2.5704,-64.392
2.5705,-64.392
2.5705,-64.389
2.5706,-64.387
2.5706,-64.385
2.5707,-64.386
2.5707,-64.387
2.5708,-64.387
2.5708,-64.384
2.5709,-64.381
2.5709,-64.378
2.571,-64.376
2.571,-64.376
2.5711,-64.373
2.5711,-64.37
2.5712,-64.361
2.5712,-64.353
2.5713,-64.35
2.5713,-64.347
2.5714,-64.343
2.5714,-64.341
2.5715,-64.338
2.5715,-64.326
2.5716,-64.313
2.5716,-64.3
2.5717,-64.292
2.5717,-64.292
2.5718,-64.297
2.5718,-64.299
2.5719,-64.299
2.5719,-64.299
2.572,-64.296
2.572,-64.298
2.5721,-64.298
2.5721,-64.305
2.5722,-64.311
2.5722,-64.312
2.5723,-64.319
2.5723,-64.329
2.5724,-64.331
2.5724,-64.334
2.5725,-64.334
2.5725,-64.33
2.5726,-64.327
2.5726,-64.325
2.5727,-64.321
2.5727,-64.329
2.5728,-64.329
2.5728,-64.329
2.5729,-64.325
2.5729,-64.325
2.573,-64.325
2.573,-64.328
2.5731,-64.305
2.5731,-64.294
2.5732,-64.283
2.5732,-64.266
2.5733,-64.217
2.5733,-64.183
2.5734,-64.108
2.5734,-64.076
2.5735,-64.069
2.5735,-64.073
2.5736,-64.071
2.5736,-64.071
2.5737,-64.071
2.5737,-64.071
2.5738,-64.072
2.5738,-64.076
2.5739,-64.076
2.5739,-64.064
2.574,-64.064
2.574,-64.051
2.5741,-64.051
2.5741,-64.056
2.5742,-64.058
2.5742,-64.059
2.5743,-64.061
2.5743,-64.067
2.5744,-64.075
2.5744,-64.075
2.5745,-64.075
2.5745,-64.075
2.5746,-64.075
2.5746,-64.077
2.5747,-64.07
2.5747,-64.077
2.5748,-64.093
2.5748,-64.103
2.5749,-64.1
2.5749,-64.093
2.575,-64.099
2.575,-64.112
2.5751,-64.128
2.5751,-64.138
2.5752,-64.145
2.5752,-64.15
2.5753,-64.151
2.5753,-64.161
2.5753,-64.161
2.5754,-64.154
2.5754,-64.164
2.5755,-64.18
2.5755,-64.18
2.5756,-64.18
2.5756,-64.183
2.5757,-64.188
2.5757,-64.193
2.5758,-64.199
2.5758,-64.203
2.5759,-64.209
2.5759,-64.214
2.576,-64.222
2.576,-64.217
2.5761,-64.214
2.5761,-64.213
2.5762,-64.205
2.5762,-64.199
2.5763,-64.196
2.5763,-64.195
2.5764,-64.188
2.5764,-64.181
2.5765,-64.173
2.5765,-64.159
2.5766,-64.167
2.5766,-64.18
2.5767,-64.184
2.5767,-64.189
2.5768,-64.192
2.5768,-64.202
2.5769,-64.219
2.5769,-64.225
2.577,-64.233
2.577,-64.241
2.5771,-64.246
2.5771,-64.255
2.5772,-64.269
2.5772,-64.283
2.5773,-64.301
2.5773,-64.316
2.5774,-64.322
2.5774,-64.331
2.5775,-64.338
2.5775,-64.339
2.5776,-64.335
2.5776,-64.336
2.5777,-64.338
2.5777,-64.345
2.5778,-64.362
2.5778,-64.374
2.5779,-64.39
2.5779,-64.41
2.578,-64.421
2.578,-64.429
2.5781,-64.432
2.5781,-64.432
2.5782,-64.433
2.5782,-64.44
2.5783,-64.449
2.5783,-64.453
2.5784,-64.466
2.5784,-64.479
2.5785,-64.479
2.5785,-64.481
2.5786,-64.499
2.5786,-64.518
2.5787,-64.524
2.5787,-64.531
2.5788,-64.54
2.5788,-64.549
2.5789,-64.55
2.5789,-64.551
2.579,-64.551
2.579,-64.556
2.5791,-64.56
2.5791,-64.566
2.5792,-64.573
2.5792,-64.575
2.5793,-64.582
2.5793,-64.582
2.5794,-64.591
2.5794,-64.597
2.5795,-64.6
2.5795,-64.6
2.5796,-64.605
2.5796,-64.605
2.5797,-64.608
2.5797,-64.614
2.5798,-64.617
2.5798,-64.619
2.5799,-64.62
2.5799,-64.623
2.58,-64.626
2.58,-64.634
2.5801,-64.643
2.5801,-64.647
2.5802,-64.651
2.5802,-64.644
2.5803,-64.638
2.5803,-64.638
2.5804,-64.644
2.5804,-64.638
2.5805,-64.634
2.5805,-64.63
2.5806,-64.633
2.5806,-64.637
2.5807,-64.642
2.5807,-64.639
2.5808,-64.637
2.5808,-64.632
2.5809,-64.635
2.5809,-64.63
2.581,-64.628
2.581,-64.628
2.5811,-64.631
2.5811,-64.633
2.5812,-64.634
2.5812,-64.635
2.5813,-64.64
2.5813,-64.649
2.5814,-64.652
2.5814,-64.656
2.5815,-64.659
2.5815,-64.665
2.5816,-64.663
2.5816,-64.663
2.5817,-64.659
2.5817,-64.653
2.5818,-64.651
2.5818,-64.649
2.5819,-64.648
2.5819,-64.647
2.582,-64.637
2.582,-64.624
2.5821,-64.618
2.5821,-64.616
2.5822,-64.612
2.5822,-64.607
2.5823,-64.6
2.5823,-64.595
2.5824,-64.592
2.5824,-64.587
2.5825,-64.584
2.5825,-64.576
2.5826,-64.573
2.5826,-64.567
2.5827,-64.563
2.5827,-64.563
2.5828,-64.56
2.5828,-64.559
2.5829,-64.552
2.5829,-64.552
2.583,-64.552
2.583,-64.55
2.5831,-64.548
2.5831,-64.534
2.5832,-64.521
2.5832,-64.508
2.5833,-64.499
2.5833,-64.49
2.5834,-64.488
2.5834,-64.486
2.5835,-64.465
2.5835,-64.413
2.5836,-64.408
2.5836,-64.402
2.5837,-64.391
2.5837,-64.396
2.5838,-64.401
2.5838,-64.392
2.5839,-64.389
2.5839,-64.386
2.584,-64.381
2.584,-64.375
2.5841,-64.376
2.5841,-64.37
2.5842,-64.368
2.5842,-64.368
2.5843,-64.371
2.5843,-64.371
2.5844,-64.368
2.5844,-64.367
2.5845,-64.367
2.5845,-64.358
2.5846,-64.352
2.5846,-64.35
2.5847,-64.345
2.5847,-64.343
2.5848,-64.34
2.5848,-64.337
2.5849,-64.337
2.5849,-64.335
2.585,-64.333
2.585,-64.33
2.5851,-64.321
2.5851,-64.315
2.5852,-64.315
2.5852,-64.311
2.5853,-64.294
2.5853,-64.269
2.5854,-64.246
2.5854,-64.241
2.5855,-64.236
2.5855,-64.228
2.5856,-64.223
2.5856,-64.223
2.5857,-64.223
2.5857,-64.223
2.5858,-64.22
2.5858,-64.218
2.5859,-64.22
2.5859,-64.224
2.586,-64.229
2.586,-64.229
2.5861,-64.229
2.5861,-64.222
2.5862,-64.222
2.5862,-64.222
2.5863,-64.219
2.5863,-64.216
2.5864,-64.214
2.5864,-64.211
2.5865,-64.211
2.5865,-64.211
2.5866,-64.214
2.5866,-64.218
2.5867,-64.224
2.5867,-64.227
2.5868,-64.228
2.5868,-64.234
2.5869,-64.238
2.5869,-64.242
2.587,-64.252
2.587,-64.269
2.5871,-64.282
2.5871,-64.283
2.5872,-64.285
2.5872,-64.289
2.5873,-64.289
2.5873,-64.285
2.5874,-64.285
2.5874,-64.289
2.5875,-64.293
2.5875,-64.299
2.5876,-64.299
2.5876,-64.302
2.5877,-64.307
2.5877,-64.31
2.5878,-64.31
2.5878,-64.307
2.5879,-64.302
2.5879,-64.302
2.588,-64.302
2.588,-64.302
2.5881,-64.302
2.5881,-64.294
2.5882,-64.287
2.5882,-64.276
2.5883,-64.276
2.5883,-64.274
2.5884,-64.259
2.5884,-64.251
2.5885,-64.251
2.5885,-64.254
2.5886,-64.254
2.5886,-64.254
2.5887,-64.25
2.5887,-64.241
2.5888,-64.232
2.5888,-64.229
2.5889,-64.224
2.5889,-64.216
2.589,-64.212
2.589,-64.212
2.589,-64.209
2.5891,-64.204
2.5891,-64.196
2.5892,-64.186
2.5892,-64.188
2.5893,-64.19
2.5893,-64.187
2.5894,-64.183
2.5894,-64.175
2.5895,-64.172
2.5895,-64.169
2.5896,-64.166
2.5896,-64.161
2.5897,-64.154
2.5897,-64.15
2.5898,-64.147
2.5898,-64.141
2.5899,-64.141
2.5899,-64.138
2.59,-64.134
2.59,-64.132
2.5901,-64.134
2.5901,-64.128
2.5902,-64.12
2.5902,-64.113
2.5903,-64.11
2.5903,-64.108
2.5904,-64.103
2.5904,-64.101
2.5905,-64.095
2.5905,-64.088
2.5906,-64.088
2.5906,-64.088
2.5907,-64.087
2.5907,-64.09
2.5908,-64.089
2.5908,-64.085
2.5909,-64.083
2.5909,-64.079
2.591,-64.07
2.591,-64.064
2.5911,-64.06
2.5911,-64.086
2.5912,-64.105
2.5912,-64.122
2.5913,-64.131
2.5913,-64.139
2.5914,-64.142
2.5914,-64.158
2.5915,-64.176
2.5915,-64.17
2.5916,-64.166
2.5916,-64.172
2.5917,-64.176
2.5917,-64.179
2.5918,-64.179
2.5918,-64.183
2.5919,-64.183
2.5919,-64.189
2.592,-64.196
2.592,-64.202
2.5921,-64.202
2.5921,-64.202
2.5922,-64.202
2.5922,-64.202
2.5923,-64.209
2.5923,-64.209
2.5924,-64.209
2.5924,-64.209
2.5925,-64.212
2.5925,-64.212
2.5926,-64.209
2.5926,-64.205
2.5927,-64.203
2.5927,-64.199
2.5928,-64.19
2.5928,-64.184
2.5929,-64.182
2.5929,-64.175
2.593,-64.167
2.593,-64.161
2.5931,-64.151
2.5931,-64.132
2.5932,-64.109
2.5932,-64.103
2.5933,-64.054
2.5933,-64.005
2.5934,-63.99
2.5934,-63.968
2.5935,-63.929
2.5935,-63.882
2.5936,-63.832
2.5936,-63.778
2.5937,-63.736
2.5937,-63.713
2.5938,-63.671
2.5938,-63.639
2.5939,-63.632
2.5939,-63.632
2.594,-63.63
2.594,-63.63
2.5941,-63.63
2.5941,-63.63
2.5942,-63.63
2.5942,-63.63
2.5943,-63.63
2.5943,-63.63
2.5944,-63.63
2.5944,-63.63
2.5945,-63.625
2.5945,-63.618
2.5946,-63.616
2.5946,-63.616
2.5947,-63.616
2.5947,-63.616
2.5948,-63.62
2.5948,-63.622
2.5949,-63.625
2.5949,-63.636
2.595,-63.648
2.595,-63.655
2.5951,-63.668
2.5951,-63.681
2.5952,-63.685
2.5952,-63.697
2.5953,-63.719
2.5953,-63.731
2.5954,-63.733
2.5954,-63.739
2.5955,-63.75
2.5955,-63.755
2.5956,-63.763
2.5956,-63.768
2.5957,-63.778
2.5957,-63.787
2.5958,-63.796
2.5958,-63.816
2.5959,-63.825
2.5959,-63.851
2.596,-63.881
2.596,-63.887
2.5961,-63.895
2.5961,-63.905
2.5962,-63.911
2.5962,-63.924
2.5963,-63.939
2.5963,-63.948
2.5964,-63.954
2.5964,-63.959
2.5965,-63.965
2.5965,-63.976
2.5966,-63.991
2.5966,-63.995
2.5967,-63.996
2.5967,-64.001
2.5968,-64.003
2.5968,-64.008
2.5969,-64.013
2.5969,-64.017
2.597,-64.017
2.597,-64.017
2.5971,-64.017
2.5971,-64.016
2.5972,-64.008
2.5972,-64.009
2.5973,-64.01
2.5973,-64.013
2.5974,-64.014
2.5974,-64.012
2.5975,-64.016
2.5975,-64.016
2.5976,-64.02
2.5976,-64.02
2.5977,-64.02
2.5977,-64.02
2.5978,-64.021
2.5978,-64.021
2.5979,-64.022
2.5979,-64.029
2.598,-64.032
2.598,-64.029
2.5981,-64.029
2.5981,-64.029
2.5982,-64.026
2.5982,-64.032
2.5983,-64.042
2.5983,-64.047
2.5984,-64.047
2.5984,-64.042
2.5985,-64.038
2.5985,-64.041
2.5986,-64.048
2.5986,-64.057
2.5987,-64.057
2.5987,-64.057
2.5988,-64.057
2.5988,-64.054
2.5989,-64.06
2.5989,-64.06
2.599,-64.058
2.599,-64.053
2.5991,-64.053
2.5991,-64.049
2.5992,-64.048
2.5992,-64.048
2.5993,-64.042
2.5993,-64.042
2.5994,-64.042
2.5994,-64.041
2.5995,-64.033
2.5995,-64.037
2.5996,-64.039
2.5996,-64.049
2.5997,-64.067
2.5997,-64.074
2.5998,-64.073
2.5998,-64.078
2.5999,-64.087
2.5999,-64.096
2.6,-64.101
2.6,-64.106
2.6001,-64.11
2.6001,-64.113
2.6002,-64.116
2.6002,-64.121
2.6003,-64.131
2.6003,-64.141
2.6004,-64.145
2.6004,-64.148
2.6005,-64.152
2.6005,-64.152
2.6006,-64.15
2.6006,-64.15
2.6007,-64.15
2.6007,-64.15
2.6008,-64.154
2.6008,-64.157
2.6009,-64.159
2.6009,-64.159
2.601,-64.159
2.601,-64.164
2.6011,-64.17
2.6011,-64.168
2.6012,-64.168
2.6012,-64.171
2.6013,-64.174
2.6013,-64.175
2.6014,-64.174
2.6014,-64.179
2.6015,-64.187
2.6015,-64.189
2.6016,-64.189
2.6016,-64.151
2.6017,-64.13
2.6017,-64.13
2.6018,-64.122
2.6018,-64.119
2.6019,-64.114
2.6019,-64.1
2.602,-64.088
2.602,-64.079
2.6021,-64.064
2.6021,-64.062
2.6022,-64.057
2.6022,-64.051
2.6023,-64.055
2.6023,-64.055
2.6024,-64.055
2.6024,-64.055
2.6025,-64.058
2.6025,-64.058
2.6026,-64.056
2.6026,-64.052
2.6027,-64.049
2.6027,-64.043
2.6027,-64.03
2.6028,-64.011
2.6028,-64
2.6029,-64.005
2.6029,-64.007
2.603,-64.011
2.603,-64.007
2.6031,-64.012
2.6031,-64.028
2.6032,-64.031
2.6032,-64.041
2.6033,-64.049
2.6033,-64.082
2.6034,-64.093
2.6034,-64.096
2.6035,-64.098
2.6035,-64.105
2.6036,-64.106
2.6036,-64.102
2.6037,-64.108
2.6037,-64.122
2.6038,-64.128
2.6038,-64.132
2.6039,-64.139
2.6039,-64.148
2.604,-64.149
2.604,-64.151
2.6041,-64.154
2.6041,-64.154
2.6042,-64.155
2.6042,-64.155
2.6043,-64.155
2.6043,-64.155
2.6044,-64.157
2.6044,-64.168
2.6045,-64.179
2.6045,-64.18
2.6046,-64.182
2.6046,-64.189
2.6047,-64.197
2.6047,-64.194
2.6048,-64.196
2.6048,-64.201
2.6049,-64.201
2.6049,-64.2
2.605,-64.2
2.605,-64.212
2.6051,-64.221
2.6051,-64.212
2.6052,-64.212
2.6052,-64.219
2.6053,-64.206
2.6053,-64.187
2.6054,-64.183
2.6054,-64.183
2.6055,-64.183
2.6055,-64.183
2.6056,-64.183
2.6056,-64.187
2.6057,-64.197
2.6057,-64.204
2.6058,-64.209
2.6058,-64.211
2.6059,-64.214
2.6059,-64.218
2.606,-64.218
2.606,-64.22
2.6061,-64.225
2.6061,-64.232
2.6062,-64.243
2.6062,-64.249
2.6063,-64.252
2.6063,-64.254
2.6064,-64.254
2.6064,-64.254
2.6065,-64.254
2.6065,-64.26
2.6066,-64.268
2.6066,-64.272
2.6067,-64.267
2.6067,-64.271
2.6068,-64.271
2.6068,-64.272
2.6069,-64.275
2.6069,-64.277
2.607,-64.279
2.607,-64.282
2.6071,-64.283
2.6071,-64.283
2.6072,-64.286
2.6072,-64.286
2.6073,-64.28
2.6073,-64.283
2.6074,-64.291
2.6074,-64.293
2.6075,-64.296
2.6075,-64.301
2.6076,-64.304
2.6076,-64.307
2.6077,-64.309
2.6077,-64.315
2.6078,-64.319
2.6078,-64.321
2.6079,-64.328
2.6079,-64.336
2.608,-64.336
2.608,-64.343
2.6081,-64.356
2.6081,-64.361
2.6082,-64.364
2.6082,-64.366
2.6083,-64.373
2.6083,-64.382
2.6084,-64.389
2.6084,-64.397
2.6085,-64.415
2.6085,-64.434
2.6086,-64.447
2.6086,-64.455
2.6087,-64.458
2.6087,-64.463
2.6088,-64.473
2.6088,-64.495
2.6089,-64.514
2.6089,-64.519
2.609,-64.524
2.609,-64.526
2.6091,-64.527
2.6091,-64.526
2.6092,-64.527
2.6092,-64.531
2.6093,-64.534
2.6093,-64.533
2.6094,-64.535
2.6094,-64.54
2.6095,-64.54
2.6095,-64.547
2.6096,-64.556
2.6096,-64.561
2.6097,-64.566
2.6097,-64.568
2.6098,-64.568
2.6098,-64.573
2.6099,-64.573
2.6099,-64.573
2.61,-64.574
2.61,-64.573
2.6101,-64.571
2.6101,-64.576
2.6102,-64.577
2.6102,-64.579
2.6103,-64.579
2.6103,-64.58
2.6104,-64.58
2.6104,-64.582
2.6105,-64.585
2.6105,-64.587
2.6106,-64.587
2.6106,-64.593
2.6107,-64.595
2.6107,-64.594
2.6108,-64.595
2.6108,-64.595
2.6109,-64.595
2.6109,-64.596
2.611,-64.596
2.611,-64.596
2.6111,-64.595
2.6111,-64.593
2.6112,-64.592
2.6112,-64.589
2.6113,-64.594
2.6113,-64.599
2.6114,-64.6
2.6114,-64.6
2.6115,-64.598
2.6115,-64.597
2.6116,-64.594
2.6116,-64.594
2.6117,-64.593
2.6117,-64.59
2.6118,-64.582
2.6118,-64.573
2.6119,-64.575
2.6119,-64.579
2.612,-64.587
2.612,-64.591
2.6121,-64.591
2.6121,-64.582
2.6122,-64.573
2.6122,-64.573
2.6123,-64.581
2.6123,-64.581
2.6124,-64.586
2.6124,-64.595
2.6125,-64.607
2.6125,-64.611
2.6126,-64.619
2.6126,-64.619
2.6127,-64.619
2.6127,-64.62
2.6128,-64.618
2.6128,-64.622
2.6129,-64.626
2.6129,-64.612
2.613,-64.611
2.613,-64.595
2.6131,-64.593
2.6131,-64.593
2.6132,-64.593
2.6132,-64.593
2.6133,-64.595
2.6133,-64.598
2.6134,-64.604
2.6134,-64.604
2.6135,-64.605
2.6135,-64.605
2.6136,-64.605
2.6136,-64.605
2.6137,-64.605
2.6137,-64.604
2.6138,-64.598
2.6138,-64.596
2.6139,-64.595
2.6139,-64.596
2.614,-64.596
2.614,-64.596
2.6141,-64.595
2.6141,-64.592
2.6142,-64.592
2.6142,-64.592
2.6143,-64.587
2.6143,-64.582
2.6144,-64.574
2.6144,-64.568
2.6145,-64.567
2.6145,-64.565
2.6146,-64.565
2.6146,-64.56
2.6147,-64.56
2.6147,-64.553
2.6148,-64.537
2.6148,-64.516
2.6149,-64.485
2.6149,-64.461
2.615,-64.454
2.615,-64.444
2.6151,-64.383
2.6151,-64.351
2.6152,-64.353
2.6152,-64.351
2.6153,-64.352
2.6153,-64.354
2.6154,-64.357
2.6154,-64.361
2.6155,-64.364
2.6155,-64.379
2.6156,-64.382
2.6156,-64.384
2.6157,-64.386
2.6157,-64.388
2.6158,-64.388
2.6158,-64.388
2.6159,-64.387
2.6159,-64.387
2.616,-64.385
2.616,-64.382
2.6161,-64.375
2.6161,-64.37
2.6162,-64.369
2.6162,-64.367
2.6163,-64.367
2.6163,-64.37
2.6164,-64.374
2.6164,-64.376
2.6164,-64.372
2.6165,-64.362
2.6165,-64.363
2.6166,-64.362
2.6166,-64.36
2.6167,-64.355
2.6167,-64.355
2.6168,-64.357
2.6168,-64.363
2.6169,-64.365
2.6169,-64.365
2.617,-64.349
2.617,-64.349
2.6171,-64.35
2.6171,-64.346
2.6172,-64.346
2.6172,-64.347
2.6173,-64.347
2.6173,-64.341
2.6174,-64.342
2.6174,-64.337
2.6175,-64.332
2.6175,-64.324
2.6176,-64.326
2.6176,-64.33
2.6177,-64.331
2.6177,-64.331
2.6178,-64.327
2.6178,-64.327
2.6179,-64.323
2.6179,-64.318
2.618,-64.313
2.618,-64.312
2.6181,-64.312
2.6181,-64.315
2.6182,-64.317
2.6182,-64.309
2.6183,-64.302
2.6183,-64.298
2.6184,-64.296
2.6184,-64.305
2.6185,-64.305
2.6185,-64.303
2.6186,-64.299
2.6186,-64.295
2.6187,-64.296
2.6187,-64.294
2.6188,-64.293
2.6188,-64.293
2.6189,-64.293
2.6189,-64.291
2.619,-64.291
2.619,-64.293
2.6191,-64.299
2.6191,-64.302
2.6192,-64.301
2.6192,-64.299
2.6193,-64.299
2.6193,-64.299
2.6194,-64.299
2.6194,-64.296
2.6195,-64.295
2.6195,-64.293
2.6196,-64.293
2.6196,-64.297
2.6197,-64.302
2.6197,-64.307
2.6198,-64.312
2.6198,-64.321
2.6199,-64.328
2.6199,-64.338
2.62,-64.354
2.62,-64.36
2.6201,-64.372
2.6201,-64.377
2.6202,-64.381
2.6202,-64.383
2.6203,-64.376
2.6203,-64.371
2.6204,-64.367
2.6204,-64.37
2.6205,-64.367
2.6205,-64.36
2.6206,-64.356
2.6206,-64.357
2.6207,-64.355
2.6207,-64.356
2.6208,-64.357
2.6208,-64.318
2.6209,-64.307
2.6209,-64.305
2.621,-64.307
2.621,-64.31
2.6211,-64.315
2.6211,-64.315
2.6212,-64.315
2.6212,-64.323
2.6213,-64.336
2.6213,-64.343
2.6214,-64.341
2.6214,-64.34
2.6215,-64.34
2.6215,-64.333
2.6216,-64.333
2.6216,-64.34
2.6217,-64.345
2.6217,-64.353
2.6218,-64.358
2.6218,-64.362
2.6219,-64.355
2.6219,-64.344
2.622,-64.34
2.622,-64.344
2.6221,-64.346
2.6221,-64.346
2.6222,-64.34
2.6222,-64.321
2.6223,-64.321
2.6223,-64.319
2.6224,-64.315
2.6224,-64.319
2.6225,-64.317
2.6225,-64.315
2.6226,-64.315
2.6226,-64.318
2.6227,-64.318
2.6227,-64.318
2.6228,-64.319
2.6228,-64.324
2.6229,-64.321
2.6229,-64.335
2.623,-64.355
2.623,-64.366
2.6231,-64.367
2.6231,-64.367
2.6232,-64.367
2.6232,-64.367
2.6233,-64.367
2.6233,-64.367
2.6234,-64.367
2.6234,-64.369
2.6235,-64.372
2.6235,-64.374
2.6236,-64.377
2.6236,-64.378
2.6237,-64.378
2.6237,-64.378
2.6238,-64.379
2.6238,-64.38
2.6239,-64.381
2.6239,-64.383
2.624,-64.383
2.624,-64.382
2.6241,-64.38
2.6241,-64.379
2.6242,-64.379
2.6242,-64.379
2.6243,-64.379
2.6243,-64.379
2.6244,-64.379
2.6244,-64.383
2.6245,-64.386
2.6245,-64.386
2.6246,-64.386
2.6246,-64.392
2.6247,-64.398
2.6247,-64.399
2.6248,-64.399
2.6248,-64.399
2.6249,-64.402
2.6249,-64.402
2.625,-64.404
2.625,-64.408
2.6251,-64.416
2.6251,-64.413
2.6252,-64.407
2.6252,-64.413
2.6253,-64.41
2.6253,-64.417
2.6254,-64.416
2.6254,-64.413
2.6255,-64.413
2.6255,-64.411
2.6256,-64.416
2.6256,-64.421
2.6257,-64.421
2.6257,-64.418
2.6258,-64.421
2.6258,-64.423
2.6259,-64.424
2.6259,-64.421
2.626,-64.42
2.626,-64.42
2.6261,-64.424
2.6261,-64.422
2.6262,-64.422
2.6262,-64.422
2.6263,-64.417
2.6263,-64.417
2.6264,-64.42
2.6264,-64.421
2.6265,-64.425
2.6265,-64.429
2.6266,-64.434
2.6266,-64.434
2.6267,-64.438
2.6267,-64.438
2.6268,-64.438
2.6268,-64.432
2.6269,-64.428
2.6269,-64.429
2.627,-64.428
2.627,-64.426
2.6271,-64.426
2.6271,-64.423
2.6272,-64.421
2.6272,-64.421
2.6273,-64.42
2.6273,-64.42
2.6274,-64.42
2.6274,-64.418
2.6275,-64.419
2.6275,-64.421
2.6276,-64.423
2.6276,-64.424
2.6277,-64.424
2.6277,-64.422
2.6278,-64.419
2.6278,-64.415
2.6279,-64.412
2.6279,-64.411
2.628,-64.408
2.628,-64.4
2.6281,-64.392
2.6281,-64.387
2.6282,-64.38
2.6282,-64.38
2.6283,-64.379
2.6283,-64.379
2.6284,-64.379
2.6284,-64.378
2.6285,-64.378
2.6285,-64.379
2.6286,-64.393
2.6286,-64.405
2.6287,-64.405
2.6287,-64.403
2.6288,-64.403
2.6288,-64.407
2.6289,-64.413
2.6289,-64.418
2.629,-64.419
2.629,-64.422
2.6291,-64.42
2.6291,-64.415
2.6292,-64.418
2.6292,-64.424
2.6293,-64.439
2.6293,-64.445
2.6294,-64.454
2.6294,-64.458
2.6295,-64.46
2.6295,-64.463
2.6296,-64.473
2.6296,-64.482
2.6297,-64.489
2.6297,-64.504
2.6298,-64.516
2.6298,-64.52
2.6299,-64.524
2.6299,-64.525
2.63,-64.529
2.63,-64.531
2.6301,-64.534
2.6301,-64.537
2.6301,-64.538
2.6302,-64.535
2.6302,-64.542
2.6303,-64.553
2.6303,-64.565
2.6304,-64.563
2.6304,-64.568
2.6305,-64.575
2.6305,-64.581
2.6306,-64.581
2.6306,-64.582
2.6307,-64.583
2.6307,-64.584
2.6308,-64.585
2.6308,-64.588
2.6309,-64.589
2.6309,-64.589
2.631,-64.593
2.631,-64.593
2.6311,-64.593
2.6311,-64.593
2.6312,-64.593
2.6312,-64.593
2.6313,-64.593
2.6313,-64.593
2.6314,-64.593
2.6314,-64.593
2.6315,-64.599
2.6315,-64.599
2.6316,-64.601
2.6316,-64.604
2.6317,-64.605
2.6317,-64.608
2.6318,-64.612
2.6318,-64.613
2.6319,-64.608
2.6319,-64.601
2.632,-64.594
2.632,-64.593
2.6321,-64.592
2.6321,-64.586
2.6322,-64.581
2.6322,-64.582
2.6323,-64.585
2.6323,-64.581
2.6324,-64.58
2.6324,-64.579
2.6325,-64.579
2.6325,-64.579
2.6326,-64.576
2.6326,-64.569
2.6327,-64.564
2.6327,-64.555
2.6328,-64.547
2.6328,-64.543
2.6329,-64.54
2.6329,-64.534
2.633,-64.528
2.633,-64.517
2.6331,-64.491
2.6331,-64.474
2.6332,-64.472
2.6332,-64.459
2.6333,-64.45
2.6333,-64.435
2.6334,-64.406
2.6334,-64.35
2.6335,-64.312
2.6335,-64.305
2.6336,-64.3
2.6336,-64.299
2.6337,-64.286
2.6337,-64.273
2.6338,-64.252
2.6338,-64.251
2.6339,-64.239
2.6339,-64.224
2.634,-64.212
2.634,-64.209
2.6341,-64.209
2.6341,-64.208
2.6342,-64.197
2.6342,-64.187
2.6343,-64.183
2.6343,-64.182
2.6344,-64.18
2.6344,-64.177
2.6345,-64.173
2.6345,-64.167
2.6346,-64.153
2.6346,-64.141
2.6347,-64.137
2.6347,-64.136
2.6348,-64.139
2.6348,-64.151
2.6349,-64.155
2.6349,-64.148
2.635,-64.152
2.635,-64.167
2.6351,-64.175
2.6351,-64.185
2.6352,-64.193
2.6352,-64.196
2.6353,-64.186
2.6353,-64.177
2.6354,-64.174
2.6354,-64.174
2.6355,-64.174
2.6355,-64.17
2.6356,-64.17
2.6356,-64.173
2.6357,-64.175
2.6357,-64.176
2.6358,-64.177
2.6358,-64.177
2.6359,-64.176
2.6359,-64.174
2.636,-64.17
2.636,-64.168
2.6361,-64.165
2.6361,-64.161
2.6362,-64.162
2.6362,-64.164
2.6363,-64.164
2.6363,-64.166
2.6364,-64.17
2.6364,-64.169
2.6365,-64.162
2.6365,-64.154
2.6366,-64.151
2.6366,-64.148
2.6367,-64.147
2.6367,-64.147
2.6368,-64.149
2.6368,-64.148
2.6369,-64.145
2.6369,-64.144
2.637,-64.15
2.637,-64.154
2.6371,-64.157
2.6371,-64.164
2.6372,-64.167
2.6372,-64.17
2.6373,-64.184
2.6373,-64.186
2.6374,-64.187
2.6374,-64.199
2.6375,-64.209
2.6375,-64.219
2.6376,-64.224
2.6376,-64.231
2.6377,-64.229
2.6377,-64.229
2.6378,-64.232
2.6378,-64.23
2.6379,-64.228
2.6379,-64.233
2.638,-64.233
2.638,-64.233
2.6381,-64.231
2.6381,-64.233
2.6382,-64.235
2.6382,-64.235
2.6383,-64.235
2.6383,-64.235
2.6384,-64.235
2.6384,-64.24
2.6385,-64.245
2.6385,-64.251
2.6386,-64.256
2.6386,-64.255
2.6387,-64.256
2.6387,-64.257
2.6388,-64.26
2.6388,-64.267
2.6389,-64.273
2.6389,-64.274
2.639,-64.27
2.639,-64.27
2.6391,-64.268
2.6391,-64.268
2.6392,-64.27
2.6392,-64.27
2.6393,-64.268
2.6393,-64.269
2.6394,-64.269
2.6394,-64.275
2.6395,-64.279
2.6395,-64.283
2.6396,-64.289
2.6396,-64.291
2.6397,-64.293
2.6397,-64.292
2.6398,-64.292
2.6398,-64.293
2.6399,-64.296
2.6399,-64.301
2.64,-64.301
2.64,-64.31
2.6401,-64.31
2.6401,-64.31
2.6402,-64.304
2.6402,-64.296
2.6403,-64.29
2.6403,-64.286
2.6404,-64.285
2.6404,-64.285
2.6405,-64.288
2.6405,-64.289
2.6406,-64.289
2.6406,-64.292
2.6407,-64.287
2.6407,-64.283
2.6408,-64.282
2.6408,-64.282
2.6409,-64.279
2.6409,-64.279
2.641,-64.28
2.641,-64.276
2.6411,-64.279
2.6411,-64.286
2.6412,-64.289
2.6412,-64.29
2.6413,-64.287
2.6413,-64.278
2.6414,-64.275
2.6414,-64.281
2.6415,-64.284
2.6415,-64.275
2.6416,-64.27
2.6416,-64.267
2.6417,-64.27
2.6417,-64.271
2.6418,-64.271
2.6418,-64.263
2.6419,-64.258
2.6419,-64.26
2.642,-64.259
2.642,-64.252
2.6421,-64.249
2.6421,-64.249
2.6422,-64.249
2.6422,-64.247
2.6423,-64.246
2.6423,-64.244
2.6424,-64.24
2.6424,-64.238
2.6425,-64.238
2.6425,-64.238
2.6426,-64.238
2.6426,-64.241
2.6427,-64.238
2.6427,-64.238
2.6428,-64.24
2.6428,-64.24
2.6429,-64.238
2.6429,-64.231
2.643,-64.222
2.643,-64.219
2.6431,-64.215
2.6431,-64.215
2.6432,-64.215
2.6432,-64.211
2.6433,-64.209
2.6433,-64.209
2.6434,-64.21
2.6434,-64.208
2.6435,-64.204
2.6435,-64.197
2.6436,-64.196
2.6436,-64.196
2.6437,-64.196
2.6437,-64.199
2.6438,-64.202
2.6438,-64.202
2.6438,-64.204
2.6439,-64.204
2.6439,-64.199
2.644,-64.199
2.644,-64.199
2.6441,-64.201
2.6441,-64.197
2.6442,-64.197
2.6442,-64.194
2.6443,-64.196
2.6443,-64.193
2.6444,-64.186
2.6444,-64.183
2.6445,-64.183
2.6445,-64.183
2.6446,-64.18
2.6446,-64.184
2.6447,-64.184
2.6447,-64.175
2.6448,-64.172
2.6448,-64.178
2.6449,-64.173
2.6449,-64.17
2.645,-64.16
2.645,-64.155
2.6451,-64.152
2.6451,-64.152
2.6452,-64.157
2.6452,-64.157
2.6453,-64.149
2.6453,-64.147
2.6454,-64.145
2.6454,-64.148
2.6455,-64.147
2.6455,-64.149
2.6456,-64.154
2.6456,-64.164
2.6457,-64.17
2.6457,-64.171
2.6458,-64.174
2.6458,-64.171
2.6459,-64.171
2.6459,-64.172
2.646,-64.171
2.646,-64.171
2.6461,-64.165
2.6461,-64.16
2.6462,-64.154
2.6462,-64.154
2.6463,-64.148
2.6463,-64.138
2.6464,-64.132
2.6464,-64.135
2.6465,-64.137
2.6465,-64.139
2.6466,-64.131
2.6466,-64.118
2.6467,-64.098
2.6467,-64.085
2.6468,-64.082
2.6468,-64.083
2.6469,-64.085
2.6469,-64.086
2.647,-64.087
2.647,-64.087
2.6471,-64.087
2.6471,-64.087
2.6472,-64.089
2.6472,-64.09
2.6473,-64.093
2.6473,-64.096
2.6474,-64.061
2.6474,-64.058
2.6475,-64.043
2.6475,-64.029
2.6476,-64.029
2.6476,-64.029
2.6477,-64.029
2.6477,-64.029
2.6478,-64.023
2.6478,-64.019
2.6479,-64.013
2.6479,-64.013
2.648,-64.009
2.648,-64.011
2.6481,-64.013
2.6481,-64.016
2.6482,-64.033
2.6482,-64.048
2.6483,-64.049
2.6483,-64.045
2.6484,-64.045
2.6484,-64.042
2.6485,-64.029
2.6485,-64.016
2.6486,-64.016
2.6486,-64.02
2.6487,-64.022
2.6487,-64.024
2.6488,-64.029
2.6488,-64.032
2.6489,-64.038
2.6489,-64.054
2.649,-64.068
2.649,-64.074
2.6491,-64.083
2.6491,-64.091
2.6492,-64.096
2.6492,-64.1
2.6493,-64.107
2.6493,-64.115
2.6494,-64.117
2.6494,-64.122
2.6495,-64.128
2.6495,-64.133
2.6496,-64.137
2.6496,-64.14
2.6497,-64.144
2.6497,-64.148
2.6498,-64.156
2.6498,-64.165
2.6499,-64.17
2.6499,-64.174
2.65,-64.184
2.65,-64.193
2.6501,-64.193
2.6501,-64.195
2.6502,-64.205
2.6502,-64.212
2.6503,-64.217
2.6503,-64.222
2.6504,-64.23
2.6504,-64.239
2.6505,-64.244
2.6505,-64.247
2.6506,-64.247
2.6506,-64.249
2.6507,-64.252
2.6507,-64.259
2.6508,-64.266
2.6508,-64.269
2.6509,-64.27
2.6509,-64.276
2.651,-64.281
2.651,-64.288
2.6511,-64.288
2.6511,-64.288
2.6512,-64.29
2.6512,-64.29
2.6513,-64.294
2.6513,-64.297
2.6514,-64.299
2.6514,-64.302
2.6515,-64.305
2.6515,-64.306
2.6516,-64.311
2.6516,-64.312
2.6517,-64.313
2.6517,-64.316
2.6518,-64.322
2.6518,-64.332
2.6519,-64.332
2.6519,-64.332
2.652,-64.325
2.652,-64.326
2.6521,-64.334
2.6521,-64.34
2.6522,-64.34
2.6522,-64.337
2.6523,-64.337
2.6523,-64.34
2.6524,-64.34
2.6524,-64.332
2.6525,-64.326
2.6525,-64.324
2.6526,-64.324
2.6526,-64.323
2.6527,-64.323
2.6527,-64.323
2.6528,-64.32
2.6528,-64.315
2.6529,-64.313
2.6529,-64.312
2.653,-64.312
2.653,-64.309
2.6531,-64.309
2.6531,-64.312
2.6532,-64.319
2.6532,-64.326
2.6533,-64.321
2.6533,-64.321
2.6534,-64.321
2.6534,-64.315
2.6535,-64.311
2.6535,-64.306
2.6536,-64.306
2.6536,-64.309
2.6537,-64.313
2.6537,-64.315
2.6538,-64.309
2.6538,-64.307
2.6539,-64.311
2.6539,-64.311
2.654,-64.313
2.654,-64.313
2.6541,-64.311
2.6541,-64.314
2.6542,-64.317
2.6542,-64.314
2.6543,-64.315
2.6543,-64.317
2.6544,-64.319
2.6544,-64.326
2.6545,-64.334
2.6545,-64.341
2.6546,-64.345
2.6546,-64.35
2.6547,-64.353
2.6547,-64.355
2.6548,-64.366
2.6548,-64.387
2.6549,-64.403
2.6549,-64.408
2.655,-64.412
2.655,-64.417
2.6551,-64.419
2.6551,-64.422
2.6552,-64.429
2.6552,-64.432
2.6553,-64.434
2.6553,-64.446
2.6554,-64.457
2.6554,-64.463
2.6555,-64.471
2.6555,-64.475
2.6556,-64.478
2.6556,-64.478
2.6557,-64.478
2.6557,-64.478
2.6558,-64.482
2.6558,-64.482
2.6559,-64.486
2.6559,-64.488
2.656,-64.486
2.656,-64.488
2.6561,-64.489
2.6561,-64.492
2.6562,-64.489
2.6562,-64.486
2.6563,-64.486
2.6563,-64.485
2.6564,-64.487
2.6564,-64.489
2.6565,-64.492
2.6565,-64.489
2.6566,-64.489
2.6566,-64.492
2.6567,-64.495
2.6567,-64.495
2.6568,-64.5
2.6568,-64.5
2.6569,-64.5
2.6569,-64.5
2.657,-64.506
2.657,-64.505
2.6571,-64.499
2.6571,-64.5
2.6572,-64.499
2.6572,-64.499
2.6573,-64.497
2.6573,-64.494
2.6574,-64.492
2.6574,-64.491
2.6575,-64.49
2.6575,-64.488
2.6575,-64.486
2.6576,-64.482
2.6576,-64.48
2.6577,-64.479
2.6577,-64.478
2.6578,-64.473
2.6578,-64.472
2.6579,-64.465
2.6579,-64.459
2.658,-64.456
2.658,-64.455
2.6581,-64.457
2.6581,-64.461
2.6582,-64.463
2.6582,-64.459
2.6583,-64.457
2.6583,-64.456
2.6584,-64.45
2.6584,-64.45
2.6585,-64.456
2.6585,-64.457
2.6586,-64.457
2.6586,-64.456
2.6587,-64.45
2.6587,-64.441
2.6588,-64.436
2.6588,-64.44
2.6589,-64.444
2.6589,-64.444
2.659,-64.44
2.659,-64.434
2.6591,-64.428
2.6591,-64.424
2.6592,-64.429
2.6592,-64.428
2.6593,-64.418
2.6593,-64.414
2.6594,-64.414
2.6594,-64.415
2.6595,-64.424
2.6595,-64.433
2.6596,-64.431
2.6596,-64.435
2.6597,-64.438
2.6597,-64.444
2.6598,-64.444
2.6598,-64.444
2.6599,-64.444
2.6599,-64.44
2.66,-64.439
2.66,-64.443
2.6601,-64.445
2.6601,-64.448
2.6602,-64.446
2.6602,-64.45
2.6603,-64.457
2.6603,-64.457
2.6604,-64.46
2.6604,-64.46
2.6605,-64.46
2.6605,-64.461
2.6606,-64.461
2.6606,-64.461
2.6607,-64.459
2.6607,-64.456
2.6608,-64.46
2.6608,-64.465
2.6609,-64.461
2.6609,-64.454
2.661,-64.453
2.661,-64.449
2.6611,-64.449
2.6611,-64.454
2.6612,-64.457
2.6612,-64.469
2.6613,-64.481
2.6613,-64.482
2.6614,-64.478
2.6614,-64.478
2.6615,-64.48
2.6615,-64.489
2.6616,-64.507
2.6616,-64.522
2.6617,-64.527
2.6617,-64.532
2.6618,-64.533
2.6618,-64.537
2.6619,-64.544
2.6619,-64.55
2.662,-64.55
2.662,-64.547
2.6621,-64.548
2.6621,-64.55
2.6622,-64.552
2.6622,-64.552
2.6623,-64.554
2.6623,-64.562
2.6624,-64.571
2.6624,-64.577
2.6625,-64.582
2.6625,-64.584
2.6626,-64.584
2.6626,-64.585
2.6627,-64.588
2.6627,-64.585
2.6628,-64.585
2.6628,-64.584
2.6629,-64.584
2.6629,-64.584
2.663,-64.587
2.663,-64.592
2.6631,-64.595
2.6631,-64.601
2.6632,-64.614
2.6632,-64.626
2.6633,-64.626
2.6633,-64.627
2.6634,-64.627
2.6634,-64.63
2.6635,-64.634
2.6635,-64.64
2.6636,-64.643
2.6636,-64.644
2.6637,-64.646
2.6637,-64.641
2.6638,-64.637
2.6638,-64.635
2.6639,-64.635
2.6639,-64.637
2.664,-64.631
2.664,-64.617
2.6641,-64.605
2.6641,-64.603
2.6642,-64.6
2.6642,-64.598
2.6643,-64.6
2.6643,-64.6
2.6644,-64.592
2.6644,-64.585
2.6645,-64.58
2.6645,-64.579
2.6646,-64.576
2.6646,-64.576
2.6647,-64.575
2.6647,-64.573
2.6648,-64.571
2.6648,-64.569
2.6649,-64.566
2.6649,-64.566
2.665,-64.563
2.665,-64.563
2.6651,-64.563
2.6651,-64.566
2.6652,-64.569
2.6652,-64.573
2.6653,-64.573
2.6653,-64.577
2.6654,-64.577
2.6654,-64.572
2.6655,-64.569
2.6655,-64.565
2.6656,-64.566
2.6656,-64.566
2.6657,-64.566
2.6657,-64.569
2.6658,-64.571
2.6658,-64.574
2.6659,-64.579
2.6659,-64.584
2.666,-64.585
2.666,-64.587
2.6661,-64.587
2.6661,-64.59
2.6662,-64.592
2.6662,-64.598
2.6663,-64.604
2.6663,-64.609
2.6664,-64.617
2.6664,-64.624
2.6665,-64.628
2.6665,-64.629
2.6666,-64.63
2.6666,-64.637
2.6667,-64.643
2.6667,-64.647
2.6668,-64.648
2.6668,-64.654
2.6669,-64.657
2.6669,-64.66
2.667,-64.662
2.667,-64.663
2.6671,-64.665
2.6671,-64.667
2.6672,-64.667
2.6672,-64.666
2.6673,-64.671
2.6673,-64.68
2.6674,-64.686
2.6674,-64.691
2.6675,-64.692
2.6675,-64.698
2.6676,-64.704
2.6676,-64.714
2.6677,-64.714
2.6677,-64.719
2.6678,-64.714
2.6678,-64.713
2.6679,-64.721
2.6679,-64.744
2.668,-64.761
2.668,-64.763
2.6681,-64.768
2.6681,-64.772
2.6682,-64.776
2.6682,-64.776
2.6683,-64.777
2.6683,-64.782
2.6684,-64.787
2.6684,-64.787
2.6685,-64.788
2.6685,-64.789
2.6686,-64.794
2.6686,-64.798
2.6687,-64.8
2.6687,-64.801
2.6688,-64.804
2.6688,-64.806
2.6689,-64.82
2.6689,-64.843
2.669,-64.847
2.669,-64.844
2.6691,-64.84
2.6691,-64.839
2.6692,-64.835
2.6692,-64.827
2.6693,-64.822
2.6693,-64.817
2.6694,-64.818
2.6694,-64.815
2.6695,-64.81
2.6695,-64.804
2.6696,-64.801
2.6696,-64.795
2.6697,-64.789
2.6697,-64.785
2.6698,-64.78
2.6698,-64.775
2.6699,-64.771
2.6699,-64.768
2.67,-64.743
2.67,-64.717
2.6701,-64.714
2.6701,-64.713
2.6702,-64.704
2.6702,-64.688
2.6703,-64.666
2.6703,-64.643
2.6704,-64.627
2.6704,-64.616
2.6705,-64.608
2.6705,-64.608
2.6706,-64.61
2.6706,-64.611
2.6707,-64.611
2.6707,-64.61
2.6708,-64.599
2.6708,-64.59
2.6709,-64.59
2.6709,-64.591
2.671,-64.589
2.671,-64.585
2.6711,-64.583
2.6711,-64.585
2.6712,-64.579
2.6712,-64.572
2.6712,-64.569
2.6713,-64.571
2.6713,-64.573
2.6714,-64.571
2.6714,-64.57
2.6715,-64.569
2.6715,-64.569
2.6716,-64.569
2.6716,-64.569
2.6717,-64.569
2.6717,-64.569
2.6718,-64.566
2.6718,-64.566
2.6719,-64.563
2.6719,-64.563
2.672,-64.561
2.672,-64.559
2.6721,-64.556
2.6721,-64.555
2.6722,-64.554
2.6722,-64.553
2.6723,-64.553
2.6723,-64.556
2.6724,-64.56
2.6724,-64.557
2.6725,-64.56
2.6725,-64.553
2.6726,-64.55
2.6726,-64.55
2.6727,-64.551
2.6727,-64.551
2.6728,-64.55
2.6728,-64.542
2.6729,-64.543
2.6729,-64.543
2.673,-64.536
2.673,-64.531
2.6731,-64.521
2.6731,-64.515
2.6732,-64.517
2.6732,-64.521
2.6733,-64.524
2.6733,-64.527
2.6734,-64.527
2.6734,-64.525
2.6735,-64.524
2.6735,-64.527
2.6736,-64.526
2.6736,-64.524
2.6737,-64.521
2.6737,-64.516
2.6738,-64.51
2.6738,-64.506
2.6739,-64.509
2.6739,-64.509
2.674,-64.509
2.674,-64.509
2.6741,-64.509
2.6741,-64.512
2.6742,-64.515
2.6742,-64.521
2.6743,-64.525
2.6743,-64.52
2.6744,-64.509
2.6744,-64.516
2.6745,-64.52
2.6745,-64.521
2.6746,-64.523
2.6746,-64.523
2.6747,-64.523
2.6747,-64.523
2.6748,-64.523
2.6748,-64.527
2.6749,-64.529
2.6749,-64.529
2.675,-64.529
2.675,-64.535
2.6751,-64.54
2.6751,-64.546
2.6752,-64.546
2.6752,-64.546
2.6753,-64.551
2.6753,-64.551
2.6754,-64.55
2.6754,-64.55
2.6755,-64.551
2.6755,-64.552
2.6756,-64.553
2.6756,-64.555
2.6757,-64.557
2.6757,-64.556
2.6758,-64.557
2.6758,-64.559
2.6759,-64.561
2.6759,-64.566
2.676,-64.576
2.676,-64.584
2.6761,-64.592
2.6761,-64.596
2.6762,-64.598
2.6762,-64.6
2.6763,-64.601
2.6763,-64.607
2.6764,-64.614
2.6764,-64.623
2.6765,-64.63
2.6765,-64.632
2.6766,-64.64
2.6766,-64.65
2.6767,-64.648
2.6767,-64.648
2.6768,-64.654
2.6768,-64.654
2.6769,-64.656
2.6769,-64.659
2.677,-64.665
2.677,-64.674
2.6771,-64.683
2.6771,-64.682
2.6772,-64.679
2.6772,-64.682
2.6773,-64.69
2.6773,-64.691
2.6774,-64.688
2.6774,-64.69
2.6775,-64.695
2.6775,-64.695
2.6776,-64.695
2.6776,-64.696
2.6777,-64.701
2.6777,-64.704
2.6778,-64.708
2.6778,-64.708
2.6779,-64.709
2.6779,-64.711
2.678,-64.71
2.678,-64.711
2.6781,-64.711
2.6781,-64.714
2.6782,-64.718
2.6782,-64.725
2.6783,-64.725
2.6783,-64.725
2.6784,-64.722
2.6784,-64.717
2.6785,-64.715
2.6785,-64.718
2.6786,-64.718
2.6786,-64.721
2.6787,-64.727
2.6787,-64.732
2.6788,-64.737
2.6788,-64.734
2.6789,-64.735
2.6789,-64.741
2.679,-64.748
2.679,-64.751
2.6791,-64.751
2.6791,-64.758
2.6792,-64.768
2.6792,-64.775
2.6793,-64.782
2.6793,-64.783
2.6794,-64.784
2.6794,-64.786
2.6795,-64.788
2.6795,-64.791
2.6796,-64.792
2.6796,-64.792
2.6797,-64.791
2.6797,-64.788
2.6798,-64.789
2.6798,-64.79
2.6799,-64.79
2.6799,-64.79
2.68,-64.792
2.68,-64.795
2.6801,-64.796
2.6801,-64.794
2.6802,-64.788
2.6802,-64.781
2.6803,-64.775
2.6803,-64.772
2.6804,-64.768
2.6804,-64.765
2.6805,-64.763
2.6805,-64.763
2.6806,-64.763
2.6806,-64.762
2.6807,-64.761
2.6807,-64.759
2.6808,-64.759
2.6808,-64.761
2.6809,-64.762
2.6809,-64.762
2.681,-64.768
2.681,-64.774
2.6811,-64.775
2.6811,-64.775
2.6812,-64.774
2.6812,-64.77
2.6813,-64.766
2.6813,-64.775
2.6814,-64.784
2.6814,-64.782
2.6815,-64.775
2.6815,-64.762
2.6816,-64.769
2.6816,-64.772
2.6817,-64.763
2.6817,-64.75
2.6818,-64.743
2.6818,-64.747
2.6819,-64.744
2.6819,-64.741
2.682,-64.75
2.682,-64.75
2.6821,-64.739
2.6821,-64.734
2.6822,-64.727
2.6822,-64.735
2.6823,-64.734
2.6823,-64.738
2.6824,-64.729
2.6824,-64.722
2.6825,-64.706
2.6825,-64.701
2.6826,-64.695
2.6826,-64.697
2.6827,-64.697
2.6827,-64.697
2.6828,-64.691
2.6828,-64.689
2.6829,-64.685
2.6829,-64.682
2.683,-64.679
2.683,-64.676
2.6831,-64.675
2.6831,-64.674
2.6832,-64.668
2.6832,-64.663
2.6833,-64.663
2.6833,-64.663
2.6834,-64.662
2.6834,-64.671
2.6835,-64.671
2.6835,-64.671
2.6836,-64.662
2.6836,-64.662
2.6837,-64.664
2.6837,-64.673
2.6838,-64.682
2.6838,-64.673
2.6839,-64.658
2.6839,-64.653
2.684,-64.653
2.684,-64.653
2.6841,-64.656
2.6841,-64.666
2.6842,-64.676
2.6842,-64.678
2.6843,-64.678
2.6843,-64.676
2.6844,-64.679
2.6844,-64.672
2.6845,-64.663
2.6845,-64.663
2.6846,-64.673
2.6846,-64.678
2.6847,-64.675
2.6847,-64.668
2.6848,-64.666
2.6848,-64.66
2.6849,-64.657
2.6849,-64.653
2.6849,-64.651
2.685,-64.652
2.685,-64.65
2.6851,-64.648
2.6851,-64.65
2.6852,-64.647
2.6852,-64.65
2.6853,-64.655
2.6853,-64.658
2.6854,-64.658
2.6854,-64.657
2.6855,-64.658
2.6855,-64.657
2.6856,-64.658
2.6856,-64.658
2.6857,-64.661
2.6857,-64.661
2.6858,-64.661
2.6858,-64.667
2.6859,-64.667
2.6859,-64.67
2.686,-64.669
2.686,-64.677
2.6861,-64.681
2.6861,-64.681
2.6862,-64.681
2.6862,-64.678
2.6863,-64.685
2.6863,-64.694
2.6864,-64.703
2.6864,-64.711
2.6865,-64.728
2.6865,-64.737
2.6866,-64.738
2.6866,-64.737
2.6867,-64.742
2.6867,-64.743
2.6868,-64.74
2.6868,-64.739
2.6869,-64.739
2.6869,-64.739
2.687,-64.739
2.687,-64.737
2.6871,-64.738
2.6871,-64.738
2.6872,-64.743
2.6872,-64.743
2.6873,-64.744
2.6873,-64.744
2.6874,-64.744
2.6874,-64.744
2.6875,-64.744
2.6875,-64.743
2.6876,-64.744
2.6876,-64.747
2.6877,-64.747
2.6877,-64.748
2.6878,-64.746
2.6878,-64.747
2.6879,-64.748
2.6879,-64.746
2.688,-64.746
2.688,-64.744
2.6881,-64.743
2.6881,-64.741
2.6882,-64.74
2.6882,-64.734
2.6883,-64.729
2.6883,-64.728
2.6884,-64.728
2.6884,-64.732
2.6885,-64.737
2.6885,-64.737
2.6886,-64.737
2.6886,-64.732
2.6887,-64.727
2.6887,-64.727
2.6888,-64.726
2.6888,-64.724
2.6889,-64.722
2.6889,-64.718
2.689,-64.707
2.689,-64.687
2.6891,-64.666
2.6891,-64.656
2.6892,-64.639
2.6892,-64.635
2.6893,-64.636
2.6893,-64.637
2.6894,-64.637
2.6894,-64.635
2.6895,-64.635
2.6895,-64.632
2.6896,-64.628
2.6896,-64.621
2.6897,-64.614
2.6897,-64.608
2.6898,-64.607
2.6898,-64.605
2.6899,-64.605
2.6899,-64.605
2.69,-64.605
2.69,-64.6
2.6901,-64.6
2.6901,-64.593
2.6902,-64.582
2.6902,-64.573
2.6903,-64.572
2.6903,-64.571
2.6904,-64.563
2.6904,-64.56
2.6905,-64.556
2.6905,-64.554
2.6906,-64.55
2.6906,-64.544
2.6907,-64.538
2.6907,-64.538
2.6908,-64.537
2.6908,-64.533
2.6909,-64.528
2.6909,-64.528
2.691,-64.521
2.691,-64.515
2.6911,-64.51
2.6911,-64.498
2.6912,-64.497
2.6912,-64.487
2.6913,-64.466
2.6913,-64.441
2.6914,-64.439
2.6914,-64.43
2.6915,-64.42
2.6915,-64.42
2.6916,-64.414
2.6916,-64.412
2.6917,-64.41
2.6917,-64.403
2.6918,-64.397
2.6918,-64.392
2.6919,-64.389
2.6919,-64.389
2.692,-64.389
2.692,-64.389
2.6921,-64.389
2.6921,-64.385
2.6922,-64.374
2.6922,-64.36
2.6923,-64.366
2.6923,-64.366
2.6924,-64.37
2.6924,-64.377
2.6925,-64.377
2.6925,-64.377
2.6926,-64.377
2.6926,-64.376
2.6927,-64.377
2.6927,-64.379
2.6928,-64.383
2.6928,-64.388
2.6929,-64.39
2.6929,-64.393
2.693,-64.399
2.693,-64.406
2.6931,-64.411
2.6931,-64.412
2.6932,-64.416
2.6932,-64.421
2.6933,-64.421
2.6933,-64.432
2.6934,-64.44
2.6934,-64.447
2.6935,-64.446
2.6935,-64.45
2.6936,-64.463
2.6936,-64.476
2.6937,-64.476
2.6937,-64.482
2.6938,-64.492
2.6938,-64.5
2.6939,-64.502
2.6939,-64.504
2.694,-64.509
2.694,-64.514
2.6941,-64.522
2.6941,-64.524
2.6942,-64.531
2.6942,-64.539
2.6943,-64.54
2.6943,-64.544
2.6944,-64.548
2.6944,-64.55
2.6945,-64.552
2.6945,-64.553
2.6946,-64.556
2.6946,-64.56
2.6947,-64.57
2.6947,-64.574
2.6948,-64.576
2.6948,-64.579
2.6949,-64.585
2.6949,-64.585
2.695,-64.585
2.695,-64.594
2.6951,-64.602
2.6951,-64.607
2.6952,-64.613
2.6952,-64.61
2.6953,-64.616
2.6953,-64.616
2.6954,-64.613
2.6954,-64.613
2.6955,-64.613
2.6955,-64.61
2.6956,-64.605
2.6956,-64.605
2.6957,-64.603
2.6957,-64.602
2.6958,-64.605
2.6958,-64.598
2.6959,-64.595
2.6959,-64.594
2.696,-64.598
2.696,-64.596
2.6961,-64.597
2.6961,-64.598
2.6962,-64.598
2.6962,-64.598
2.6963,-64.599
2.6963,-64.603
2.6964,-64.605
2.6964,-64.607
2.6965,-64.608
2.6965,-64.612
2.6966,-64.611
2.6966,-64.613
2.6967,-64.614
2.6967,-64.615
2.6968,-64.62
2.6968,-64.624
2.6969,-64.626
2.6969,-64.626
2.697,-64.63
2.697,-64.637
2.6971,-64.642
2.6971,-64.645
2.6972,-64.64
2.6972,-64.64
2.6973,-64.645
2.6973,-64.65
2.6974,-64.652
2.6974,-64.652
2.6975,-64.656
2.6975,-64.658
2.6976,-64.661
2.6976,-64.661
2.6977,-64.661
2.6977,-64.666
2.6978,-64.672
2.6978,-64.671
2.6979,-64.676
2.6979,-64.682
2.698,-64.701
2.698,-64.721
2.6981,-64.73
2.6981,-64.742
2.6982,-64.746
2.6982,-64.746
2.6983,-64.75
2.6983,-64.758
2.6984,-64.767
2.6984,-64.767
2.6985,-64.767
2.6985,-64.775
2.6986,-64.782
2.6986,-64.784
2.6986,-64.785
2.6987,-64.788
2.6987,-64.792
2.6988,-64.797
2.6988,-64.801
2.6989,-64.798
2.6989,-64.799
2.699,-64.805
2.699,-64.807
2.6991,-64.809
2.6991,-64.809
2.6992,-64.804
2.6992,-64.795
2.6993,-64.788
2.6993,-64.785
2.6994,-64.785
2.6994,-64.783
2.6995,-64.783
2.6995,-64.784
2.6996,-64.783
2.6996,-64.784
2.6997,-64.791
2.6997,-64.791
2.6998,-64.791
2.6998,-64.801
2.6999,-64.806
2.6999,-64.819
2.7,-64.81
2.7,-64.81
2.7001,-64.814
2.7001,-64.822
2.7002,-64.817
2.7002,-64.811
2.7003,-64.811
2.7003,-64.813
2.7004,-64.813
2.7004,-64.811
2.7005,-64.809
2.7005,-64.808
2.7006,-64.808
2.7006,-64.807
2.7007,-64.804
2.7007,-64.804
2.7008,-64.804
2.7008,-64.804
2.7009,-64.809
2.7009,-64.81
2.701,-64.81
2.701,-64.81
2.7011,-64.811
2.7011,-64.81
2.7012,-64.809
2.7012,-64.807
2.7013,-64.807
2.7013,-64.803
2.7014,-64.8
2.7014,-64.8
2.7015,-64.801
2.7015,-64.798
2.7016,-64.797
2.7016,-64.79
2.7017,-64.787
2.7017,-64.783
2.7018,-64.782
2.7018,-64.775
2.7019,-64.771
2.7019,-64.768
2.702,-64.768
2.702,-64.768
2.7021,-64.768
2.7021,-64.76
2.7022,-64.757
2.7022,-64.757
2.7023,-64.753
2.7023,-64.75
2.7024,-64.75
2.7024,-64.748
2.7025,-64.744
2.7025,-64.746
2.7026,-64.746
2.7026,-64.743
2.7027,-64.74
2.7027,-64.744
2.7028,-64.747
2.7028,-64.747
2.7029,-64.743
2.7029,-64.743
2.703,-64.745
2.703,-64.747
2.7031,-64.744
2.7031,-64.743
2.7032,-64.746
2.7032,-64.745
2.7033,-64.748
2.7033,-64.75
2.7034,-64.75
2.7034,-64.739
2.7035,-64.735
2.7035,-64.739
2.7036,-64.743
2.7036,-64.743
2.7037,-64.743
2.7037,-64.74
2.7038,-64.743
2.7038,-64.749
2.7039,-64.759
2.7039,-64.768
2.704,-64.759
2.704,-64.756
2.7041,-64.751
2.7041,-64.748
2.7042,-64.75
2.7042,-64.75
2.7043,-64.751
2.7043,-64.752
2.7044,-64.757
2.7044,-64.757
2.7045,-64.757
2.7045,-64.756
2.7046,-64.756
2.7046,-64.757
2.7047,-64.758
2.7047,-64.758
2.7048,-64.758
2.7048,-64.757
2.7049,-64.752
2.7049,-64.747
2.705,-64.747
2.705,-64.742
2.7051,-64.74
2.7051,-64.729
2.7052,-64.726
2.7052,-64.723
2.7053,-64.719
2.7053,-64.719
2.7054,-64.715
2.7054,-64.714
2.7055,-64.717
2.7055,-64.717
2.7056,-64.719
2.7056,-64.724
2.7057,-64.722
2.7057,-64.725
2.7058,-64.727
2.7058,-64.727
2.7059,-64.723
2.7059,-64.723
2.706,-64.723
2.706,-64.715
2.7061,-64.714
2.7061,-64.714
2.7062,-64.714
2.7062,-64.717
2.7063,-64.721
2.7063,-64.721
2.7064,-64.715
2.7064,-64.713
2.7065,-64.719
2.7065,-64.72
2.7066,-64.721
2.7066,-64.715
2.7067,-64.715
2.7067,-64.715
2.7068,-64.715
2.7068,-64.717
2.7069,-64.715
2.7069,-64.715
2.707,-64.714
2.707,-64.72
2.7071,-64.717
2.7071,-64.707
2.7072,-64.701
2.7072,-64.699
2.7073,-64.697
2.7073,-64.697
2.7074,-64.697
2.7074,-64.698
2.7075,-64.702
2.7075,-64.708
2.7076,-64.703
2.7076,-64.702
2.7077,-64.702
2.7077,-64.701
2.7078,-64.698
2.7078,-64.694
2.7079,-64.689
2.7079,-64.687
2.708,-64.676
2.708,-64.676
2.7081,-64.676
2.7081,-64.666
2.7082,-64.666
2.7082,-64.666
2.7083,-64.666
2.7083,-64.657
2.7084,-64.647
2.7084,-64.64
2.7085,-64.627
2.7085,-64.619
2.7086,-64.618
2.7086,-64.598
2.7087,-64.588
2.7087,-64.58
2.7088,-64.569
2.7088,-64.561
2.7089,-64.552
2.7089,-64.551
2.709,-64.547
2.709,-64.547
2.7091,-64.543
2.7091,-64.538
2.7092,-64.536
2.7092,-64.537
2.7093,-64.539
2.7093,-64.537
2.7094,-64.536
2.7094,-64.536
2.7095,-64.536
2.7095,-64.536
2.7096,-64.538
2.7096,-64.541
2.7097,-64.541
2.7097,-64.543
2.7098,-64.543
2.7098,-64.543
2.7099,-64.543
2.7099,-64.545
2.71,-64.545
2.71,-64.544
2.7101,-64.547
2.7101,-64.549
2.7102,-64.556
2.7102,-64.556
2.7103,-64.556
2.7103,-64.563
2.7104,-64.582
2.7104,-64.599
2.7105,-64.599
2.7105,-64.604
2.7106,-64.604
2.7106,-64.605
2.7107,-64.608
2.7107,-64.611
2.7108,-64.61
2.7108,-64.606
2.7109,-64.608
2.7109,-64.613
2.711,-64.616
2.711,-64.624
2.7111,-64.63
2.7111,-64.633
2.7112,-64.637
2.7112,-64.638
2.7113,-64.642
2.7113,-64.648
2.7114,-64.652
2.7114,-64.654
2.7115,-64.661
2.7115,-64.657
2.7116,-64.653
2.7116,-64.65
2.7117,-64.654
2.7117,-64.664
2.7118,-64.665
2.7118,-64.663
2.7119,-64.668
2.7119,-64.672
2.712,-64.668
2.712,-64.664
2.7121,-64.663
2.7121,-64.663
2.7122,-64.663
2.7122,-64.663
2.7123,-64.671
2.7123,-64.682
2.7123,-64.682
2.7124,-64.682
2.7124,-64.685
2.7125,-64.688
2.7125,-64.692
2.7126,-64.693
2.7126,-64.693
2.7127,-64.697
2.7127,-64.701
2.7128,-64.704
2.7128,-64.709
2.7129,-64.721
2.7129,-64.733
2.713,-64.737
2.713,-64.743
2.7131,-64.751
2.7131,-64.754
2.7132,-64.756
2.7132,-64.757
2.7133,-64.762
2.7133,-64.761
2.7134,-64.761
2.7134,-64.76
2.7135,-64.762
2.7135,-64.762
2.7136,-64.762
2.7136,-64.768
2.7137,-64.768
2.7137,-64.768
2.7138,-64.781
2.7138,-64.793
2.7139,-64.797
2.7139,-64.801
2.714,-64.803
2.714,-64.805
2.7141,-64.805
2.7141,-64.804
2.7142,-64.806
2.7142,-64.806
2.7143,-64.809
2.7143,-64.814
2.7144,-64.814
2.7144,-64.816
2.7145,-64.816
2.7145,-64.818
2.7146,-64.823
2.7146,-64.825
2.7147,-64.825
2.7147,-64.833
2.7148,-64.844
2.7148,-64.847
2.7149,-64.849
2.7149,-64.85
2.715,-64.855
2.715,-64.856
2.7151,-64.856
2.7151,-64.853
2.7152,-64.851
2.7152,-64.854
2.7153,-64.859
2.7153,-64.861
2.7154,-64.86
2.7154,-64.859
2.7155,-64.859
2.7155,-64.859
2.7156,-64.859
2.7156,-64.864
2.7157,-64.867
2.7157,-64.875
2.7158,-64.88
2.7158,-64.888
2.7159,-64.888
2.7159,-64.884
2.716,-64.878
2.716,-64.878
2.7161,-64.878
2.7161,-64.875
2.7162,-64.872
2.7162,-64.871
2.7163,-64.864
2.7163,-64.856
2.7164,-64.856
2.7164,-64.848
2.7165,-64.836
2.7165,-64.827
2.7166,-64.819
2.7166,-64.824
2.7167,-64.819
2.7167,-64.818
2.7168,-64.807
2.7168,-64.798
2.7169,-64.796
2.7169,-64.795
2.717,-64.78
2.717,-64.759
2.7171,-64.746
2.7171,-64.737
2.7172,-64.728
2.7172,-64.714
2.7173,-64.703
2.7173,-64.698
2.7174,-64.7
2.7174,-64.702
2.7175,-64.693
2.7175,-64.684
2.7176,-64.667
2.7176,-64.648
2.7177,-64.632
2.7177,-64.606
2.7178,-64.606
2.7178,-64.605
2.7179,-64.605
2.7179,-64.59
2.718,-64.584
2.718,-64.584
2.7181,-64.59
2.7181,-64.593
2.7182,-64.596
2.7182,-64.593
2.7183,-64.598
2.7183,-64.598
2.7184,-64.597
2.7184,-64.598
2.7185,-64.598
2.7185,-64.598
2.7186,-64.601
2.7186,-64.601
2.7187,-64.603
2.7187,-64.611
2.7188,-64.62
2.7188,-64.621
2.7189,-64.621
2.7189,-64.622
2.719,-64.623
2.719,-64.624
2.7191,-64.621
2.7191,-64.622
2.7192,-64.627
2.7192,-64.627
2.7193,-64.627
2.7193,-64.627
2.7194,-64.627
2.7194,-64.627
2.7195,-64.627
2.7195,-64.627
2.7196,-64.627
2.7196,-64.621
2.7197,-64.619
2.7197,-64.624
2.7198,-64.628
2.7198,-64.632
2.7199,-64.633
2.7199,-64.632
2.72,-64.638
2.72,-64.644
2.7201,-64.646
2.7201,-64.644
2.7202,-64.642
2.7202,-64.642
2.7203,-64.643
2.7203,-64.644
2.7204,-64.647
2.7204,-64.647
2.7205,-64.656
2.7205,-64.662
2.7206,-64.662
2.7206,-64.662
2.7207,-64.666
2.7207,-64.669
2.7208,-64.669
2.7208,-64.669
2.7209,-64.672
2.7209,-64.675
2.721,-64.675
2.721,-64.678
2.7211,-64.685
2.7211,-64.688
2.7212,-64.692
2.7212,-64.695
2.7213,-64.698
2.7213,-64.692
2.7214,-64.693
2.7214,-64.698
2.7215,-64.704
2.7215,-64.711
2.7216,-64.714
2.7216,-64.72
2.7217,-64.717
2.7217,-64.717
2.7218,-64.711
2.7218,-64.709
2.7219,-64.706
2.7219,-64.709
2.722,-64.709
2.722,-64.709
2.7221,-64.706
2.7221,-64.714
2.7222,-64.721
2.7222,-64.723
2.7223,-64.72
2.7223,-64.726
2.7224,-64.726
2.7224,-64.726
2.7225,-64.726
2.7225,-64.73
2.7226,-64.726
2.7226,-64.726
2.7227,-64.726
2.7227,-64.723
2.7228,-64.723
2.7228,-64.723
2.7229,-64.723
2.7229,-64.72
2.723,-64.711
2.723,-64.701
2.7231,-64.701
2.7231,-64.698
2.7232,-64.696
2.7232,-64.684
2.7233,-64.676
2.7233,-64.672
2.7234,-64.673
2.7234,-64.673
2.7235,-64.67
2.7235,-64.661
2.7236,-64.657
2.7236,-64.653
2.7237,-64.645
2.7237,-64.637
2.7238,-64.634
2.7238,-64.634
2.7239,-64.633
2.7239,-64.634
2.724,-64.64
2.724,-64.639
2.7241,-64.634
2.7241,-64.63
2.7242,-64.627
2.7242,-64.623
2.7243,-64.62
2.7243,-64.62
2.7244,-64.624
2.7244,-64.628
2.7245,-64.627
2.7245,-64.627
2.7246,-64.624
2.7246,-64.625
2.7247,-64.624
2.7247,-64.616
2.7248,-64.605
2.7248,-64.603
2.7249,-64.595
2.7249,-64.588
2.725,-64.577
2.725,-64.574
2.7251,-64.574
2.7251,-64.585
2.7252,-64.578
2.7252,-64.572
2.7253,-64.569
2.7253,-64.565
2.7254,-64.563
2.7254,-64.563
2.7255,-64.56
2.7255,-64.549
2.7256,-64.547
2.7256,-64.55
2.7257,-64.552
2.7257,-64.556
2.7258,-64.556
2.7258,-64.562
2.7259,-64.567
2.7259,-64.57
2.726,-64.56
2.726,-64.568
2.726,-64.562
2.7261,-64.56
2.7261,-64.561
2.7262,-64.562
2.7262,-64.56
2.7263,-64.559
2.7263,-64.557
2.7264,-64.557
2.7264,-64.556
2.7265,-64.556
2.7265,-64.556
2.7266,-64.55
2.7266,-64.552
2.7267,-64.552
2.7267,-64.555
2.7268,-64.552
2.7268,-64.55
2.7269,-64.549
2.7269,-64.547
2.727,-64.546
2.727,-64.54
2.7271,-64.542
2.7271,-64.54
2.7272,-64.54
2.7272,-64.54
2.7273,-64.54
2.7273,-64.54
2.7274,-64.54
2.7274,-64.54
2.7275,-64.537
2.7275,-64.536
2.7276,-64.53
2.7276,-64.525
2.7277,-64.525
2.7277,-64.522
2.7278,-64.531
2.7278,-64.525
2.7279,-64.521
2.7279,-64.517
2.728,-64.517
2.728,-64.515
2.7281,-64.512
2.7281,-64.508
2.7282,-64.511
2.7282,-64.516
2.7283,-64.52
2.7283,-64.518
2.7284,-64.512
2.7284,-64.514
2.7285,-64.511
2.7285,-64.509
2.7286,-64.511
2.7286,-64.511
2.7287,-64.517
2.7287,-64.523
2.7288,-64.525
2.7288,-64.536
2.7289,-64.536
2.7289,-64.536
2.729,-64.543
2.729,-64.544
2.7291,-64.547
2.7291,-64.55
2.7292,-64.552
2.7292,-64.553
2.7293,-64.558
2.7293,-64.567
2.7294,-64.576
2.7294,-64.582
2.7295,-64.59
2.7295,-64.597
2.7296,-64.606
2.7296,-64.616
2.7297,-64.616
2.7297,-64.618
2.7298,-64.63
2.7298,-64.639
2.7299,-64.64
2.7299,-64.64
2.73,-64.64
2.73,-64.64
2.7301,-64.641
2.7301,-64.641
2.7302,-64.64
2.7302,-64.646
2.7303,-64.646
2.7303,-64.651
2.7304,-64.662
2.7304,-64.669
2.7305,-64.677
2.7305,-64.669
2.7306,-64.672
2.7306,-64.673
2.7307,-64.676
2.7307,-64.679
2.7308,-64.679
2.7308,-64.679
2.7309,-64.68
2.7309,-64.68
2.731,-64.68
2.731,-64.672
2.7311,-64.666
2.7311,-64.666
2.7312,-64.666
2.7312,-64.665
2.7313,-64.659
2.7313,-64.652
2.7314,-64.65
2.7314,-64.65
2.7315,-64.65
2.7315,-64.649
2.7316,-64.641
2.7316,-64.635
2.7317,-64.62
2.7317,-64.609
2.7318,-64.608
2.7318,-64.606
2.7319,-64.605
2.7319,-64.612
2.732,-64.617
2.732,-64.618
2.7321,-64.609
2.7321,-64.611
2.7322,-64.623
2.7322,-64.634
2.7323,-64.638
2.7323,-64.63
2.7324,-64.639
2.7324,-64.645
2.7325,-64.647
2.7325,-64.65
2.7326,-64.654
2.7326,-64.654
2.7327,-64.659
2.7327,-64.661
2.7328,-64.662
2.7328,-64.663
2.7329,-64.663
2.7329,-64.663
2.733,-64.663
2.733,-64.663
2.7331,-64.663
2.7331,-64.663
2.7332,-64.663
2.7332,-64.663
2.7333,-64.663
2.7333,-64.659
2.7334,-64.657
2.7334,-64.657
2.7335,-64.657
2.7335,-64.658
2.7336,-64.659
2.7336,-64.657
2.7337,-64.657
2.7337,-64.659
2.7338,-64.662
2.7338,-64.659
2.7339,-64.655
2.7339,-64.649
2.734,-64.644
2.734,-64.641
2.7341,-64.637
2.7341,-64.634
2.7342,-64.631
2.7342,-64.631
2.7343,-64.631
2.7343,-64.631
2.7344,-64.63
2.7344,-64.622
2.7345,-64.622
2.7345,-64.622
2.7346,-64.617
2.7346,-64.607
2.7347,-64.609
2.7347,-64.611
2.7348,-64.612
2.7348,-64.612
2.7349,-64.614
2.7349,-64.614
2.735,-64.616
2.735,-64.617
2.7351,-64.619
2.7351,-64.621
2.7352,-64.621
2.7352,-64.621
2.7353,-64.624
2.7353,-64.634
2.7354,-64.644
2.7354,-64.653
2.7355,-64.656
2.7355,-64.66
2.7356,-64.666
2.7356,-64.669
2.7357,-64.672
2.7357,-64.67
2.7358,-64.679
2.7358,-64.69
2.7359,-64.699
2.7359,-64.699
2.736,-64.699
2.736,-64.7
2.7361,-64.703
2.7361,-64.703
2.7362,-64.703
2.7362,-64.708
2.7363,-64.711
2.7363,-64.719
2.7364,-64.731
2.7364,-64.733
2.7365,-64.73
2.7365,-64.727
2.7366,-64.722
2.7366,-64.724
2.7367,-64.725
2.7367,-64.721
2.7368,-64.724
2.7368,-64.711
2.7369,-64.716
2.7369,-64.711
2.737,-64.698
2.737,-64.7
2.7371,-64.695
2.7371,-64.695
2.7372,-64.697
2.7372,-64.699
2.7373,-64.702
2.7373,-64.686
2.7374,-64.672
2.7374,-64.672
2.7375,-64.672
2.7375,-64.685
2.7376,-64.685
2.7376,-64.685
2.7377,-64.69
2.7377,-64.695
2.7378,-64.696
2.7378,-64.697
2.7379,-64.698
2.7379,-64.701
2.738,-64.701
2.738,-64.701
2.7381,-64.701
2.7381,-64.701
2.7382,-64.704
2.7382,-64.704
2.7383,-64.704
2.7383,-64.704
2.7384,-64.702
2.7384,-64.703
2.7385,-64.704
2.7385,-64.718
2.7386,-64.731
2.7386,-64.738
2.7387,-64.743
2.7387,-64.746
2.7388,-64.749
2.7388,-64.75
2.7389,-64.751
2.7389,-64.752
2.739,-64.756
2.739,-64.762
2.7391,-64.771
2.7391,-64.777
2.7392,-64.781
2.7392,-64.785
2.7393,-64.791
2.7393,-64.798
2.7394,-64.799
2.7394,-64.799
2.7395,-64.795
2.7395,-64.791
2.7396,-64.791
2.7396,-64.791
2.7397,-64.791
2.7397,-64.786
2.7397,-64.786
2.7398,-64.786
2.7398,-64.786
2.7399,-64.786
2.7399,-64.783
2.74,-64.783
2.74,-64.783
2.7401,-64.782
2.7401,-64.778
2.7402,-64.778
2.7402,-64.778
2.7403,-64.778
2.7403,-64.775
2.7404,-64.772
2.7404,-64.754
2.7405,-64.747
2.7405,-64.735
2.7406,-64.712
2.7406,-64.702
2.7407,-64.695
2.7407,-64.692
2.7408,-64.677
2.7408,-64.669
2.7409,-64.669
2.7409,-64.653
2.741,-64.637
2.741,-64.624
2.7411,-64.615
2.7411,-64.603
2.7412,-64.595
2.7412,-64.594
2.7413,-64.595
2.7413,-64.594
2.7414,-64.595
2.7414,-64.595
2.7415,-64.598
2.7415,-64.598
2.7416,-64.6
2.7416,-64.601
2.7417,-64.601
2.7417,-64.605
2.7418,-64.611
2.7418,-64.611
2.7419,-64.614
2.7419,-64.614
2.742,-64.614
2.742,-64.611
2.7421,-64.614
2.7421,-64.612
2.7422,-64.612
2.7422,-64.609
2.7423,-64.609
2.7423,-64.612
2.7424,-64.611
2.7424,-64.61
2.7425,-64.607
2.7425,-64.602
2.7426,-64.599
2.7426,-64.594
2.7427,-64.6
2.7427,-64.598
2.7428,-64.596
2.7428,-64.595
2.7429,-64.595
2.7429,-64.596
2.743,-64.599
2.743,-64.601
2.7431,-64.599
2.7431,-64.596
2.7432,-64.598
2.7432,-64.598
2.7433,-64.598
2.7433,-64.598
2.7434,-64.6
2.7434,-64.595
2.7435,-64.593
2.7435,-64.588
2.7436,-64.588
2.7436,-64.585
2.7437,-64.585
2.7437,-64.585
2.7438,-64.583
2.7438,-64.579
2.7439,-64.569
2.7439,-64.568
2.744,-64.566
2.744,-64.565
2.7441,-64.565
2.7441,-64.565
2.7442,-64.568
2.7442,-64.556
2.7443,-64.538
2.7443,-64.527
2.7444,-64.529
2.7444,-64.529
2.7445,-64.529
2.7445,-64.529
2.7446,-64.537
2.7446,-64.544
2.7447,-64.544
2.7447,-64.543
2.7448,-64.54
2.7448,-64.544
2.7449,-64.546
2.7449,-64.545
2.745,-64.545
2.745,-64.543
2.7451,-64.54
2.7451,-64.54
2.7452,-64.544
2.7452,-64.548
2.7453,-64.552
2.7453,-64.553
2.7454,-64.553
2.7454,-64.555
2.7455,-64.555
2.7455,-64.556
2.7456,-64.56
2.7456,-64.56
2.7457,-64.569
2.7457,-64.569
2.7458,-64.56
2.7458,-64.553
2.7459,-64.551
2.7459,-64.559
2.746,-64.559
2.746,-64.559
2.7461,-64.559
2.7461,-64.558
2.7462,-64.558
2.7462,-64.558
2.7463,-64.554
2.7463,-64.55
2.7464,-64.547
2.7464,-64.545
2.7465,-64.548
2.7465,-64.553
2.7466,-64.553
2.7466,-64.548
2.7467,-64.548
2.7467,-64.554
2.7468,-64.562
2.7468,-64.564
2.7469,-64.564
2.7469,-64.564
2.747,-64.566
2.747,-64.568
2.7471,-64.564
2.7471,-64.564
2.7472,-64.566
2.7472,-64.569
2.7473,-64.574
2.7473,-64.579
2.7474,-64.58
2.7474,-64.581
2.7475,-64.586
2.7475,-64.591
2.7476,-64.586
2.7476,-64.586
2.7477,-64.581
2.7477,-64.585
2.7478,-64.592
2.7478,-64.592
2.7479,-64.605
2.7479,-64.611
2.748,-64.601
2.748,-64.589
2.7481,-64.589
2.7481,-64.59
2.7482,-64.602
2.7482,-64.613
2.7483,-64.614
2.7483,-64.614
2.7484,-64.614
2.7484,-64.607
2.7485,-64.598
2.7485,-64.599
2.7486,-64.595
2.7486,-64.593
2.7487,-64.586
2.7487,-64.579
2.7488,-64.576
2.7488,-64.572
2.7489,-64.571
2.7489,-64.571
2.749,-64.569
2.749,-64.568
2.7491,-64.561
2.7491,-64.561
2.7492,-64.566
2.7492,-64.565
2.7493,-64.557
2.7493,-64.548
2.7494,-64.546
2.7494,-64.545
2.7495,-64.544
2.7495,-64.539
2.7496,-64.537
2.7496,-64.535
2.7497,-64.531
2.7497,-64.527
2.7498,-64.524
2.7498,-64.523
2.7499,-64.518
2.7499,-64.511
2.75,-64.513
2.75,-64.511
2.7501,-64.508
2.7501,-64.504
2.7502,-64.501
2.7502,-64.5
2.7503,-64.499
2.7503,-64.499
2.7504,-64.499
2.7504,-64.501
2.7505,-64.508
2.7505,-64.514
2.7506,-64.514
2.7506,-64.514
2.7507,-64.518
2.7507,-64.521
2.7508,-64.524
2.7508,-64.527
2.7509,-64.538
2.7509,-64.543
2.751,-64.536
2.751,-64.536
2.7511,-64.534
2.7511,-64.541
2.7512,-64.546
2.7512,-64.547
2.7513,-64.547
2.7513,-64.547
2.7514,-64.546
2.7514,-64.54
2.7515,-64.531
2.7515,-64.54
2.7516,-64.535
2.7516,-64.543
2.7517,-64.541
2.7517,-64.539
2.7518,-64.539
2.7518,-64.539
2.7519,-64.54
2.7519,-64.536
2.752,-64.534
2.752,-64.531
2.7521,-64.526
2.7521,-64.529
2.7522,-64.527
2.7522,-64.528
2.7523,-64.526
2.7523,-64.524
2.7524,-64.525
2.7524,-64.525
2.7525,-64.524
2.7525,-64.521
2.7526,-64.519
2.7526,-64.517
2.7527,-64.515
2.7527,-64.509
2.7528,-64.506
2.7528,-64.505
2.7529,-64.492
2.7529,-64.476
2.753,-64.471
2.753,-64.454
2.7531,-64.44
2.7531,-64.392
2.7532,-64.37
2.7532,-64.37
2.7533,-64.37
2.7533,-64.37
2.7534,-64.367
2.7534,-64.365
2.7534,-64.368
2.7535,-64.366
2.7535,-64.365
2.7536,-64.363
2.7536,-64.363
2.7537,-64.367
2.7537,-64.371
2.7538,-64.373
2.7538,-64.367
2.7539,-64.367
2.7539,-64.365
2.754,-64.366
2.754,-64.37
2.7541,-64.373
2.7541,-64.373
2.7542,-64.378
2.7542,-64.382
2.7543,-64.385
2.7543,-64.389
2.7544,-64.392
2.7544,-64.391
2.7545,-64.391
2.7545,-64.394
2.7546,-64.399
2.7546,-64.405
2.7547,-64.406
2.7547,-64.408
2.7548,-64.409
2.7548,-64.409
2.7549,-64.41
2.7549,-64.41
2.755,-64.412
2.755,-64.412
2.7551,-64.412
2.7551,-64.409
2.7552,-64.405
2.7552,-64.409
2.7553,-64.411
2.7553,-64.408
2.7554,-64.407
2.7554,-64.406
2.7555,-64.402
2.7555,-64.402
2.7556,-64.408
2.7556,-64.414
2.7557,-64.419
2.7557,-64.424
2.7558,-64.42
2.7558,-64.418
2.7559,-64.421
2.7559,-64.421
2.756,-64.428
2.756,-64.431
2.7561,-64.431
2.7561,-64.432
2.7562,-64.435
2.7562,-64.438
2.7563,-64.435
2.7563,-64.435
2.7564,-64.435
2.7564,-64.435
2.7565,-64.433
2.7565,-64.434
2.7566,-64.434
2.7566,-64.434
2.7567,-64.434
2.7567,-64.432
2.7568,-64.431
2.7568,-64.424
2.7569,-64.418
2.7569,-64.426
2.757,-64.434
2.757,-64.437
2.7571,-64.436
2.7571,-64.433
2.7572,-64.43
2.7572,-64.43
2.7573,-64.433
2.7573,-64.432
2.7574,-64.431
2.7574,-64.43
2.7575,-64.43
2.7575,-64.434
2.7576,-64.44
2.7576,-64.443
2.7577,-64.444
2.7577,-64.444
2.7578,-64.443
2.7578,-64.444
2.7579,-64.45
2.7579,-64.458
2.758,-64.453
2.758,-64.474
2.7581,-64.487
2.7581,-64.489
2.7582,-64.494
2.7582,-64.499
2.7583,-64.499
2.7583,-64.494
2.7584,-64.494
2.7584,-64.499
2.7585,-64.504
2.7585,-64.499
2.7586,-64.499
2.7586,-64.499
2.7587,-64.504
2.7587,-64.511
2.7588,-64.511
2.7588,-64.511
2.7589,-64.516
2.7589,-64.518
2.759,-64.518
2.759,-64.518
2.7591,-64.5
2.7591,-64.483
2.7592,-64.486
2.7592,-64.489
2.7593,-64.49
2.7593,-64.494
2.7594,-64.457
2.7594,-64.441
2.7595,-64.441
2.7595,-64.443
2.7596,-64.447
2.7596,-64.446
2.7597,-64.444
2.7597,-64.444
2.7598,-64.444
2.7598,-64.447
2.7599,-64.451
2.7599,-64.459
2.76,-64.46
2.76,-64.46
2.7601,-64.465
2.7601,-64.469
2.7602,-64.469
2.7602,-64.464
2.7603,-64.452
2.7603,-64.452
2.7604,-64.458
2.7604,-64.463
2.7605,-64.463
2.7605,-64.463
2.7606,-64.466
2.7606,-64.469
2.7607,-64.469
2.7607,-64.47
2.7608,-64.474
2.7608,-64.479
2.7609,-64.479
2.7609,-64.479
2.761,-64.479
2.761,-64.474
2.7611,-64.477
2.7611,-64.475
2.7612,-64.472
2.7612,-64.475
2.7613,-64.48
2.7613,-64.481
2.7614,-64.486
2.7614,-64.49
2.7615,-64.492
2.7615,-64.492
2.7616,-64.501
2.7616,-64.51
2.7617,-64.508
2.7617,-64.508
2.7618,-64.508
2.7618,-64.508
2.7619,-64.505
2.7619,-64.499
2.762,-64.491
2.762,-64.491
2.7621,-64.491
2.7621,-64.499
2.7622,-64.502
2.7622,-64.504
2.7623,-64.495
2.7623,-64.484
2.7624,-64.471
2.7624,-64.46
2.7625,-64.457
2.7625,-64.451
2.7626,-64.447
2.7626,-64.447
2.7627,-64.44
2.7627,-64.429
2.7628,-64.429
2.7628,-64.433
2.7629,-64.433
2.7629,-64.432
2.763,-64.428
2.763,-64.423
2.7631,-64.418
2.7631,-64.423
2.7632,-64.423
2.7632,-64.418
2.7633,-64.415
2.7633,-64.415
2.7634,-64.413
2.7634,-64.408
2.7635,-64.408
2.7635,-64.402
2.7636,-64.408
2.7636,-64.41
2.7637,-64.408
2.7637,-64.407
2.7638,-64.399
2.7638,-64.389
2.7639,-64.384
2.7639,-64.37
2.764,-64.368
2.764,-64.362
2.7641,-64.357
2.7641,-64.347
2.7642,-64.337
2.7642,-64.33
2.7643,-64.312
2.7643,-64.286
2.7644,-64.267
2.7644,-64.26
2.7645,-64.256
2.7645,-64.244
2.7646,-64.235
2.7646,-64.231
2.7647,-64.22
2.7647,-64.208
2.7648,-64.202
2.7648,-64.202
2.7649,-64.203
2.7649,-64.2
2.765,-64.196
2.765,-64.194
2.7651,-64.19
2.7651,-64.188
2.7652,-64.184
2.7652,-64.186
2.7653,-64.19
2.7653,-64.19
2.7654,-64.188
2.7654,-64.193
2.7655,-64.194
2.7655,-64.196
2.7656,-64.199
2.7656,-64.199
2.7657,-64.199
2.7657,-64.201
2.7658,-64.203
2.7658,-64.206
2.7659,-64.208
2.7659,-64.212
2.766,-64.219
2.766,-64.227
2.7661,-64.238
2.7661,-64.241
2.7662,-64.244
2.7662,-64.244
2.7663,-64.251
2.7663,-64.26
2.7664,-64.265
2.7664,-64.27
2.7665,-64.271
2.7665,-64.273
2.7666,-64.273
2.7666,-64.281
2.7667,-64.291
2.7667,-64.296
2.7668,-64.296
2.7668,-64.31
2.7669,-64.31
2.7669,-64.316
2.767,-64.324
2.767,-64.328
2.7671,-64.33
2.7671,-64.321
2.7671,-64.324
2.7672,-64.334
2.7672,-64.343
2.7673,-64.343
2.7673,-64.347
2.7674,-64.362
2.7674,-64.376
2.7675,-64.383
2.7675,-64.39
2.7676,-64.397
2.7676,-64.405
2.7677,-64.412
2.7677,-64.417
2.7678,-64.421
2.7678,-64.429
2.7679,-64.434
2.7679,-64.441
2.768,-64.441
2.768,-64.444
2.7681,-64.447
2.7681,-64.45
2.7682,-64.459
2.7682,-64.455
2.7683,-64.458
2.7683,-64.46
2.7684,-64.46
2.7684,-64.456
2.7685,-64.452
2.7685,-64.452
2.7686,-64.451
2.7686,-64.455
2.7687,-64.465
2.7687,-64.46
2.7688,-64.47
2.7688,-64.471
2.7689,-64.484
2.7689,-64.495
2.769,-64.514
2.769,-64.526
2.7691,-64.546
2.7691,-64.556
2.7692,-64.56
2.7692,-64.56
2.7693,-64.56
2.7693,-64.568
2.7694,-64.573
2.7694,-64.573
2.7695,-64.579
2.7695,-64.586
2.7696,-64.589
2.7696,-64.589
2.7697,-64.588
2.7697,-64.594
2.7698,-64.589
2.7698,-64.579
2.7699,-64.582
2.7699,-64.585
2.77,-64.588
2.77,-64.588
2.7701,-64.586
2.7701,-64.589
2.7702,-64.589
2.7702,-64.586
2.7703,-64.584
2.7703,-64.581
2.7704,-64.581
2.7704,-64.588
2.7705,-64.59
2.7705,-64.584
2.7706,-64.588
2.7706,-64.588
2.7707,-64.588
2.7707,-64.591
2.7708,-64.592
2.7708,-64.592
2.7709,-64.594
2.7709,-64.59
2.771,-64.587
2.771,-64.587
2.7711,-64.585
2.7711,-64.587
2.7712,-64.586
2.7712,-64.585
2.7713,-64.576
2.7713,-64.572
2.7714,-64.571
2.7714,-64.575
2.7715,-64.573
2.7715,-64.564
2.7716,-64.553
2.7716,-64.548
2.7717,-64.55
2.7717,-64.547
2.7718,-64.544
2.7718,-64.542
2.7719,-64.539
2.7719,-64.537
2.772,-64.537
2.772,-64.537
2.7721,-64.532
2.7721,-64.525
2.7722,-64.518
2.7722,-64.518
2.7723,-64.513
2.7723,-64.521
2.7724,-64.521
2.7724,-64.521
2.7725,-64.518
2.7725,-64.512
2.7726,-64.512
2.7726,-64.507
2.7727,-64.51
2.7727,-64.515
2.7728,-64.515
2.7728,-64.515
2.7729,-64.519
2.7729,-64.519
2.773,-64.518
2.773,-64.517
2.7731,-64.517
2.7731,-64.515
2.7732,-64.514
2.7732,-64.515
2.7733,-64.514
2.7733,-64.511
2.7734,-64.508
2.7734,-64.507
2.7735,-64.505
2.7735,-64.499
2.7736,-64.497
2.7736,-64.495
2.7737,-64.493
2.7737,-64.493
2.7738,-64.485
2.7738,-64.485
2.7739,-64.48
2.7739,-64.462
2.774,-64.454
2.774,-64.449
2.7741,-64.433
2.7741,-64.418
2.7742,-64.409
2.7742,-64.406
2.7743,-64.395
2.7743,-64.392
2.7744,-64.392
2.7744,-64.394
2.7745,-64.39
2.7745,-64.38
2.7746,-64.375
2.7746,-64.375
2.7747,-64.373
2.7747,-64.36
2.7748,-64.366
2.7748,-64.366
2.7749,-64.366
2.7749,-64.369
2.775,-64.369
2.775,-64.361
2.7751,-64.358
2.7751,-64.351
2.7752,-64.346
2.7752,-64.345
2.7753,-64.337
2.7753,-64.331
2.7754,-64.328
2.7754,-64.318
2.7755,-64.318
2.7755,-64.317
2.7756,-64.313
2.7756,-64.312
2.7757,-64.312
2.7757,-64.314
2.7758,-64.316
2.7758,-64.32
2.7759,-64.32
2.7759,-64.33
2.776,-64.337
2.776,-64.347
2.7761,-64.349
2.7761,-64.353
2.7762,-64.358
2.7762,-64.363
2.7763,-64.364
2.7763,-64.364
2.7764,-64.364
2.7764,-64.371
2.7765,-64.378
2.7765,-64.381
2.7766,-64.389
2.7766,-64.396
2.7767,-64.402
2.7767,-64.404
2.7768,-64.405
2.7768,-64.405
2.7769,-64.405
2.7769,-64.405
2.777,-64.405
2.777,-64.412
2.7771,-64.416
2.7771,-64.416
2.7772,-64.418
2.7772,-64.421
2.7773,-64.424
2.7773,-64.428
2.7774,-64.426
2.7774,-64.423
2.7775,-64.421
2.7775,-64.423
2.7776,-64.428
2.7776,-64.429
2.7777,-64.431
2.7777,-64.431
2.7778,-64.433
2.7778,-64.439
2.7779,-64.441
2.7779,-64.446
2.778,-64.453
2.778,-64.454
2.7781,-64.463
2.7781,-64.466
2.7782,-64.46
2.7782,-64.455
2.7783,-64.456
2.7783,-64.461
2.7784,-64.454
2.7784,-64.45
2.7785,-64.45
2.7785,-64.45
2.7786,-64.456
2.7786,-64.457
2.7787,-64.457
2.7787,-64.459
2.7788,-64.465
2.7788,-64.466
2.7789,-64.473
2.7789,-64.476
2.779,-64.478
2.779,-64.483
2.7791,-64.487
2.7791,-64.489
2.7792,-64.49
2.7792,-64.487
2.7793,-64.488
2.7793,-64.491
2.7794,-64.492
2.7794,-64.491
2.7795,-64.491
2.7795,-64.491
2.7796,-64.491
2.7796,-64.491
2.7797,-64.491
2.7797,-64.489
2.7798,-64.492
2.7798,-64.49
2.7799,-64.488
2.7799,-64.488
2.78,-64.497
2.78,-64.499
2.7801,-64.499
2.7801,-64.491
2.7802,-64.477
2.7802,-64.469
2.7803,-64.463
2.7803,-64.457
2.7804,-64.457
2.7804,-64.451
2.7805,-64.449
2.7805,-64.446
2.7806,-64.449
2.7806,-64.44
2.7807,-64.432
2.7807,-64.429
2.7808,-64.422
2.7808,-64.419
2.7808,-64.418
2.7809,-64.415
2.7809,-64.412
2.781,-64.405
2.781,-64.404
2.7811,-64.392
2.7811,-64.388
2.7812,-64.383
2.7812,-64.38
2.7813,-64.378
2.7813,-64.378
2.7814,-64.369
2.7814,-64.367
2.7815,-64.366
2.7815,-64.363
2.7816,-64.358
2.7816,-64.358
2.7817,-64.363
2.7817,-64.363
2.7818,-64.363
2.7818,-64.363
2.7819,-64.364
2.7819,-64.363
2.782,-64.354
2.782,-64.344
2.7821,-64.344
2.7821,-64.343
2.7822,-64.34
2.7822,-64.331
2.7823,-64.331
2.7823,-64.332
2.7824,-64.334
2.7824,-64.332
2.7825,-64.329
2.7825,-64.325
2.7826,-64.32
2.7826,-64.314
2.7827,-64.313
2.7827,-64.312
2.7828,-64.308
2.7828,-64.306
2.7829,-64.299
2.7829,-64.296
2.783,-64.296
2.783,-64.296
2.7831,-64.296
2.7831,-64.29
2.7832,-64.299
2.7832,-64.296
2.7833,-64.318
2.7833,-64.334
2.7834,-64.343
2.7834,-64.35
2.7835,-64.356
2.7835,-64.368
2.7836,-64.377
2.7836,-64.386
2.7837,-64.392
2.7837,-64.403
2.7838,-64.42
2.7838,-64.441
2.7839,-64.46
2.7839,-64.466
2.784,-64.473
2.784,-64.479
2.7841,-64.489
2.7841,-64.507
2.7842,-64.516
2.7842,-64.527
2.7843,-64.532
2.7843,-64.548
2.7844,-64.571
2.7844,-64.579
2.7845,-64.582
2.7845,-64.585
2.7846,-64.59
2.7846,-64.579
2.7847,-64.522
2.7847,-64.466
2.7848,-64.425
2.7848,-64.353
2.7849,-64.35
2.7849,-64.351
2.785,-64.359
2.785,-64.361
2.7851,-64.363
2.7851,-64.371
2.7852,-64.376
2.7852,-64.376
2.7853,-64.37
2.7853,-64.365
2.7854,-64.365
2.7854,-64.365
2.7855,-64.365
2.7855,-64.363
2.7856,-64.362
2.7856,-64.362
2.7857,-64.358
2.7857,-64.355
2.7858,-64.357
2.7858,-64.354
2.7859,-64.35
2.7859,-64.351
2.786,-64.353
2.786,-64.354
2.7861,-64.354
2.7861,-64.351
2.7862,-64.356
2.7862,-64.36
2.7863,-64.36
2.7863,-64.36
2.7864,-64.357
2.7864,-64.357
2.7865,-64.352
2.7865,-64.345
2.7866,-64.338
2.7866,-64.332
2.7867,-64.321
2.7867,-64.31
2.7868,-64.31
2.7868,-64.31
2.7869,-64.307
2.7869,-64.302
2.787,-64.299
2.787,-64.303
2.7871,-64.309
2.7871,-64.307
2.7872,-64.307
2.7872,-64.305
2.7873,-64.303
2.7873,-64.316
2.7874,-64.333
2.7874,-64.34
2.7875,-64.345
2.7875,-64.351
2.7876,-64.357
2.7876,-64.357
2.7877,-64.354
2.7877,-64.348
2.7878,-64.352
2.7878,-64.364
2.7879,-64.363
2.7879,-64.366
2.788,-64.371
2.788,-64.378
2.7881,-64.382
2.7881,-64.386
2.7882,-64.399
2.7882,-64.405
2.7883,-64.403
2.7883,-64.417
2.7884,-64.415
2.7884,-64.411
2.7885,-64.411
2.7885,-64.411
2.7886,-64.413
2.7886,-64.412
2.7887,-64.412
2.7887,-64.409
2.7888,-64.402
2.7888,-64.395
2.7889,-64.393
2.7889,-64.393
2.789,-64.394
2.789,-64.396
2.7891,-64.396
2.7891,-64.396
2.7892,-64.394
2.7892,-64.386
2.7893,-64.38
2.7893,-64.372
2.7894,-64.366
2.7894,-64.357
2.7895,-64.35
2.7895,-64.35
2.7896,-64.35
2.7896,-64.349
2.7897,-64.349
2.7897,-64.349
2.7898,-64.349
2.7898,-64.349
2.7899,-64.349
2.7899,-64.349
2.79,-64.357
2.79,-64.357
2.7901,-64.357
2.7901,-64.357
2.7902,-64.357
2.7902,-64.366
2.7903,-64.366
2.7903,-64.36
2.7904,-64.363
2.7904,-64.369
2.7905,-64.365
2.7905,-64.36
2.7906,-64.358
2.7906,-64.357
2.7907,-64.357
2.7907,-64.357
2.7908,-64.36
2.7908,-64.359
2.7909,-64.36
2.7909,-64.363
2.791,-64.363
2.791,-64.366
2.7911,-64.363
2.7911,-64.357
2.7912,-64.35
2.7912,-64.35
2.7913,-64.345
2.7913,-64.349
2.7914,-64.345
2.7914,-64.326
2.7915,-64.31
2.7915,-64.296
2.7916,-64.287
2.7916,-64.287
2.7917,-64.29
2.7917,-64.293
2.7918,-64.296
2.7918,-64.297
2.7919,-64.3
2.7919,-64.299
2.792,-64.293
2.792,-64.28
2.7921,-64.267
2.7921,-64.26
2.7922,-64.254
2.7922,-64.253
2.7923,-64.254
2.7923,-64.254
2.7924,-64.248
2.7924,-64.248
2.7925,-64.241
2.7925,-64.241
2.7926,-64.246
2.7926,-64.256
2.7927,-64.265
2.7927,-64.265
2.7928,-64.262
2.7928,-64.266
2.7929,-64.272
2.7929,-64.273
2.793,-64.278
2.793,-64.286
2.7931,-64.29
2.7931,-64.295
2.7932,-64.3
2.7932,-64.3
2.7933,-64.302
2.7933,-64.304
2.7934,-64.311
2.7934,-64.32
2.7935,-64.326
2.7935,-64.326
2.7936,-64.328
2.7936,-64.333
2.7937,-64.347
2.7937,-64.364
2.7938,-64.369
2.7938,-64.377
2.7939,-64.384
2.7939,-64.391
2.794,-64.396
2.794,-64.396
2.7941,-64.402
2.7941,-64.412
2.7942,-64.413
2.7942,-64.411
2.7943,-64.414
2.7943,-64.415
2.7944,-64.416
2.7944,-64.424
2.7945,-64.436
2.7945,-64.443
2.7945,-64.387
2.7946,-64.344
2.7946,-64.301
2.7947,-64.305
2.7947,-64.311
2.7948,-64.313
2.7948,-64.319
2.7949,-64.329
2.7949,-64.332
2.795,-64.334
2.795,-64.344
2.7951,-64.354
2.7951,-64.36
2.7952,-64.363
2.7952,-64.369
2.7953,-64.378
2.7953,-64.379
2.7954,-64.379
2.7954,-64.379
2.7955,-64.375
2.7955,-64.376
2.7956,-64.377
2.7956,-64.377
2.7957,-64.377
2.7957,-64.377
2.7958,-64.377
2.7958,-64.377
2.7959,-64.377
2.7959,-64.379
2.796,-64.383
2.796,-64.383
2.7961,-64.383
2.7961,-64.383
2.7962,-64.386
2.7962,-64.386
2.7963,-64.389
2.7963,-64.389
2.7964,-64.39
2.7964,-64.404
2.7965,-64.406
2.7965,-64.418
2.7966,-64.422
2.7966,-64.425
2.7967,-64.434
2.7967,-64.437
2.7968,-64.443
2.7968,-64.449
2.7969,-64.45
2.7969,-64.455
2.797,-64.465
2.797,-64.465
2.7971,-64.465
2.7971,-64.465
2.7972,-64.46
2.7972,-64.47
2.7973,-64.477
2.7973,-64.479
2.7974,-64.482
2.7974,-64.482
2.7975,-64.481
2.7975,-64.483
2.7976,-64.485
2.7976,-64.486
2.7977,-64.49
2.7977,-64.493
2.7978,-64.494
2.7978,-64.494
2.7979,-64.495
2.7979,-64.495
2.798,-64.497
2.798,-64.499
2.7981,-64.501
2.7981,-64.502
2.7982,-64.504
2.7982,-64.503
2.7983,-64.505
2.7983,-64.505
2.7984,-64.503
2.7984,-64.502
2.7985,-64.502
2.7985,-64.503
2.7986,-64.504
2.7986,-64.503
2.7987,-64.502
2.7987,-64.502
2.7988,-64.503
2.7988,-64.507
2.7989,-64.508
2.7989,-64.51
2.799,-64.512
2.799,-64.507
2.7991,-64.51
2.7991,-64.508
2.7992,-64.507
2.7992,-64.508
2.7993,-64.502
2.7993,-64.502
2.7994,-64.496
2.7994,-64.495
2.7995,-64.495
2.7995,-64.492
2.7996,-64.489
2.7996,-64.487
2.7997,-64.487
2.7997,-64.491
2.7998,-64.498
2.7998,-64.502
2.7999,-64.506
2.7999,-64.507
2.8,-64.507
2.8,-64.494
2.8001,-64.482
2.8001,-64.487
2.8002,-64.491
2.8002,-64.485
2.8003,-64.479
2.8003,-64.479
2.8004,-64.476
2.8004,-64.462
2.8005,-64.453
2.8005,-64.453
2.8006,-64.451
2.8006,-64.446
2.8007,-64.436
2.8007,-64.415
2.8008,-64.404
2.8008,-64.412
2.8009,-64.416
2.8009,-64.423
2.801,-64.431
2.801,-64.432
2.8011,-64.434
2.8011,-64.434
2.8012,-64.433
2.8012,-64.434
2.8013,-64.437
2.8013,-64.435
2.8014,-64.433
2.8014,-64.436
2.8015,-64.437
2.8015,-64.443
2.8016,-64.448
2.8016,-64.452
2.8017,-64.455
2.8017,-64.455
2.8018,-64.455
2.8018,-64.461
2.8019,-64.466
2.8019,-64.468
2.802,-64.466
2.802,-64.468
2.8021,-64.473
2.8021,-64.474
2.8022,-64.483
2.8022,-64.489
2.8023,-64.497
2.8023,-64.493
2.8024,-64.496
2.8024,-64.506
2.8025,-64.511
2.8025,-64.511
2.8026,-64.506
2.8026,-64.506
2.8027,-64.512
2.8027,-64.518
2.8028,-64.519
2.8028,-64.521
2.8029,-64.52
2.8029,-64.514
2.803,-64.501
2.803,-64.489
2.8031,-64.481
2.8031,-64.476
2.8032,-64.477
2.8032,-64.484
2.8033,-64.492
2.8033,-64.497
2.8034,-64.499
2.8034,-64.498
2.8035,-64.495
2.8035,-64.501
2.8036,-64.502
2.8036,-64.505
2.8037,-64.484
2.8037,-64.469
2.8038,-64.475
2.8038,-64.491
2.8039,-64.491
2.8039,-64.494
2.804,-64.51
2.804,-64.516
2.8041,-64.521
2.8041,-64.518
2.8042,-64.513
2.8042,-64.518
2.8043,-64.522
2.8043,-64.524
2.8044,-64.528
2.8044,-64.531
2.8045,-64.532
2.8045,-64.531
2.8046,-64.531
2.8046,-64.527
2.8047,-64.524
2.8047,-64.52
2.8048,-64.519
2.8048,-64.519
2.8049,-64.515
2.8049,-64.509
2.805,-64.508
2.805,-64.509
2.8051,-64.507
2.8051,-64.507
2.8052,-64.502
2.8052,-64.499
2.8053,-64.499
2.8053,-64.499
2.8054,-64.499
2.8054,-64.501
2.8055,-64.501
2.8055,-64.499
2.8056,-64.496
2.8056,-64.493
2.8057,-64.488
2.8057,-64.483
2.8058,-64.473
2.8058,-64.466
2.8059,-64.463
2.8059,-64.469
2.806,-64.47
2.806,-64.469
2.8061,-64.471
2.8061,-64.476
2.8062,-64.489
2.8062,-64.476
2.8063,-64.485
2.8063,-64.492
2.8064,-64.492
2.8064,-64.485
2.8065,-64.473
2.8065,-64.467
2.8066,-64.465
2.8066,-64.469
2.8067,-64.473
2.8067,-64.473
2.8068,-64.473
2.8068,-64.473
2.8069,-64.473
2.8069,-64.468
2.807,-64.468
2.807,-64.479
2.8071,-64.479
2.8071,-64.484
2.8072,-64.484
2.8072,-64.484
2.8073,-64.479
2.8073,-64.463
2.8074,-64.463
2.8074,-64.47
2.8075,-64.479
2.8075,-64.486
2.8076,-64.489
2.8076,-64.489
2.8077,-64.492
2.8077,-64.495
2.8078,-64.499
2.8078,-64.503
2.8079,-64.503
2.8079,-64.503
2.808,-64.505
2.808,-64.507
2.8081,-64.506
2.8081,-64.502
2.8082,-64.505
2.8082,-64.505
2.8082,-64.501
2.8083,-64.495
2.8083,-64.488
2.8084,-64.488
2.8084,-64.488
2.8085,-64.482
2.8085,-64.479
2.8086,-64.47
2.8086,-64.461
2.8087,-64.461
2.8087,-64.46
2.8088,-64.46
2.8088,-64.46
2.8089,-64.457
2.8089,-64.453
2.809,-64.45
2.809,-64.441
2.8091,-64.433
2.8091,-64.435
2.8092,-64.435
2.8092,-64.436
2.8093,-64.441
2.8093,-64.447
2.8094,-64.45
2.8094,-64.455
2.8095,-64.458
2.8095,-64.466
2.8096,-64.466
2.8096,-64.467
2.8097,-64.467
2.8097,-64.471
2.8098,-64.473
2.8098,-64.473
2.8099,-64.476
2.8099,-64.479
2.81,-64.48
2.81,-64.481
2.8101,-64.481
2.8101,-64.482
2.8102,-64.49
2.8102,-64.502
2.8103,-64.5
2.8103,-64.492
2.8104,-64.482
2.8104,-64.48
2.8105,-64.48
2.8105,-64.482
2.8106,-64.482
2.8106,-64.485
2.8107,-64.486
2.8107,-64.494
2.8108,-64.486
2.8108,-64.486
2.8109,-64.486
2.8109,-64.485
2.811,-64.482
2.811,-64.482
2.8111,-64.482
2.8111,-64.483
2.8112,-64.486
2.8112,-64.486
2.8113,-64.486
2.8113,-64.486
2.8114,-64.488
2.8114,-64.488
2.8115,-64.486
2.8115,-64.489
2.8116,-64.492
2.8116,-64.494
2.8117,-64.496
2.8117,-64.496
2.8118,-64.495
2.8118,-64.495
2.8119,-64.495
2.8119,-64.496
2.812,-64.502
2.812,-64.505
2.8121,-64.502
2.8121,-64.504
2.8122,-64.503
2.8122,-64.502
2.8123,-64.504
2.8123,-64.506
2.8124,-64.509
2.8124,-64.508
2.8125,-64.508
2.8125,-64.503
2.8126,-64.501
2.8126,-64.501
2.8127,-64.499
2.8127,-64.497
2.8128,-64.498
2.8128,-64.5
2.8129,-64.503
2.8129,-64.506
2.813,-64.507
2.813,-64.507
2.8131,-64.501
2.8131,-64.497
2.8132,-64.495
2.8132,-64.488
2.8133,-64.485
2.8133,-64.484
2.8134,-64.48
2.8134,-64.48
2.8135,-64.474
2.8135,-64.469
2.8136,-64.467
2.8136,-64.463
2.8137,-64.46
2.8137,-64.46
2.8138,-64.46
2.8138,-64.46
2.8139,-64.463
2.8139,-64.467
2.814,-64.465
2.814,-64.448
2.8141,-64.438
2.8141,-64.431
2.8142,-64.42
2.8142,-64.405
2.8143,-64.397
2.8143,-64.394
2.8144,-64.387
2.8144,-64.386
2.8145,-64.383
2.8145,-64.382
2.8146,-64.379
2.8146,-64.374
2.8147,-64.37
2.8147,-64.367
2.8148,-64.361
2.8148,-64.354
2.8149,-64.347
2.8149,-64.34
2.815,-64.341
2.815,-64.334
2.8151,-64.332
2.8151,-64.331
2.8152,-64.328
2.8152,-64.331
2.8153,-64.332
2.8153,-64.328
2.8154,-64.332
2.8154,-64.334
2.8155,-64.332
2.8155,-64.335
2.8156,-64.337
2.8156,-64.339
2.8157,-64.343
2.8157,-64.343
2.8158,-64.346
2.8158,-64.344
2.8159,-64.344
2.8159,-64.349
2.816,-64.355
2.816,-64.36
2.8161,-64.362
2.8161,-64.364
2.8162,-64.366
2.8162,-64.367
2.8163,-64.368
2.8163,-64.376
2.8164,-64.382
2.8164,-64.376
2.8165,-64.376
2.8165,-64.38
2.8166,-64.377
2.8166,-64.38
2.8167,-64.38
2.8167,-64.38
2.8168,-64.376
2.8168,-64.376
2.8169,-64.383
2.8169,-64.383
2.817,-64.389
2.817,-64.396
2.8171,-64.392
2.8171,-64.4
2.8172,-64.4
2.8172,-64.4
2.8173,-64.392
2.8173,-64.38
2.8174,-64.373
2.8174,-64.37
2.8175,-64.37
2.8175,-64.373
2.8176,-64.377
2.8176,-64.377
2.8177,-64.373
2.8177,-64.373
2.8178,-64.369
2.8178,-64.369
2.8179,-64.363
2.8179,-64.359
2.818,-64.356
2.818,-64.347
2.8181,-64.347
2.8181,-64.346
2.8182,-64.343
2.8182,-64.341
2.8183,-64.339
2.8183,-64.336
2.8184,-64.33
2.8184,-64.324
2.8185,-64.32
2.8185,-64.315
2.8186,-64.312
2.8186,-64.312
2.8187,-64.31
2.8187,-64.309
2.8188,-64.302
2.8188,-64.288
2.8189,-64.282
2.8189,-64.276
2.819,-64.268
2.819,-64.267
2.8191,-64.267
2.8191,-64.267
2.8192,-64.267
2.8192,-64.264
2.8193,-64.258
2.8193,-64.252
2.8194,-64.252
2.8194,-64.249
2.8195,-64.246
2.8195,-64.243
2.8196,-64.243
2.8196,-64.244
2.8197,-64.24
2.8197,-64.244
2.8198,-64.246
2.8198,-64.247
2.8199,-64.253
2.8199,-64.257
2.82,-64.259
2.82,-64.262
2.8201,-64.266
2.8201,-64.27
2.8202,-64.275
2.8202,-64.275
2.8203,-64.282
2.8203,-64.287
2.8204,-64.293
2.8204,-64.296
2.8205,-64.296
2.8205,-64.298
2.8206,-64.298
2.8206,-64.298
2.8207,-64.299
2.8207,-64.3
2.8208,-64.296
2.8208,-64.295
2.8209,-64.3
2.8209,-64.299
2.821,-64.298
2.821,-64.293
2.8211,-64.289
2.8211,-64.288
2.8212,-64.281
2.8212,-64.281
2.8213,-64.288
2.8213,-64.29
2.8214,-64.288
2.8214,-64.278
2.8215,-64.269
2.8215,-64.267
2.8216,-64.269
2.8216,-64.261
2.8217,-64.249
2.8217,-64.241
2.8218,-64.24
2.8218,-64.245
2.8219,-64.248
2.8219,-64.247
2.8219,-64.247
2.822,-64.247
2.822,-64.247
2.8221,-64.251
2.8221,-64.256
2.8222,-64.257
2.8222,-64.259
2.8223,-64.259
2.8223,-64.26
2.8224,-64.26
2.8224,-64.262
2.8225,-64.261
2.8225,-64.261
2.8226,-64.263
2.8226,-64.27
2.8227,-64.273
2.8227,-64.276
2.8228,-64.28
2.8228,-64.285
2.8229,-64.285
2.8229,-64.28
2.823,-64.281
2.823,-64.287
2.8231,-64.29
2.8231,-64.289
2.8232,-64.29
2.8232,-64.286
2.8233,-64.281
2.8233,-64.277
2.8234,-64.278
2.8234,-64.279
2.8235,-64.282
2.8235,-64.289
2.8236,-64.289
2.8236,-64.289
2.8237,-64.289
2.8237,-64.286
2.8238,-64.287
2.8238,-64.289
2.8239,-64.293
2.8239,-64.297
2.824,-64.295
2.824,-64.293
2.8241,-64.286
2.8241,-64.286
2.8242,-64.286
2.8242,-64.296
2.8243,-64.3
2.8243,-64.305
2.8244,-64.31
2.8244,-64.315
2.8245,-64.315
2.8245,-64.315
2.8246,-64.315
2.8246,-64.276
2.8247,-64.211
2.8247,-64.172
2.8248,-64.168
2.8248,-64.168
2.8249,-64.168
2.8249,-64.168
2.825,-64.168
2.825,-64.17
2.8251,-64.168
2.8251,-64.163
2.8252,-64.163
2.8252,-64.163
2.8253,-64.161
2.8253,-64.159
2.8254,-64.153
2.8254,-64.148
2.8255,-64.148
2.8255,-64.15
2.8256,-64.152
2.8256,-64.152
2.8257,-64.161
2.8257,-64.173
2.8258,-64.174
2.8258,-64.188
2.8259,-64.196
2.8259,-64.202
2.826,-64.204
2.826,-64.201
2.8261,-64.205
2.8261,-64.21
2.8262,-64.214
2.8262,-64.215
2.8263,-64.218
2.8263,-64.221
2.8264,-64.217
2.8264,-64.222
2.8265,-64.23
2.8265,-64.234
2.8266,-64.239
2.8266,-64.245
2.8267,-64.247
2.8267,-64.249
2.8268,-64.255
2.8268,-64.257
2.8269,-64.26
2.8269,-64.267
2.827,-64.276
2.827,-64.289
2.8271,-64.292
2.8271,-64.293
2.8272,-64.287
2.8272,-64.29
2.8273,-64.293
2.8273,-64.295
2.8274,-64.296
2.8274,-64.302
2.8275,-64.305
2.8275,-64.308
2.8276,-64.308
2.8276,-64.309
2.8277,-64.311
2.8277,-64.317
2.8278,-64.324
2.8278,-64.328
2.8279,-64.338
2.8279,-64.347
2.828,-64.35
2.828,-64.353
2.8281,-64.353
2.8281,-64.342
2.8282,-64.347
2.8282,-64.356
2.8283,-64.355
2.8283,-64.347
2.8284,-64.347
2.8284,-64.339
2.8285,-64.338
2.8285,-64.338
2.8286,-64.337
2.8286,-64.334
2.8287,-64.318
2.8287,-64.312
2.8288,-64.31
2.8288,-64.318
2.8289,-64.318
2.8289,-64.313
2.829,-64.318
2.829,-64.328
2.8291,-64.337
2.8291,-64.343
2.8292,-64.346
2.8292,-64.347
2.8293,-64.357
2.8293,-64.367
2.8294,-64.37
2.8294,-64.373
2.8295,-64.373
2.8295,-64.373
2.8296,-64.375
2.8296,-64.37
2.8297,-64.36
2.8297,-64.351
2.8298,-64.343
2.8298,-64.343
2.8299,-64.341
2.8299,-64.333
2.83,-64.325
2.83,-64.328
2.8301,-64.326
2.8301,-64.32
2.8302,-64.326
2.8302,-64.336
2.8303,-64.343
2.8303,-64.345
2.8304,-64.347
2.8304,-64.349
2.8305,-64.349
2.8305,-64.349
2.8306,-64.349
2.8306,-64.357
2.8307,-64.362
2.8307,-64.354
2.8308,-64.349
2.8308,-64.352
2.8309,-64.363
2.8309,-64.369
2.831,-64.37
2.831,-64.375
2.8311,-64.379
2.8311,-64.39
2.8312,-64.392
2.8312,-64.392
2.8313,-64.4
2.8313,-64.405
2.8314,-64.412
2.8314,-64.426
2.8315,-64.435
2.8315,-64.432
2.8316,-64.428
2.8316,-64.429
2.8317,-64.429
2.8317,-64.43
2.8318,-64.428
2.8318,-64.426
2.8319,-64.43
2.8319,-64.432
2.832,-64.435
2.832,-64.438
2.8321,-64.447
2.8321,-64.455
2.8322,-64.457
2.8322,-64.467
2.8323,-64.479
2.8323,-64.484
2.8324,-64.487
2.8324,-64.494
2.8325,-64.498
2.8325,-64.499
2.8326,-64.51
2.8326,-64.521
2.8327,-64.538
2.8327,-64.54
2.8328,-64.539
2.8328,-64.542
2.8329,-64.541
2.8329,-64.541
2.833,-64.541
2.833,-64.541
2.8331,-64.541
2.8331,-64.548
2.8332,-64.55
2.8332,-64.55
2.8333,-64.55
2.8333,-64.547
2.8334,-64.547
2.8334,-64.548
2.8335,-64.544
2.8335,-64.544
2.8336,-64.543
2.8336,-64.541
2.8337,-64.539
2.8337,-64.534
2.8338,-64.531
2.8338,-64.525
2.8339,-64.518
2.8339,-64.513
2.834,-64.511
2.834,-64.509
2.8341,-64.508
2.8341,-64.508
2.8342,-64.505
2.8342,-64.504
2.8343,-64.502
2.8343,-64.5
2.8344,-64.497
2.8344,-64.492
2.8345,-64.488
2.8345,-64.486
2.8346,-64.477
2.8346,-64.467
2.8347,-64.464
2.8347,-64.46
2.8348,-64.453
2.8348,-64.444
2.8349,-64.432
2.8349,-64.405
2.835,-64.371
2.835,-64.357
2.8351,-64.355
2.8351,-64.345
2.8352,-64.329
2.8352,-64.317
2.8353,-64.315
2.8353,-64.318
2.8354,-64.322
2.8354,-64.318
2.8355,-64.321
2.8355,-64.325
2.8356,-64.328
2.8356,-64.328
2.8356,-64.328
2.8357,-64.326
2.8357,-64.325
2.8358,-64.324
2.8358,-64.322
2.8359,-64.322
2.8359,-64.322
2.836,-64.322
2.836,-64.322
2.8361,-64.318
2.8361,-64.318
2.8362,-64.321
2.8362,-64.322
2.8363,-64.322
2.8363,-64.324
2.8364,-64.325
2.8364,-64.323
2.8365,-64.323
2.8365,-64.318
2.8366,-64.316
2.8366,-64.319
2.8367,-64.314
2.8367,-64.311
2.8368,-64.322
2.8368,-64.332
2.8369,-64.331
2.8369,-64.336
2.837,-64.341
2.837,-64.306
2.8371,-64.321
2.8371,-64.326
2.8372,-64.326
2.8372,-64.331
2.8373,-64.331
2.8373,-64.334
2.8374,-64.339
2.8374,-64.349
2.8375,-64.352
2.8375,-64.36
2.8376,-64.37
2.8376,-64.376
2.8377,-64.382
2.8377,-64.385
2.8378,-64.39
2.8378,-64.39
2.8379,-64.399
2.8379,-64.402
2.838,-64.405
2.838,-64.412
2.8381,-64.418
2.8381,-64.42
2.8382,-64.422
2.8382,-64.422
2.8383,-64.422
2.8383,-64.431
2.8384,-64.432
2.8384,-64.425
2.8385,-64.419
2.8385,-64.421
2.8386,-64.421
2.8386,-64.421
2.8387,-64.427
2.8387,-64.434
2.8388,-64.434
2.8388,-64.434
2.8389,-64.434
2.8389,-64.434
2.839,-64.428
2.839,-64.426
2.8391,-64.423
2.8391,-64.419
2.8392,-64.413
2.8392,-64.41
2.8393,-64.408
2.8393,-64.4
2.8394,-64.394
2.8394,-64.395
2.8395,-64.395
2.8395,-64.396
2.8396,-64.396
2.8396,-64.397
2.8397,-64.399
2.8397,-64.405
2.8398,-64.406
2.8398,-64.405
2.8399,-64.407
2.8399,-64.407
2.84,-64.41
2.84,-64.41
2.8401,-64.41
2.8401,-64.416
2.8402,-64.42
2.8402,-64.424
2.8403,-64.424
2.8403,-64.424
2.8404,-64.427
2.8404,-64.428
2.8405,-64.434
2.8405,-64.449
2.8406,-64.466
2.8406,-64.473
2.8407,-64.482
2.8407,-64.484
2.8408,-64.498
2.8408,-64.51
2.8409,-64.515
2.8409,-64.519
2.841,-64.533
2.841,-64.547
2.8411,-64.554
2.8411,-64.56
2.8412,-64.564
2.8412,-64.567
2.8413,-64.576
2.8413,-64.585
2.8414,-64.592
2.8414,-64.592
2.8415,-64.594
2.8415,-64.594
2.8416,-64.601
2.8416,-64.608
2.8417,-64.619
2.8417,-64.619
2.8418,-64.622
2.8418,-64.625
2.8419,-64.625
2.8419,-64.625
2.842,-64.64
2.842,-64.643
2.8421,-64.647
2.8421,-64.651
2.8422,-64.651
2.8422,-64.651
2.8423,-64.651
2.8423,-64.651
2.8424,-64.651
2.8424,-64.652
2.8425,-64.652
2.8425,-64.654
2.8426,-64.653
2.8426,-64.648
2.8427,-64.648
2.8427,-64.648
2.8428,-64.653
2.8428,-64.657
2.8429,-64.66
2.8429,-64.662
2.843,-64.662
2.843,-64.666
2.8431,-64.666
2.8431,-64.663
2.8432,-64.658
2.8432,-64.661
2.8433,-64.663
2.8433,-64.668
2.8434,-64.672
2.8434,-64.669
2.8435,-64.669
2.8435,-64.669
2.8436,-64.667
2.8436,-64.662
2.8437,-64.658
2.8437,-64.639
2.8438,-64.62
2.8438,-64.608
2.8439,-64.594
2.8439,-64.588
2.844,-64.582
2.844,-64.582
2.8441,-64.572
2.8441,-64.566
2.8442,-64.556
2.8442,-64.558
2.8443,-64.548
2.8443,-64.543
2.8444,-64.538
2.8444,-64.537
2.8445,-64.533
2.8445,-64.528
2.8446,-64.528
2.8446,-64.525
2.8447,-64.519
2.8447,-64.509
2.8448,-64.5
2.8448,-64.493
2.8449,-64.489
2.8449,-64.489
2.845,-64.487
2.845,-64.484
2.8451,-64.483
2.8451,-64.483
2.8452,-64.481
2.8452,-64.479
2.8453,-64.476
2.8453,-64.475
2.8454,-64.473
2.8454,-64.472
2.8455,-64.47
2.8455,-64.46
2.8456,-64.444
2.8456,-64.436
2.8457,-64.429
2.8457,-64.424
2.8458,-64.424
2.8458,-64.424
2.8459,-64.424
2.8459,-64.417
2.846,-64.404
2.846,-64.394
2.8461,-64.394
2.8461,-64.39
2.8462,-64.378
2.8462,-64.366
2.8463,-64.366
2.8463,-64.364
2.8464,-64.363
2.8464,-64.36
2.8465,-64.358
2.8465,-64.341
2.8466,-64.311
2.8466,-64.297
2.8467,-64.284
2.8467,-64.277
2.8468,-64.273
2.8468,-64.266
2.8469,-64.259
2.8469,-64.246
2.847,-64.238
2.847,-64.238
2.8471,-64.225
2.8471,-64.202
2.8472,-64.202
2.8472,-64.203
2.8473,-64.202
2.8473,-64.197
2.8474,-64.198
2.8474,-64.2
2.8475,-64.197
2.8475,-64.195
2.8476,-64.194
2.8476,-64.191
2.8477,-64.188
2.8477,-64.189
2.8478,-64.189
2.8478,-64.189
2.8479,-64.19
2.8479,-64.193
2.848,-64.194
2.848,-64.195
2.8481,-64.195
2.8481,-64.193
2.8482,-64.193
2.8482,-64.193
2.8483,-64.193
2.8483,-64.195
2.8484,-64.196
2.8484,-64.199
2.8485,-64.205
2.8485,-64.212
2.8486,-64.216
2.8486,-64.219
2.8487,-64.222
2.8487,-64.228
2.8488,-64.235
2.8488,-64.238
2.8489,-64.243
2.8489,-64.251
2.849,-64.244
2.849,-64.244
2.8491,-64.245
2.8491,-64.249
2.8492,-64.251
2.8492,-64.249
2.8493,-64.251
2.8493,-64.251
2.8493,-64.249
2.8494,-64.249
2.8494,-64.254
2.8495,-64.266
2.8495,-64.277
2.8496,-64.286
2.8496,-64.289
2.8497,-64.29
2.8497,-64.293
2.8498,-64.297
2.8498,-64.301
2.8499,-64.31
2.8499,-64.318
2.85,-64.322
2.85,-64.326
2.8501,-64.334
2.8501,-64.34
2.8502,-64.34
2.8502,-64.34
2.8503,-64.344
2.8503,-64.351
2.8504,-64.358
2.8504,-64.364
2.8505,-64.372
2.8505,-64.382
2.8506,-64.383
2.8506,-64.386
2.8507,-64.395
2.8507,-64.404
2.8508,-64.404
2.8508,-64.399
2.8509,-64.398
2.8509,-64.399
2.851,-64.396
2.851,-64.406
2.8511,-64.436
2.8511,-64.458
2.8512,-64.455
2.8512,-64.453
2.8513,-64.447
2.8513,-64.444
2.8514,-64.439
2.8514,-64.444
2.8515,-64.456
2.8515,-64.459
2.8516,-64.457
2.8516,-64.458
2.8517,-64.466
2.8517,-64.47
2.8518,-64.479
2.8518,-64.492
2.8519,-64.497
2.8519,-64.501
2.852,-64.505
2.852,-64.507
2.8521,-64.511
2.8521,-64.52
2.8522,-64.53
2.8522,-64.537
2.8523,-64.55
2.8523,-64.56
2.8524,-64.56
2.8524,-64.566
2.8525,-64.566
2.8525,-64.56
2.8526,-64.563
2.8526,-64.559
2.8527,-64.556
2.8527,-64.556
2.8528,-64.556
2.8528,-64.558
2.8529,-64.56
2.8529,-64.566
2.853,-64.566
2.853,-64.569
2.8531,-64.566
2.8531,-64.573
2.8532,-64.573
2.8532,-64.577
2.8533,-64.573
2.8533,-64.573
2.8534,-64.573
2.8534,-64.578
2.8535,-64.58
2.8535,-64.58
2.8536,-64.584
2.8536,-64.582
2.8537,-64.578
2.8537,-64.583
2.8538,-64.589
2.8538,-64.589
2.8539,-64.589
2.8539,-64.595
2.854,-64.603
2.854,-64.607
2.8541,-64.609
2.8541,-64.612
2.8542,-64.612
2.8542,-64.617
2.8543,-64.619
2.8543,-64.623
2.8544,-64.619
2.8544,-64.617
2.8545,-64.617
2.8545,-64.617
2.8546,-64.619
2.8546,-64.621
2.8547,-64.619
2.8547,-64.616
2.8548,-64.618
2.8548,-64.617
2.8549,-64.616
2.8549,-64.613
2.855,-64.605
2.855,-64.604
2.8551,-64.604
2.8551,-64.606
2.8552,-64.604
2.8552,-64.605
2.8553,-64.599
2.8553,-64.592
2.8554,-64.59
2.8554,-64.596
2.8555,-64.601
2.8555,-64.598
2.8556,-64.598
2.8556,-64.595
2.8557,-64.595
2.8557,-64.598
2.8558,-64.594
2.8558,-64.59
2.8559,-64.59
2.8559,-64.595
2.856,-64.6
2.856,-64.602
2.8561,-64.599
2.8561,-64.6
2.8562,-64.601
2.8562,-64.608
2.8563,-64.601
2.8563,-64.601
2.8564,-64.605
2.8564,-64.61
2.8565,-64.605
2.8565,-64.605
2.8566,-64.605
2.8566,-64.605
2.8567,-64.608
2.8567,-64.612
2.8568,-64.612
2.8568,-64.614
2.8569,-64.615
2.8569,-64.619
2.857,-64.619
2.857,-64.62
2.8571,-64.621
2.8571,-64.623
2.8572,-64.629
2.8572,-64.63
2.8573,-64.64
2.8573,-64.651
2.8574,-64.656
2.8574,-64.662
2.8575,-64.669
2.8575,-64.671
2.8576,-64.671
2.8576,-64.671
2.8577,-64.679
2.8577,-64.692
2.8578,-64.701
2.8578,-64.708
2.8579,-64.712
2.8579,-64.714
2.858,-64.721
2.858,-64.727
2.8581,-64.727
2.8581,-64.727
2.8582,-64.724
2.8582,-64.723
2.8583,-64.727
2.8583,-64.727
2.8584,-64.727
2.8584,-64.73
2.8585,-64.731
2.8585,-64.73
2.8586,-64.727
2.8586,-64.726
2.8587,-64.72
2.8587,-64.712
2.8588,-64.709
2.8588,-64.704
2.8589,-64.7
2.8589,-64.698
2.859,-64.698
2.859,-64.698
2.8591,-64.696
2.8591,-64.694
2.8592,-64.687
2.8592,-64.685
2.8593,-64.683
2.8593,-64.68
2.8594,-64.678
2.8594,-64.678
2.8595,-64.677
2.8595,-64.679
2.8596,-64.679
2.8596,-64.677
2.8597,-64.674
2.8597,-64.67
2.8598,-64.663
2.8598,-64.656
2.8599,-64.656
2.8599,-64.656
2.86,-64.656
2.86,-64.666
2.8601,-64.666
2.8601,-64.67
2.8602,-64.657
2.8602,-64.654
2.8603,-64.65
2.8603,-64.646
2.8604,-64.642
2.8604,-64.641
2.8605,-64.641
2.8605,-64.637
2.8606,-64.641
2.8606,-64.645
2.8607,-64.65
2.8607,-64.653
2.8608,-64.653
2.8608,-64.656
2.8609,-64.658
2.8609,-64.621
2.861,-64.577
2.861,-64.556
2.8611,-64.537
2.8611,-64.528
2.8612,-64.492
2.8612,-64.446
2.8613,-64.419
2.8613,-64.408
2.8614,-64.398
2.8614,-64.382
2.8615,-64.377
2.8615,-64.379
2.8616,-64.384
2.8616,-64.391
2.8617,-64.396
2.8617,-64.396
2.8618,-64.402
2.8618,-64.412
2.8619,-64.42
2.8619,-64.423
2.862,-64.425
2.862,-64.427
2.8621,-64.428
2.8621,-64.428
2.8622,-64.431
2.8622,-64.433
2.8623,-64.437
2.8623,-64.441
2.8624,-64.444
2.8624,-64.444
2.8625,-64.447
2.8625,-64.447
2.8626,-64.448
2.8626,-64.457
2.8627,-64.457
2.8627,-64.476
2.8628,-64.494
2.8628,-64.496
2.8629,-64.501
2.8629,-64.509
2.863,-64.522
2.863,-64.538
2.863,-64.545
2.8631,-64.547
2.8631,-64.543
2.8632,-64.544
2.8632,-64.544
2.8633,-64.546
2.8633,-64.557
2.8634,-64.569
2.8634,-64.569
2.8635,-64.569
2.8635,-64.569
2.8636,-64.573
2.8636,-64.576
2.8637,-64.578
2.8637,-64.58
2.8638,-64.579
2.8638,-64.581
2.8639,-64.582
2.8639,-64.583
2.864,-64.589
2.864,-64.596
2.8641,-64.596
2.8641,-64.595
2.8642,-64.588
2.8642,-64.58
2.8643,-64.577
2.8643,-64.575
2.8644,-64.575
2.8644,-64.577
2.8645,-64.576
2.8645,-64.573
2.8646,-64.573
2.8646,-64.569
2.8647,-64.565
2.8647,-64.565
2.8648,-64.562
2.8648,-64.562
2.8649,-64.562
2.8649,-64.562
2.865,-64.555
2.865,-64.55
2.8651,-64.553
2.8651,-64.56
2.8652,-64.575
2.8652,-64.567
2.8653,-64.566
2.8653,-64.563
2.8654,-64.559
2.8654,-64.559
2.8655,-64.564
2.8655,-64.569
2.8656,-64.572
2.8656,-64.572
2.8657,-64.573
2.8657,-64.572
2.8658,-64.576
2.8658,-64.579
2.8659,-64.581
2.8659,-64.583
2.866,-64.591
2.866,-64.599
2.8661,-64.603
2.8661,-64.606
2.8662,-64.608
2.8662,-64.608
2.8663,-64.606
2.8663,-64.606
2.8664,-64.605
2.8664,-64.608
2.8665,-64.611
2.8665,-64.611
2.8666,-64.611
2.8666,-64.611
2.8667,-64.611
2.8667,-64.613
2.8668,-64.614
2.8668,-64.621
2.8669,-64.63
2.8669,-64.648
2.867,-64.659
2.867,-64.66
2.8671,-64.666
2.8671,-64.667
2.8672,-64.678
2.8672,-64.687
2.8673,-64.688
2.8673,-64.682
2.8674,-64.689
2.8674,-64.688
2.8675,-64.698
2.8675,-64.707
2.8676,-64.714
2.8676,-64.718
2.8677,-64.722
2.8677,-64.725
2.8678,-64.728
2.8678,-64.732
2.8679,-64.735
2.8679,-64.741
2.868,-64.749
2.868,-64.751
2.8681,-64.752
2.8681,-64.753
2.8682,-64.753
2.8682,-64.754
2.8683,-64.754
2.8683,-64.754
2.8684,-64.753
2.8684,-64.755
2.8685,-64.753
2.8685,-64.752
2.8686,-64.75
2.8686,-64.754
2.8687,-64.762
2.8687,-64.757
2.8688,-64.753
2.8688,-64.751
2.8689,-64.741
2.8689,-64.734
2.869,-64.728
2.869,-64.724
2.8691,-64.706
2.8691,-64.687
2.8692,-64.676
2.8692,-64.656
2.8693,-64.642
2.8693,-64.639
2.8694,-64.63
2.8694,-64.621
2.8695,-64.624
2.8695,-64.614
2.8696,-64.599
2.8696,-64.596
2.8697,-64.589
2.8697,-64.574
2.8698,-64.55
2.8698,-64.54
2.8699,-64.516
2.8699,-64.505
2.87,-64.502
2.87,-64.492
2.8701,-64.479
2.8701,-64.479
2.8702,-64.479
2.8702,-64.468
2.8703,-64.468
2.8703,-64.468
2.8704,-64.468
2.8704,-64.468
2.8705,-64.462
2.8705,-64.461
2.8706,-64.461
2.8706,-64.461
2.8707,-64.472
2.8707,-64.487
2.8708,-64.489
2.8708,-64.492
2.8709,-64.481
2.8709,-64.49
2.871,-64.507
2.871,-64.514
2.8711,-64.519
2.8711,-64.527
2.8712,-64.53
2.8712,-64.525
2.8713,-64.52
2.8713,-64.514
2.8714,-64.5
2.8714,-64.499
2.8715,-64.509
2.8715,-64.514
2.8716,-64.483
2.8716,-64.467
2.8717,-64.463
2.8717,-64.47
2.8718,-64.476
2.8718,-64.462
2.8719,-64.447
2.8719,-64.442
2.872,-64.445
2.872,-64.444
2.8721,-64.441
2.8721,-64.439
2.8722,-64.435
2.8722,-64.432
2.8723,-64.428
2.8723,-64.424
2.8724,-64.42
2.8724,-64.417
2.8725,-64.415
2.8725,-64.412
2.8726,-64.412
2.8726,-64.408
2.8727,-64.401
2.8727,-64.387
2.8728,-64.389
2.8728,-64.397
2.8729,-64.4
2.8729,-64.4
2.873,-64.404
2.873,-64.406
2.8731,-64.415
2.8731,-64.417
2.8732,-64.417
2.8732,-64.418
2.8733,-64.42
2.8733,-64.433
2.8734,-64.437
2.8734,-64.437
2.8735,-64.432
2.8735,-64.432
2.8736,-64.428
2.8736,-64.428
2.8737,-64.426
2.8737,-64.418
2.8738,-64.416
2.8738,-64.418
2.8739,-64.424
2.8739,-64.427
2.874,-64.431
2.874,-64.426
2.8741,-64.426
2.8741,-64.431
2.8742,-64.424
2.8742,-64.419
2.8743,-64.419
2.8743,-64.419
2.8744,-64.419
2.8744,-64.419
2.8745,-64.419
2.8745,-64.419
2.8746,-64.415
2.8746,-64.408
2.8747,-64.402
2.8747,-64.4
2.8748,-64.395
2.8748,-64.392
2.8749,-64.395
2.8749,-64.401
2.875,-64.402
2.875,-64.392
2.8751,-64.382
2.8751,-64.385
2.8752,-64.387
2.8752,-64.385
2.8753,-64.379
2.8753,-64.376
2.8754,-64.377
2.8754,-64.374
2.8755,-64.376
2.8755,-64.378
2.8756,-64.378
2.8756,-64.377
2.8757,-64.379
2.8757,-64.379
2.8758,-64.376
2.8758,-64.372
2.8759,-64.367
2.8759,-64.367
2.876,-64.375
2.876,-64.371
2.8761,-64.37
2.8761,-64.37
2.8762,-64.37
2.8762,-64.374
2.8763,-64.374
2.8763,-64.373
2.8764,-64.363
2.8764,-64.363
2.8765,-64.363
2.8765,-64.363
2.8766,-64.366
2.8766,-64.363
2.8767,-64.365
2.8767,-64.367
2.8767,-64.367
2.8768,-64.364
2.8768,-64.36
2.8769,-64.36
2.8769,-64.362
2.877,-64.358
2.877,-64.353
2.8771,-64.35
2.8771,-64.35
2.8772,-64.35
2.8772,-64.349
2.8773,-64.35
2.8773,-64.345
2.8774,-64.336
2.8774,-64.325
2.8775,-64.315
2.8775,-64.312
2.8776,-64.307
2.8776,-64.308
2.8777,-64.309
2.8777,-64.309
2.8778,-64.314
2.8778,-64.328
2.8779,-64.337
2.8779,-64.342
2.878,-64.352
2.878,-64.36
2.8781,-64.363
2.8781,-64.363
2.8782,-64.326
2.8782,-64.267
2.8783,-64.247
2.8783,-64.236
2.8784,-64.222
2.8784,-64.213
2.8785,-64.205
2.8785,-64.199
2.8786,-64.197
2.8786,-64.196
2.8787,-64.194
2.8787,-64.178
2.8788,-64.165
2.8788,-64.156
2.8789,-64.15
2.8789,-64.141
2.879,-64.131
2.879,-64.115
2.8791,-64.096
2.8791,-64.086
2.8792,-64.082
2.8792,-64.075
2.8793,-64.07
2.8793,-64.076
2.8794,-64.071
2.8794,-64.065
2.8795,-64.061
2.8795,-64.057
2.8796,-64.051
2.8796,-64.043
2.8797,-64.037
2.8797,-64.024
2.8798,-64.009
2.8798,-64.009
2.8799,-64.016
2.8799,-64.011
2.88,-64.007
2.88,-64.006
2.8801,-64.003
2.8801,-64.016
2.8802,-64.022
2.8802,-64.032
2.8803,-64.041
2.8803,-64.054
2.8804,-64.067
2.8804,-64.08
2.8805,-64.096
2.8805,-64.105
2.8806,-64.113
2.8806,-64.122
2.8807,-64.128
2.8807,-64.134
2.8808,-64.134
2.8808,-64.139
2.8809,-64.138
2.8809,-64.134
2.881,-64.126
2.881,-64.126
2.8811,-64.128
2.8811,-64.128
2.8812,-64.11
2.8812,-64.098
2.8813,-64.097
2.8813,-64.093
2.8814,-64.093
2.8814,-64.09
2.8815,-64.09
2.8815,-64.085
2.8816,-64.074
2.8816,-64.068
2.8817,-64.065
2.8817,-64.06
2.8818,-64.054
2.8818,-64.038
2.8819,-64.013
2.8819,-63.993
2.882,-63.987
2.882,-63.987
2.8821,-63.975
2.8821,-63.964
2.8822,-63.955
2.8822,-63.951
2.8823,-63.949
2.8823,-63.948
2.8824,-63.937
2.8824,-63.926
2.8825,-63.926
2.8825,-63.924
2.8826,-63.911
2.8826,-63.899
2.8827,-63.894
2.8827,-63.89
2.8828,-63.883
2.8828,-63.874
2.8829,-63.869
2.8829,-63.867
2.883,-63.858
2.883,-63.852
2.8831,-63.844
2.8831,-63.825
2.8832,-63.803
2.8832,-63.79
2.8833,-63.779
2.8833,-63.77
2.8834,-63.766
2.8834,-63.762
2.8835,-63.764
2.8835,-63.762
2.8836,-63.77
2.8836,-63.78
2.8837,-63.778
2.8837,-63.778
2.8838,-63.78
2.8838,-63.776
2.8839,-63.774
2.8839,-63.784
2.884,-63.789
2.884,-63.786
2.8841,-63.782
2.8841,-63.787
2.8842,-63.787
2.8842,-63.787
2.8843,-63.794
2.8843,-63.807
2.8844,-63.811
2.8844,-63.813
2.8845,-63.816
2.8845,-63.819
2.8846,-63.836
2.8846,-63.852
2.8847,-63.861
2.8847,-63.875
2.8848,-63.885
2.8848,-63.891
2.8849,-63.895
2.8849,-63.903
2.885,-63.907
2.885,-63.919
2.8851,-63.932
2.8851,-63.942
2.8852,-63.952
2.8852,-63.963
2.8853,-63.965
2.8853,-63.967
2.8854,-63.972
2.8854,-63.987
2.8855,-63.989
2.8855,-63.997
2.8856,-64.008
2.8856,-64.025
2.8857,-64.039
2.8857,-64.051
2.8858,-64.06
2.8858,-64.064
2.8859,-64.068
2.8859,-64.072
2.886,-64.08
2.886,-64.087
2.8861,-64.092
2.8861,-64.11
2.8862,-64.136
2.8862,-64.151
2.8863,-64.158
2.8863,-64.164
2.8864,-64.171
2.8864,-64.185
2.8865,-64.201
2.8865,-64.212
2.8866,-64.219
2.8866,-64.226
2.8867,-64.238
2.8867,-64.241
2.8868,-64.249
2.8868,-64.262
2.8869,-64.28
2.8869,-64.293
2.887,-64.299
2.887,-64.299
2.8871,-64.303
2.8871,-64.308
2.8872,-64.309
2.8872,-64.31
2.8873,-64.306
2.8873,-64.308
2.8874,-64.311
2.8874,-64.315
2.8875,-64.317
2.8875,-64.317
2.8876,-64.318
2.8876,-64.318
2.8877,-64.313
2.8877,-64.315
2.8878,-64.32
2.8878,-64.322
2.8879,-64.328
2.8879,-64.334
2.888,-64.331
2.888,-64.331
2.8881,-64.344
2.8881,-64.348
2.8882,-64.352
2.8882,-64.356
2.8883,-64.356
2.8883,-64.362
2.8884,-64.363
2.8884,-64.37
2.8885,-64.37
2.8885,-64.367
2.8886,-64.37
2.8886,-64.377
2.8887,-64.381
2.8887,-64.385
2.8888,-64.389
2.8888,-64.394
2.8889,-64.408
2.8889,-64.424
2.889,-64.431
2.889,-64.435
2.8891,-64.437
2.8891,-64.441
2.8892,-64.44
2.8892,-64.435
2.8893,-64.435
2.8893,-64.425
2.8894,-64.418
2.8894,-64.418
2.8895,-64.418
2.8895,-64.418
2.8896,-64.422
2.8896,-64.423
2.8897,-64.424
2.8897,-64.427
2.8898,-64.428
2.8898,-64.424
2.8899,-64.424
2.8899,-64.418
2.89,-64.416
2.89,-64.411
2.8901,-64.401
2.8901,-64.397
2.8902,-64.394
2.8902,-64.392
2.8903,-64.39
2.8903,-64.386
2.8904,-64.386
2.8904,-64.383
2.8904,-64.368
2.8905,-64.354
2.8905,-64.346
2.8906,-64.334
2.8906,-64.329
2.8907,-64.322
2.8907,-64.309
2.8908,-64.299
2.8908,-64.296
2.8909,-64.291
2.8909,-64.286
2.891,-64.28
2.891,-64.264
2.8911,-64.254
2.8911,-64.248
2.8912,-64.247
2.8912,-64.243
2.8913,-64.216
2.8913,-64.186
2.8914,-64.174
2.8914,-64.162
2.8915,-64.165
2.8915,-64.165
2.8916,-64.17
2.8916,-64.17
2.8917,-64.17
2.8917,-64.174
2.8918,-64.179
2.8918,-64.179
2.8919,-64.179
2.8919,-64.18
2.892,-64.18
2.892,-64.186
2.8921,-64.193
2.8921,-64.195
2.8922,-64.195
2.8922,-64.198
2.8923,-64.198
2.8923,-64.194
2.8924,-64.198
2.8924,-64.2
2.8925,-64.197
2.8925,-64.197
2.8926,-64.197
2.8926,-64.195
2.8927,-64.195
2.8927,-64.193
2.8928,-64.182
2.8928,-64.17
2.8929,-64.17
2.8929,-64.175
2.893,-64.18
2.893,-64.18
2.8931,-64.18
2.8931,-64.173
2.8932,-64.17
2.8932,-64.17
2.8933,-64.17
2.8933,-64.169
2.8934,-64.168
2.8934,-64.167
2.8935,-64.167
2.8935,-64.157
2.8936,-64.153
2.8936,-64.155
2.8937,-64.154
2.8937,-64.16
2.8938,-64.16
2.8938,-64.16
2.8939,-64.163
2.8939,-64.164
2.894,-64.16
2.894,-64.161
2.8941,-64.152
2.8941,-64.157
2.8942,-64.173
2.8942,-64.178
2.8943,-64.178
2.8943,-64.181
2.8944,-64.183
2.8944,-64.184
2.8945,-64.188
2.8945,-64.192
2.8946,-64.196
2.8946,-64.21
2.8947,-64.226
2.8947,-64.24
2.8948,-64.257
2.8948,-64.267
2.8949,-64.272
2.8949,-64.272
2.895,-64.273
2.895,-64.28
2.8951,-64.285
2.8951,-64.289
2.8952,-64.295
2.8952,-64.299
2.8953,-64.301
2.8953,-64.309
2.8954,-64.309
2.8954,-64.315
2.8955,-64.315
2.8955,-64.312
2.8956,-64.315
2.8956,-64.312
2.8957,-64.309
2.8957,-64.303
2.8958,-64.299
2.8958,-64.299
2.8959,-64.299
2.8959,-64.291
2.896,-64.291
2.896,-64.291
2.8961,-64.291
2.8961,-64.283
2.8962,-64.287
2.8962,-64.291
2.8963,-64.283
2.8963,-64.283
2.8964,-64.288
2.8964,-64.291
2.8965,-64.296
2.8965,-64.301
2.8966,-64.303
2.8966,-64.305
2.8967,-64.287
2.8967,-64.26
2.8968,-64.251
2.8968,-64.235
2.8969,-64.23
2.8969,-64.221
2.897,-64.219
2.897,-64.221
2.8971,-64.225
2.8971,-64.231
2.8972,-64.23
2.8972,-64.19
2.8973,-64.165
2.8973,-64.136
2.8974,-64.104
2.8974,-64.078
2.8975,-64.066
2.8975,-64.063
2.8976,-64.061
2.8976,-64.061
2.8977,-64.061
2.8977,-64.061
2.8978,-64.061
2.8978,-64.061
2.8979,-64.061
2.8979,-64.061
2.898,-64.053
2.898,-64.053
2.8981,-64.053
2.8981,-64.053
2.8982,-64.055
2.8982,-64.055
2.8983,-64.055
2.8983,-64.055
2.8984,-64.058
2.8984,-64.059
2.8985,-64.063
2.8985,-64.07
2.8986,-64.07
2.8986,-64.072
2.8987,-64.067
2.8987,-64.067
2.8988,-64.074
2.8988,-64.079
2.8989,-64.087
2.8989,-64.098
2.899,-64.109
2.899,-64.119
2.8991,-64.126
2.8991,-64.145
2.8992,-64.178
2.8992,-64.212
2.8993,-64.241
2.8993,-64.257
2.8994,-64.26
2.8994,-64.278
2.8995,-64.295
2.8995,-64.301
2.8996,-64.312
2.8996,-64.325
2.8997,-64.334
2.8997,-64.344
2.8998,-64.354
2.8998,-64.358
2.8999,-64.36
2.8999,-64.362
2.9,-64.366
2.9,-64.368
2.9001,-64.37
2.9001,-64.379
2.9002,-64.389
2.9002,-64.396
2.9003,-64.402
2.9003,-64.402
2.9004,-64.376
2.9004,-64.372
2.9005,-64.373
2.9005,-64.372
2.9006,-64.358
2.9006,-64.34
2.9007,-64.327
2.9007,-64.328
2.9008,-64.319
2.9008,-64.321
2.9009,-64.328
2.9009,-64.336
2.901,-64.336
2.901,-64.332
2.9011,-64.332
2.9011,-64.34
2.9012,-64.331
2.9012,-64.315
2.9013,-64.309
2.9013,-64.299
2.9014,-64.287
2.9014,-64.291
2.9015,-64.292
2.9015,-64.289
2.9016,-64.285
2.9016,-64.281
2.9017,-64.285
2.9017,-64.286
2.9018,-64.275
2.9018,-64.271
2.9019,-64.272
2.9019,-64.282
2.902,-64.289
2.902,-64.293
2.9021,-64.299
2.9021,-64.299
2.9022,-64.312
2.9022,-64.321
2.9023,-64.322
2.9023,-64.323
2.9024,-64.321
2.9024,-64.321
2.9025,-64.321
2.9025,-64.326
2.9026,-64.328
2.9026,-64.347
2.9027,-64.364
2.9027,-64.367
2.9028,-64.371
2.9028,-64.373
2.9029,-64.382
2.9029,-64.392
2.903,-64.388
2.903,-64.394
2.9031,-64.401
2.9031,-64.409
2.9032,-64.418
2.9032,-64.431
2.9033,-64.437
2.9033,-64.454
2.9034,-64.465
2.9034,-64.474
2.9035,-64.485
2.9035,-64.495
2.9036,-64.499
2.9036,-64.508
2.9037,-64.513
2.9037,-64.518
2.9038,-64.524
2.9038,-64.53
2.9039,-64.53
2.9039,-64.53
2.904,-64.53
2.904,-64.544
2.9041,-64.555
2.9041,-64.562
2.9041,-64.563
2.9042,-64.557
2.9042,-64.552
2.9043,-64.55
2.9043,-64.545
2.9044,-64.54
2.9044,-64.539
2.9045,-64.536
2.9045,-64.536
2.9046,-64.533
2.9046,-64.527
2.9047,-64.518
2.9047,-64.513
2.9048,-64.509
2.9048,-64.509
2.9049,-64.509
2.9049,-64.509
2.905,-64.506
2.905,-64.502
2.9051,-64.505
2.9051,-64.488
2.9052,-64.473
2.9052,-64.464
2.9053,-64.456
2.9053,-64.449
2.9054,-64.444
2.9054,-64.437
2.9055,-64.434
2.9055,-64.433
2.9056,-64.415
2.9056,-64.402
2.9057,-64.393
2.9057,-64.397
2.9058,-64.399
2.9058,-64.399
2.9059,-64.399
2.9059,-64.399
2.906,-64.395
2.906,-64.381
2.9061,-64.378
2.9061,-64.377
2.9062,-64.379
2.9062,-64.382
2.9063,-64.387
2.9063,-64.392
2.9064,-64.393
2.9064,-64.389
2.9065,-64.389
2.9065,-64.391
2.9066,-64.39
2.9066,-64.391
2.9067,-64.389
2.9067,-64.386
2.9068,-64.383
2.9068,-64.374
2.9069,-64.367
2.9069,-64.37
2.907,-64.37
2.907,-64.366
2.9071,-64.366
2.9071,-64.367
2.9072,-64.368
2.9072,-64.368
2.9073,-64.363
2.9073,-64.355
2.9074,-64.355
2.9074,-64.357
2.9075,-64.361
2.9075,-64.361
2.9076,-64.359
2.9076,-64.358
2.9077,-64.348
2.9077,-64.35
2.9078,-64.35
2.9078,-64.35
2.9079,-64.338
2.9079,-64.318
2.908,-64.305
2.908,-64.296
2.9081,-64.296
2.9081,-64.296
2.9082,-64.296
2.9082,-64.299
2.9083,-64.306
2.9083,-64.299
2.9084,-64.302
2.9084,-64.314
2.9085,-64.325
2.9085,-64.33
2.9086,-64.33
2.9086,-64.325
2.9087,-64.327
2.9087,-64.327
2.9088,-64.322
2.9088,-64.316
2.9089,-64.312
2.9089,-64.309
2.909,-64.309
2.909,-64.309
2.9091,-64.3
2.9091,-64.296
2.9092,-64.298
2.9092,-64.302
2.9093,-64.304
2.9093,-64.304
2.9094,-64.297
2.9094,-64.296
2.9095,-64.296
2.9095,-64.299
2.9096,-64.302
2.9096,-64.302
2.9097,-64.306
2.9097,-64.31
2.9098,-64.312
2.9098,-64.314
2.9099,-64.313
2.9099,-64.313
2.91,-64.313
2.91,-64.313
2.9101,-64.311
2.9101,-64.306
2.9102,-64.305
2.9102,-64.308
2.9103,-64.311
2.9103,-64.315
2.9104,-64.318
2.9104,-64.316
2.9105,-64.315
2.9105,-64.315
2.9106,-64.324
2.9106,-64.333
2.9107,-64.334
2.9107,-64.334
2.9108,-64.328
2.9108,-64.328
2.9109,-64.334
2.9109,-64.341
2.911,-64.343
2.911,-64.336
2.9111,-64.331
2.9111,-64.338
2.9112,-64.34
2.9112,-64.33
2.9113,-64.315
2.9113,-64.302
2.9114,-64.302
2.9114,-64.309
2.9115,-64.31
2.9115,-64.315
2.9116,-64.322
2.9116,-64.331
2.9117,-64.338
2.9117,-64.344
2.9118,-64.354
2.9118,-64.359
2.9119,-64.362
2.9119,-64.364
2.912,-64.368
2.912,-64.368
2.9121,-64.372
2.9121,-64.378
2.9122,-64.378
2.9122,-64.378
2.9123,-64.378
2.9123,-64.378
2.9124,-64.378
2.9124,-64.38
2.9125,-64.383
2.9125,-64.381
2.9126,-64.381
2.9126,-64.381
2.9127,-64.378
2.9127,-64.381
2.9128,-64.381
2.9128,-64.378
2.9129,-64.38
2.9129,-64.387
2.913,-64.387
2.913,-64.387
2.9131,-64.386
2.9131,-64.386
2.9132,-64.386
2.9132,-64.383
2.9133,-64.379
2.9133,-64.374
2.9134,-64.369
2.9134,-64.362
2.9135,-64.362
2.9135,-64.362
2.9136,-64.36
2.9136,-64.356
2.9137,-64.353
2.9137,-64.353
2.9138,-64.353
2.9138,-64.353
2.9139,-64.356
2.9139,-64.356
2.914,-64.353
2.914,-64.35
2.9141,-64.35
2.9141,-64.35
2.9142,-64.354
2.9142,-64.359
2.9143,-64.366
2.9143,-64.372
2.9144,-64.372
2.9144,-64.376
2.9145,-64.376
2.9145,-64.376
2.9146,-64.379
2.9146,-64.381
2.9147,-64.388
2.9147,-64.393
2.9148,-64.399
2.9148,-64.399
2.9149,-64.402
2.9149,-64.415
2.915,-64.421
2.915,-64.423
2.9151,-64.428
2.9151,-64.431
2.9152,-64.433
2.9152,-64.433
2.9153,-64.431
2.9153,-64.428
2.9154,-64.431
2.9154,-64.436
2.9155,-64.437
2.9155,-64.437
2.9156,-64.441
2.9156,-64.45
2.9157,-64.453
2.9157,-64.454
2.9158,-64.454
2.9158,-64.456
2.9159,-64.456
2.9159,-64.458
2.916,-64.458
2.916,-64.458
2.9161,-64.46
2.9161,-64.463
2.9162,-64.463
2.9162,-64.47
2.9163,-64.473
2.9163,-64.473
2.9164,-64.474
2.9164,-64.476
2.9165,-64.477
2.9165,-64.484
2.9166,-64.485
2.9166,-64.484
2.9167,-64.491
2.9167,-64.493
2.9168,-64.495
2.9168,-64.495
2.9169,-64.495
2.9169,-64.495
2.917,-64.502
2.917,-64.508
2.9171,-64.508
2.9171,-64.508
2.9172,-64.512
2.9172,-64.52
2.9173,-64.521
2.9173,-64.527
2.9174,-64.532
2.9174,-64.547
2.9175,-64.56
2.9175,-64.563
2.9176,-64.564
2.9176,-64.568
2.9177,-64.571
2.9177,-64.573
2.9178,-64.572
2.9178,-64.576
2.9178,-64.574
2.9179,-64.571
2.9179,-64.571
2.918,-64.569
2.918,-64.568
2.9181,-64.567
2.9181,-64.563
2.9182,-64.558
2.9182,-64.553
2.9183,-64.563
2.9183,-64.564
2.9184,-64.556
2.9184,-64.554
2.9185,-64.55
2.9185,-64.551
2.9186,-64.555
2.9186,-64.558
2.9187,-64.558
2.9187,-64.559
2.9188,-64.56
2.9188,-64.56
2.9189,-64.56
2.9189,-64.563
2.919,-64.566
2.919,-64.563
2.9191,-64.561
2.9191,-64.554
2.9192,-64.548
2.9192,-64.548
2.9193,-64.55
2.9193,-64.551
2.9194,-64.553
2.9194,-64.553
2.9195,-64.55
2.9195,-64.55
2.9196,-64.553
2.9196,-64.553
2.9197,-64.556
2.9197,-64.551
2.9198,-64.55
2.9198,-64.556
2.9199,-64.561
2.9199,-64.565
2.92,-64.563
2.92,-64.56
2.9201,-64.557
2.9201,-64.553
2.9202,-64.553
2.9202,-64.559
2.9203,-64.559
2.9203,-64.56
2.9204,-64.56
2.9204,-64.558
2.9205,-64.558
2.9205,-64.553
2.9206,-64.552
2.9206,-64.556
2.9207,-64.561
2.9207,-64.568
2.9208,-64.573
2.9208,-64.579
2.9209,-64.579
2.9209,-64.582
2.921,-64.588
2.921,-64.589
2.9211,-64.594
2.9211,-64.598
2.9212,-64.598
2.9212,-64.598
2.9213,-64.598
2.9213,-64.595
2.9214,-64.595
2.9214,-64.584
2.9215,-64.568
2.9215,-64.57
2.9216,-64.561
2.9216,-64.558
2.9217,-64.561
2.9217,-64.563
2.9218,-64.563
2.9218,-64.563
2.9219,-64.563
2.9219,-64.563
2.922,-64.563
2.922,-64.563
2.9221,-64.557
2.9221,-64.562
2.9222,-64.555
2.9222,-64.544
2.9223,-64.542
2.9223,-64.55
2.9224,-64.553
2.9224,-64.554
2.9225,-64.552
2.9225,-64.554
2.9226,-64.558
2.9226,-64.565
2.9227,-64.573
2.9227,-64.576
2.9228,-64.575
2.9228,-64.576
2.9229,-64.584
2.9229,-64.588
2.923,-64.585
2.923,-64.582
2.9231,-64.582
2.9231,-64.583
2.9232,-64.588
2.9232,-64.584
2.9233,-64.582
2.9233,-64.583
2.9234,-64.587
2.9234,-64.586
2.9235,-64.586
2.9235,-64.588
2.9236,-64.59
2.9236,-64.591
2.9237,-64.585
2.9237,-64.586
2.9238,-64.586
2.9238,-64.586
2.9239,-64.592
2.9239,-64.595
2.924,-64.592
2.924,-64.587
2.9241,-64.583
2.9241,-64.579
2.9242,-64.581
2.9242,-64.575
2.9243,-64.571
2.9243,-64.572
2.9244,-64.575
2.9244,-64.577
2.9245,-64.577
2.9245,-64.581
2.9246,-64.57
2.9246,-64.566
2.9247,-64.571
2.9247,-64.574
2.9248,-64.572
2.9248,-64.563
2.9249,-64.552
2.9249,-64.553
2.925,-64.551
2.925,-64.548
2.9251,-64.546
2.9251,-64.545
2.9252,-64.545
2.9252,-64.554
2.9253,-64.556
2.9253,-64.567
2.9254,-64.577
2.9254,-64.587
2.9255,-64.593
2.9255,-64.598
2.9256,-64.601
2.9256,-64.603
2.9257,-64.605
2.9257,-64.612
2.9258,-64.616
2.9258,-64.621
2.9259,-64.622
2.9259,-64.63
2.926,-64.652
2.926,-64.668
2.9261,-64.675
2.9261,-64.678
2.9262,-64.685
2.9262,-64.693
2.9263,-64.697
2.9263,-64.701
2.9264,-64.705
2.9264,-64.712
2.9265,-64.726
2.9265,-64.739
2.9266,-64.74
2.9266,-64.748
2.9267,-64.756
2.9267,-64.758
2.9268,-64.765
2.9268,-64.778
2.9269,-64.796
2.9269,-64.797
2.927,-64.797
2.927,-64.807
2.9271,-64.81
2.9271,-64.81
2.9272,-64.811
2.9272,-64.812
2.9273,-64.813
2.9273,-64.82
2.9274,-64.83
2.9274,-64.836
2.9275,-64.843
2.9275,-64.849
2.9276,-64.856
2.9276,-64.872
2.9277,-64.891
2.9277,-64.901
2.9278,-64.907
2.9278,-64.91
2.9279,-64.914
2.9279,-64.919
2.928,-64.92
2.928,-64.921
2.9281,-64.927
2.9281,-64.933
2.9282,-64.936
2.9282,-64.938
2.9283,-64.945
2.9283,-64.945
2.9284,-64.947
2.9284,-64.952
2.9285,-64.956
2.9285,-64.96
2.9286,-64.965
2.9286,-64.971
2.9287,-64.975
2.9287,-64.978
2.9288,-64.978
2.9288,-64.975
2.9289,-64.973
2.9289,-64.972
2.929,-64.972
2.929,-64.978
2.9291,-64.985
2.9291,-64.988
2.9292,-64.989
2.9292,-64.991
2.9293,-64.994
2.9293,-64.991
2.9294,-64.991
2.9294,-64.994
2.9295,-64.994
2.9295,-64.984
2.9296,-64.984
2.9296,-64.994
2.9297,-64.995
2.9297,-64.988
2.9298,-64.984
2.9298,-64.985
2.9299,-64.985
2.9299,-64.985
2.93,-64.985
2.93,-64.986
2.9301,-64.984
2.9301,-64.983
2.9302,-64.981
2.9302,-64.981
2.9303,-64.978
2.9303,-64.978
2.9304,-64.978
2.9304,-64.972
2.9305,-64.974
2.9305,-64.972
2.9306,-64.972
2.9306,-64.972
2.9307,-64.965
2.9307,-64.965
2.9308,-64.966
2.9308,-64.964
2.9309,-64.97
2.9309,-64.965
2.931,-64.957
2.931,-64.954
2.9311,-64.946
2.9311,-64.943
2.9312,-64.943
2.9312,-64.934
2.9313,-64.928
2.9313,-64.93
2.9314,-64.923
2.9314,-64.923
2.9315,-64.912
2.9315,-64.906
2.9315,-64.906
2.9316,-64.905
2.9316,-64.901
2.9317,-64.899
2.9317,-64.897
2.9318,-64.892
2.9318,-64.889
2.9319,-64.887
2.9319,-64.885
2.932,-64.876
2.932,-64.869
2.9321,-64.86
2.9321,-64.855
2.9322,-64.853
2.9322,-64.848
2.9323,-64.842
2.9323,-64.834
2.9324,-64.823
2.9324,-64.81
2.9325,-64.801
2.9325,-64.798
2.9326,-64.798
2.9326,-64.798
2.9327,-64.794
2.9327,-64.791
2.9328,-64.789
2.9328,-64.785
2.9329,-64.781
2.9329,-64.779
2.933,-64.774
2.933,-64.763
2.9331,-64.724
2.9331,-64.673
2.9332,-64.659
2.9332,-64.647
2.9333,-64.641
2.9333,-64.637
2.9334,-64.633
2.9334,-64.628
2.9335,-64.622
2.9335,-64.618
2.9336,-64.609
2.9336,-64.601
2.9337,-64.599
2.9337,-64.603
2.9338,-64.599
2.9338,-64.59
2.9339,-64.581
2.9339,-64.578
2.934,-64.575
2.934,-64.569
2.9341,-64.553
2.9341,-64.543
2.9342,-64.542
2.9342,-64.542
2.9343,-64.542
2.9343,-64.542
2.9344,-64.544
2.9344,-64.547
2.9345,-64.542
2.9345,-64.542
2.9346,-64.533
2.9346,-64.527
2.9347,-64.527
2.9347,-64.524
2.9348,-64.524
2.9348,-64.521
2.9349,-64.52
2.9349,-64.525
2.935,-64.525
2.935,-64.525
2.9351,-64.525
2.9351,-64.525
2.9352,-64.525
2.9352,-64.525
2.9353,-64.525
2.9353,-64.529
2.9354,-64.535
2.9354,-64.538
2.9355,-64.529
2.9355,-64.529
2.9356,-64.524
2.9356,-64.502
2.9357,-64.518
2.9357,-64.518
2.9358,-64.504
2.9358,-64.497
2.9359,-64.494
2.9359,-64.491
2.936,-64.496
2.936,-64.499
2.9361,-64.48
2.9361,-64.461
2.9362,-64.47
2.9362,-64.471
2.9363,-64.473
2.9363,-64.473
2.9364,-64.475
2.9364,-64.479
2.9365,-64.482
2.9365,-64.482
2.9366,-64.482
2.9366,-64.482
2.9367,-64.482
2.9367,-64.482
2.9368,-64.489
2.9368,-64.489
2.9369,-64.492
2.9369,-64.497
2.937,-64.499
2.937,-64.499
2.9371,-64.502
2.9371,-64.508
2.9372,-64.511
2.9372,-64.511
2.9373,-64.508
2.9373,-64.511
2.9374,-64.518
2.9374,-64.527
2.9375,-64.537
2.9375,-64.545
2.9376,-64.548
2.9376,-64.552
2.9377,-64.556
2.9377,-64.557
2.9378,-64.559
2.9378,-64.57
2.9379,-64.575
2.9379,-64.585
2.938,-64.592
2.938,-64.601
2.9381,-64.61
2.9381,-64.611
2.9382,-64.612
2.9382,-64.621
2.9383,-64.631
2.9383,-64.631
2.9384,-64.63
2.9384,-64.631
2.9385,-64.633
2.9385,-64.634
2.9386,-64.625
2.9386,-64.611
2.9387,-64.6
2.9387,-64.595
2.9388,-64.594
2.9388,-64.592
2.9389,-64.589
2.9389,-64.587
2.939,-64.585
2.939,-64.583
2.9391,-64.582
2.9391,-64.577
2.9392,-64.577
2.9392,-64.572
2.9393,-64.562
2.9393,-64.546
2.9394,-64.525
2.9394,-64.504
2.9395,-64.491
2.9395,-64.491
2.9396,-64.476
2.9396,-64.459
2.9397,-64.445
2.9397,-64.436
2.9398,-64.436
2.9398,-64.431
2.9399,-64.424
2.9399,-64.424
2.94,-64.426
2.94,-64.426
2.9401,-64.421
2.9401,-64.415
2.9402,-64.409
2.9402,-64.407
2.9403,-64.405
2.9403,-64.4
2.9404,-64.396
2.9404,-64.392
2.9405,-64.389
2.9405,-64.387
2.9406,-64.389
2.9406,-64.388
2.9407,-64.386
2.9407,-64.385
2.9408,-64.383
2.9408,-64.385
2.9409,-64.385
2.9409,-64.385
2.941,-64.386
2.941,-64.386
2.9411,-64.388
2.9411,-64.388
2.9412,-64.389
2.9412,-64.393
2.9413,-64.396
2.9413,-64.396
2.9414,-64.402
2.9414,-64.407
2.9415,-64.405
2.9415,-64.407
2.9416,-64.406
2.9416,-64.41
2.9417,-64.412
2.9417,-64.412
2.9418,-64.415
2.9418,-64.417
2.9419,-64.416
2.9419,-64.421
2.942,-64.422
2.942,-64.421
2.9421,-64.431
2.9421,-64.44
2.9422,-64.446
2.9422,-64.453
2.9423,-64.461
2.9423,-64.46
2.9424,-64.465
2.9424,-64.47
2.9425,-64.476
2.9425,-64.483
2.9426,-64.487
2.9426,-64.492
2.9427,-64.497
2.9427,-64.498
2.9428,-64.502
2.9428,-64.508
2.9429,-64.513
2.9429,-64.516
2.943,-64.519
2.943,-64.524
2.9431,-64.529
2.9431,-64.531
2.9432,-64.535
2.9432,-64.547
2.9433,-64.551
2.9433,-64.551
2.9434,-64.559
2.9434,-64.561
2.9435,-64.567
2.9435,-64.575
2.9436,-64.579
2.9436,-64.582
2.9437,-64.59
2.9437,-64.595
2.9438,-64.595
2.9438,-64.596
2.9439,-64.596
2.9439,-64.601
2.944,-64.608
2.944,-64.614
2.9441,-64.618
2.9441,-64.623
2.9442,-64.627
2.9442,-64.627
2.9443,-64.63
2.9443,-64.631
2.9444,-64.634
2.9444,-64.634
2.9445,-64.636
2.9445,-64.637
2.9446,-64.638
2.9446,-64.649
2.9447,-64.649
2.9447,-64.647
2.9448,-64.651
2.9448,-64.668
2.9449,-64.685
2.9449,-64.689
2.945,-64.701
2.945,-64.717
2.9451,-64.73
2.9451,-64.735
2.9452,-64.737
2.9452,-64.751
2.9452,-64.759
2.9453,-64.76
2.9453,-64.762
2.9454,-64.764
2.9454,-64.772
2.9455,-64.778
2.9455,-64.782
2.9456,-64.785
2.9456,-64.791
2.9457,-64.791
2.9457,-64.794
2.9458,-64.798
2.9458,-64.808
2.9459,-64.818
2.9459,-64.823
2.946,-64.827
2.946,-64.83
2.9461,-64.833
2.9461,-64.837
2.9462,-64.843
2.9462,-64.85
2.9463,-64.856
2.9463,-64.862
2.9464,-64.867
2.9464,-64.869
2.9465,-64.875
2.9465,-64.886
2.9466,-64.902
2.9466,-64.91
2.9467,-64.916
2.9467,-64.921
2.9468,-64.924
2.9468,-64.926
2.9469,-64.934
2.9469,-64.943
2.947,-64.949
2.947,-64.959
2.9471,-64.968
2.9471,-64.972
2.9472,-64.975
2.9472,-64.977
2.9473,-64.981
2.9473,-64.988
2.9474,-64.988
2.9474,-64.985
2.9475,-64.988
2.9475,-64.983
2.9476,-64.981
2.9476,-64.981
2.9477,-64.983
2.9477,-64.983
2.9478,-64.983
2.9478,-64.983
2.9479,-64.984
2.9479,-64.984
2.948,-64.983
2.948,-64.983
2.9481,-64.982
2.9481,-64.98
2.9482,-64.978
2.9482,-64.978
2.9483,-64.978
2.9483,-64.978
2.9484,-64.975
2.9484,-64.978
2.9485,-64.978
2.9485,-64.981
2.9486,-64.981
2.9486,-64.979
2.9487,-64.979
2.9487,-64.98
2.9488,-64.98
2.9488,-64.979
2.9489,-64.978
2.9489,-64.981
2.949,-64.982
2.949,-64.982
2.9491,-64.982
2.9491,-64.981
2.9492,-64.984
2.9492,-64.995
2.9493,-65.004
2.9493,-65.006
2.9494,-65.007
2.9494,-65.008
2.9495,-65.01
2.9495,-65.017
2.9496,-65.023
2.9496,-65.033
2.9497,-65.039
2.9497,-65.038
2.9498,-65.032
2.9498,-65.032
2.9499,-65.024
2.9499,-65.026
2.95,-65.018
2.95,-65.017
2.9501,-65.02
2.9501,-65.02
2.9502,-65.023
2.9502,-65.022
2.9503,-65.02
2.9503,-65.015
2.9504,-64.986
2.9504,-64.965
2.9505,-64.947
2.9505,-64.934
2.9506,-64.922
2.9506,-64.911
2.9507,-64.894
2.9507,-64.858
2.9508,-64.816
2.9508,-64.782
2.9509,-64.772
2.9509,-64.754
2.951,-64.751
2.951,-64.736
2.9511,-64.733
2.9511,-64.724
2.9512,-64.73
2.9512,-64.73
2.9513,-64.732
2.9513,-64.73
2.9514,-64.727
2.9514,-64.73
2.9515,-64.728
2.9515,-64.725
2.9516,-64.722
2.9516,-64.724
2.9517,-64.727
2.9517,-64.727
2.9518,-64.73
2.9518,-64.73
2.9519,-64.73
2.9519,-64.73
2.952,-64.73
2.952,-64.737
2.9521,-64.74
2.9521,-64.741
2.9522,-64.739
2.9522,-64.741
2.9523,-64.722
2.9523,-64.716
2.9524,-64.715
2.9524,-64.715
2.9525,-64.714
2.9525,-64.714
2.9526,-64.711
2.9526,-64.711
2.9527,-64.714
2.9527,-64.716
2.9528,-64.716
2.9528,-64.721
2.9529,-64.721
2.9529,-64.719
2.953,-64.722
2.953,-64.726
2.9531,-64.727
2.9531,-64.727
2.9532,-64.72
2.9532,-64.713
2.9533,-64.713
2.9533,-64.713
2.9534,-64.708
2.9534,-64.711
2.9535,-64.711
2.9535,-64.711
2.9536,-64.711
2.9536,-64.711
2.9537,-64.709
2.9537,-64.709
2.9538,-64.71
2.9538,-64.709
2.9539,-64.707
2.9539,-64.699
2.954,-64.692
2.954,-64.688
2.9541,-64.685
2.9541,-64.682
2.9542,-64.682
2.9542,-64.674
2.9543,-64.673
2.9543,-64.676
2.9544,-64.671
2.9544,-64.668
2.9545,-64.663
2.9545,-64.663
2.9546,-64.654
2.9546,-64.65
2.9547,-64.648
2.9547,-64.644
2.9548,-64.633
2.9548,-64.623
2.9549,-64.622
2.9549,-64.616
2.955,-64.61
2.955,-64.609
2.9551,-64.611
2.9551,-64.611
2.9552,-64.608
2.9552,-64.613
2.9553,-64.615
2.9553,-64.617
2.9554,-64.617
2.9554,-64.617
2.9555,-64.615
2.9555,-64.615
2.9556,-64.615
2.9556,-64.615
2.9557,-64.615
2.9557,-64.615
2.9558,-64.609
2.9558,-64.609
2.9559,-64.611
2.9559,-64.613
2.956,-64.611
2.956,-64.614
2.9561,-64.618
2.9561,-64.621
2.9562,-64.63
2.9562,-64.64
2.9563,-64.643
2.9563,-64.639
2.9564,-64.63
2.9564,-64.639
2.9565,-64.643
2.9565,-64.647
2.9566,-64.648
2.9566,-64.648
2.9567,-64.65
2.9567,-64.661
2.9568,-64.666
2.9568,-64.669
2.9569,-64.669
2.9569,-64.672
2.957,-64.674
2.957,-64.682
2.9571,-64.692
2.9571,-64.692
2.9572,-64.693
2.9572,-64.691
2.9573,-64.701
2.9573,-64.717
2.9574,-64.721
2.9574,-64.734
2.9575,-64.75
2.9575,-64.75
2.9576,-64.752
2.9576,-64.758
2.9577,-64.776
2.9577,-64.776
2.9578,-64.776
2.9578,-64.78
2.9579,-64.78
2.9579,-64.78
2.958,-64.783
2.958,-64.783
2.9581,-64.783
2.9581,-64.785
2.9582,-64.785
2.9582,-64.785
2.9583,-64.783
2.9583,-64.783
2.9584,-64.783
2.9584,-64.785
2.9585,-64.792
2.9585,-64.798
2.9586,-64.795
2.9586,-64.795
2.9587,-64.785
2.9587,-64.779
2.9588,-64.788
2.9588,-64.798
2.9589,-64.805
2.9589,-64.806
2.9589,-64.809
2.959,-64.806
2.959,-64.811
2.9591,-64.816
2.9591,-64.813
2.9592,-64.813
2.9592,-64.816
2.9593,-64.816
2.9593,-64.816
2.9594,-64.816
2.9594,-64.815
2.9595,-64.815
2.9595,-64.812
2.9596,-64.812
2.9596,-64.812
2.9597,-64.814
2.9597,-64.814
2.9598,-64.814
2.9598,-64.819
2.9599,-64.819
2.9599,-64.819
2.96,-64.823
2.96,-64.824
2.9601,-64.826
2.9601,-64.829
2.9602,-64.83
2.9602,-64.84
2.9603,-64.85
2.9603,-64.854
2.9604,-64.855
2.9604,-64.853
2.9605,-64.852
2.9605,-64.846
2.9606,-64.849
2.9606,-64.85
2.9607,-64.846
2.9607,-64.841
2.9608,-64.841
2.9608,-64.841
2.9609,-64.846
2.9609,-64.848
2.961,-64.852
2.961,-64.852
2.9611,-64.845
2.9611,-64.845
2.9612,-64.849
2.9612,-64.849
2.9613,-64.852
2.9613,-64.854
2.9614,-64.863
2.9614,-64.869
2.9615,-64.872
2.9615,-64.872
2.9616,-64.875
2.9616,-64.879
2.9617,-64.883
2.9617,-64.885
2.9618,-64.884
2.9618,-64.888
2.9619,-64.891
2.9619,-64.89
2.962,-64.891
2.962,-64.907
2.9621,-64.924
2.9621,-64.926
2.9622,-64.927
2.9622,-64.927
2.9623,-64.927
2.9623,-64.926
2.9624,-64.927
2.9624,-64.929
2.9625,-64.93
2.9625,-64.93
2.9626,-64.93
2.9626,-64.933
2.9627,-64.932
2.9627,-64.933
2.9628,-64.939
2.9628,-64.947
2.9629,-64.952
2.9629,-64.961
2.963,-64.967
2.963,-64.972
2.9631,-64.972
2.9631,-64.976
2.9632,-64.984
2.9632,-64.994
2.9633,-65.001
2.9633,-65.007
2.9634,-65.007
2.9634,-65.001
2.9635,-64.996
2.9635,-64.994
2.9636,-64.996
2.9636,-65.001
2.9637,-65.01
2.9637,-65.014
2.9638,-65.017
2.9638,-65.017
2.9639,-65.017
2.9639,-65.019
2.964,-65.019
2.964,-65.019
2.9641,-65.02
2.9641,-65.024
2.9642,-65.038
2.9642,-65.038
2.9643,-65.033
2.9643,-65.039
2.9644,-65.042
2.9644,-65.042
2.9645,-65.038
2.9645,-65.025
2.9646,-65.008
2.9646,-65.007
2.9647,-65.006
2.9647,-65.006
2.9648,-64.998
2.9648,-64.995
2.9649,-64.991
2.9649,-64.988
2.965,-64.981
2.965,-64.978
2.9651,-64.974
2.9651,-64.971
2.9652,-64.971
2.9652,-64.971
2.9653,-64.965
2.9653,-64.962
2.9654,-64.953
2.9654,-64.948
2.9655,-64.947
2.9655,-64.951
2.9656,-64.962
2.9656,-64.956
2.9657,-64.957
2.9657,-64.952
2.9658,-64.956
2.9658,-64.964
2.9659,-64.969
2.9659,-64.975
2.966,-64.979
2.966,-64.982
2.9661,-64.982
2.9661,-64.975
2.9662,-64.966
2.9662,-64.966
2.9663,-64.962
2.9663,-64.961
2.9664,-64.965
2.9664,-64.965
2.9665,-64.964
2.9665,-64.963
2.9666,-64.962
2.9666,-64.96
2.9667,-64.959
2.9667,-64.959
2.9668,-64.954
2.9668,-64.954
2.9669,-64.954
2.9669,-64.941
2.967,-64.935
2.967,-64.923
2.9671,-64.917
2.9671,-64.911
2.9672,-64.908
2.9672,-64.904
2.9673,-64.9
2.9673,-64.899
2.9674,-64.891
2.9674,-64.872
2.9675,-64.844
2.9675,-64.827
2.9676,-64.824
2.9676,-64.823
2.9677,-64.822
2.9677,-64.818
2.9678,-64.81
2.9678,-64.815
2.9679,-64.82
2.9679,-64.82
2.968,-64.819
2.968,-64.814
2.9681,-64.817
2.9681,-64.825
2.9682,-64.832
2.9682,-64.83
2.9683,-64.83
2.9683,-64.83
2.9684,-64.83
2.9684,-64.83
2.9685,-64.827
2.9685,-64.824
2.9686,-64.824
2.9686,-64.827
2.9687,-64.826
2.9687,-64.825
2.9688,-64.817
2.9688,-64.827
2.9689,-64.83
2.9689,-64.832
2.969,-64.835
2.969,-64.835
2.9691,-64.841
2.9691,-64.846
2.9692,-64.848
2.9692,-64.85
2.9693,-64.841
2.9693,-64.834
2.9694,-64.83
2.9694,-64.832
2.9695,-64.837
2.9695,-64.837
2.9696,-64.84
2.9696,-64.836
2.9697,-64.832
2.9697,-64.834
2.9698,-64.84
2.9698,-64.834
2.9699,-64.84
2.9699,-64.845
2.97,-64.843
2.97,-64.843
2.9701,-64.84
2.9701,-64.836
2.9702,-64.836
2.9702,-64.836
2.9703,-64.834
2.9703,-64.833
2.9704,-64.83
2.9704,-64.829
2.9705,-64.83
2.9705,-64.83
2.9706,-64.829
2.9706,-64.827
2.9707,-64.827
2.9707,-64.82
2.9708,-64.812
2.9708,-64.804
2.9709,-64.794
2.9709,-64.795
2.971,-64.794
2.971,-64.801
2.9711,-64.799
2.9711,-64.796
2.9712,-64.79
2.9712,-64.79
2.9713,-64.788
2.9713,-64.788
2.9714,-64.788
2.9714,-64.794
2.9715,-64.794
2.9715,-64.794
2.9716,-64.794
2.9716,-64.794
2.9717,-64.793
2.9717,-64.791
2.9718,-64.791
2.9718,-64.796
2.9719,-64.798
2.9719,-64.8
2.972,-64.807
2.972,-64.81
2.9721,-64.81
2.9721,-64.813
2.9722,-64.817
2.9722,-64.81
2.9723,-64.81
2.9723,-64.813
2.9724,-64.817
2.9724,-64.82
2.9725,-64.822
2.9725,-64.819
2.9726,-64.82
2.9726,-64.822
2.9726,-64.824
2.9727,-64.827
2.9727,-64.829
2.9728,-64.83
2.9728,-64.832
2.9729,-64.832
2.9729,-64.832
2.973,-64.836
2.973,-64.836
2.9731,-64.84
2.9731,-64.843
2.9732,-64.856
2.9732,-64.861
2.9733,-64.861
2.9733,-64.861
2.9734,-64.866
2.9734,-64.875
2.9735,-64.882
2.9735,-64.885
2.9736,-64.893
2.9736,-64.903
2.9737,-64.906
2.9737,-64.909
2.9738,-64.909
2.9738,-64.908
2.9739,-64.914
2.9739,-64.92
2.974,-64.92
2.974,-64.92
2.9741,-64.927
2.9741,-64.93
2.9742,-64.932
2.9742,-64.933
2.9743,-64.933
2.9743,-64.933
2.9744,-64.935
2.9744,-64.939
2.9745,-64.947
2.9745,-64.955
2.9746,-64.956
2.9746,-64.962
2.9747,-64.972
2.9747,-64.978
2.9748,-64.98
2.9748,-64.983
2.9749,-64.986
2.9749,-64.987
2.975,-64.988
2.975,-64.981
2.9751,-64.979
2.9751,-64.978
2.9752,-64.978
2.9752,-64.975
2.9753,-64.972
2.9753,-64.972
2.9754,-64.972
2.9754,-64.959
2.9755,-64.954
2.9755,-64.954
2.9756,-64.946
2.9756,-64.943
2.9757,-64.943
2.9757,-64.942
2.9758,-64.939
2.9758,-64.936
2.9759,-64.933
2.9759,-64.929
2.976,-64.923
2.976,-64.923
2.9761,-64.927
2.9761,-64.935
2.9762,-64.938
2.9762,-64.938
2.9763,-64.938
2.9763,-64.938
2.9764,-64.95
2.9764,-64.958
2.9765,-64.962
2.9765,-64.962
2.9766,-64.96
2.9766,-64.961
2.9767,-64.963
2.9767,-64.969
2.9768,-64.966
2.9768,-64.965
2.9769,-64.972
2.9769,-64.972
2.977,-64.97
2.977,-64.971
2.9771,-64.966
2.9771,-64.966
2.9772,-64.966
2.9772,-64.966
2.9773,-64.966
2.9773,-64.976
2.9774,-64.978
2.9774,-64.979
2.9775,-64.979
2.9775,-64.979
2.9776,-64.979
2.9776,-64.981
2.9777,-64.968
2.9777,-64.968
2.9778,-64.97
2.9778,-64.972
2.9779,-64.973
2.9779,-64.971
2.978,-64.973
2.978,-64.973
2.9781,-64.971
2.9781,-64.971
2.9782,-64.97
2.9782,-64.97
2.9783,-64.97
2.9783,-64.97
2.9784,-64.97
2.9784,-64.965
2.9785,-64.967
2.9785,-64.968
2.9786,-64.968
2.9786,-64.973
2.9787,-64.973
2.9787,-64.968
2.9788,-64.956
2.9788,-64.948
2.9789,-64.945
2.9789,-64.947
2.979,-64.946
2.979,-64.946
2.9791,-64.943
2.9791,-64.937
2.9792,-64.937
2.9792,-64.937
2.9793,-64.935
2.9793,-64.927
2.9794,-64.92
2.9794,-64.917
2.9795,-64.922
2.9795,-64.919
2.9796,-64.912
2.9796,-64.91
2.9797,-64.904
2.9797,-64.906
2.9798,-64.908
2.9798,-64.908
2.9799,-64.908
2.9799,-64.91
2.98,-64.916
2.98,-64.927
2.9801,-64.935
2.9801,-64.927
2.9802,-64.923
2.9802,-64.928
2.9803,-64.931
2.9803,-64.928
2.9804,-64.93
2.9804,-64.927
2.9805,-64.925
2.9805,-64.92
2.9806,-64.921
2.9806,-64.925
2.9807,-64.935
2.9807,-64.944
2.9808,-64.947
2.9808,-64.949
2.9809,-64.949
2.9809,-64.951
2.981,-64.946
2.981,-64.943
2.9811,-64.941
2.9811,-64.939
2.9812,-64.935
2.9812,-64.932
2.9813,-64.927
2.9813,-64.928
2.9814,-64.933
2.9814,-64.943
2.9815,-64.943
2.9815,-64.943
2.9816,-64.952
2.9816,-64.956
2.9817,-64.96
2.9817,-64.965
2.9818,-64.965
2.9818,-64.965
2.9819,-64.967
2.9819,-64.962
2.982,-64.959
2.982,-64.956
2.9821,-64.95
2.9821,-64.956
2.9822,-64.96
2.9822,-64.959
2.9823,-64.957
2.9823,-64.949
2.9824,-64.942
2.9824,-64.937
2.9825,-64.938
2.9825,-64.934
2.9826,-64.927
2.9826,-64.924
2.9827,-64.93
2.9827,-64.93
2.9828,-64.928
2.9828,-64.927
2.9829,-64.93
2.9829,-64.933
2.983,-64.933
2.983,-64.929
2.9831,-64.923
2.9831,-64.913
2.9832,-64.905
2.9832,-64.907
2.9833,-64.905
2.9833,-64.902
2.9834,-64.902
2.9834,-64.912
2.9835,-64.92
2.9835,-64.92
2.9836,-64.917
2.9836,-64.915
2.9837,-64.92
2.9837,-64.922
2.9838,-64.923
2.9838,-64.923
2.9839,-64.921
2.9839,-64.918
2.984,-64.914
2.984,-64.918
2.9841,-64.92
2.9841,-64.922
2.9842,-64.927
2.9842,-64.928
2.9843,-64.933
2.9843,-64.949
2.9844,-64.965
2.9844,-64.972
2.9845,-64.972
2.9845,-64.975
2.9846,-64.98
2.9846,-64.984
2.9847,-64.981
2.9847,-64.981
2.9848,-64.984
2.9848,-64.985
2.9849,-64.99
2.9849,-64.994
2.985,-64.997
2.985,-64.999
2.9851,-65.004
2.9851,-65.006
2.9852,-65.018
2.9852,-65.018
2.9853,-65.028
2.9853,-65.037
2.9854,-65.045
2.9854,-65.046
2.9855,-65.05
2.9855,-65.056
2.9856,-65.059
2.9856,-65.068
2.9857,-65.078
2.9857,-65.084
2.9858,-65.092
2.9858,-65.097
2.9859,-65.099
2.9859,-65.103
2.986,-65.099
2.986,-65.102
2.9861,-65.109
2.9861,-65.115
2.9862,-65.118
2.9862,-65.118
2.9863,-65.12
2.9863,-65.129
2.9863,-65.136
2.9864,-65.136
2.9864,-65.136
2.9865,-65.136
2.9865,-65.137
2.9866,-65.138
2.9866,-65.139
2.9867,-65.139
2.9867,-65.137
2.9868,-65.131
2.9868,-65.126
2.9869,-65.125
2.9869,-65.125
2.987,-65.126
2.987,-65.126
2.9871,-65.129
2.9871,-65.136
2.9872,-65.141
2.9872,-65.139
2.9873,-65.146
2.9873,-65.142
2.9874,-65.148
2.9874,-65.157
2.9875,-65.157
2.9875,-65.154
2.9876,-65.161
2.9876,-65.163
2.9877,-65.158
2.9877,-65.166
2.9878,-65.158
2.9878,-65.153
2.9879,-65.143
2.9879,-65.134
2.988,-65.13
2.988,-65.123
2.9881,-65.111
2.9881,-65.102
2.9882,-65.093
2.9882,-65.084
2.9883,-65.08
2.9883,-65.077
2.9884,-65.075
2.9884,-65.073
2.9885,-65.063
2.9885,-65.052
2.9886,-65.049
2.9886,-65.049
2.9887,-65.049
2.9887,-65.049
2.9888,-65.044
2.9888,-65.048
2.9889,-65.048
2.9889,-65.049
2.989,-65.051
2.989,-65.051
2.9891,-65.049
2.9891,-65.049
2.9892,-65.049
2.9892,-65.052
2.9893,-65.054
2.9893,-65.054
2.9894,-65.052
2.9894,-65.046
2.9895,-65.017
2.9895,-64.969
2.9896,-64.939
2.9896,-64.923
2.9897,-64.921
2.9897,-64.921
2.9898,-64.92
2.9898,-64.918
2.9899,-64.918
2.9899,-64.918
2.99,-64.918
2.99,-64.923
2.9901,-64.924
2.9901,-64.915
2.9902,-64.898
2.9902,-64.898
2.9903,-64.906
2.9903,-64.908
2.9904,-64.903
2.9904,-64.907
2.9905,-64.909
2.9905,-64.91
2.9906,-64.91
2.9906,-64.913
2.9907,-64.911
2.9907,-64.908
2.9908,-64.905
2.9908,-64.904
2.9909,-64.901
2.9909,-64.907
2.991,-64.907
2.991,-64.906
2.9911,-64.902
2.9911,-64.899
2.9912,-64.898
2.9912,-64.907
2.9913,-64.917
2.9913,-64.927
2.9914,-64.939
2.9914,-64.939
2.9915,-64.937
2.9915,-64.939
2.9916,-64.939
2.9916,-64.943
2.9917,-64.947
2.9917,-64.952
2.9918,-64.955
2.9918,-64.954
2.9919,-64.956
2.9919,-64.967
2.992,-64.983
2.992,-64.998
2.9921,-65.009
2.9921,-65.01
2.9922,-65.009
2.9922,-65.008
2.9923,-65.016
2.9923,-65.013
2.9924,-65.005
2.9924,-64.992
2.9925,-64.977
2.9925,-64.975
2.9926,-64.976
2.9926,-64.975
2.9927,-64.973
2.9927,-64.975
2.9928,-64.976
2.9928,-64.97
2.9929,-64.962
2.9929,-64.952
2.993,-64.943
2.993,-64.941
2.9931,-64.941
2.9931,-64.933
2.9932,-64.933
2.9932,-64.93
2.9933,-64.927
2.9933,-64.927
2.9934,-64.924
2.9934,-64.924
2.9935,-64.927
2.9935,-64.923
2.9936,-64.923
2.9936,-64.93
2.9937,-64.943
2.9937,-64.943
2.9938,-64.947
2.9938,-64.943
2.9939,-64.937
2.9939,-64.936
2.994,-64.942
2.994,-64.942
2.9941,-64.939
2.9941,-64.94
2.9942,-64.946
2.9942,-64.946
2.9943,-64.946
2.9943,-64.952
2.9944,-64.954
2.9944,-64.952
2.9945,-64.95
2.9945,-64.946
2.9946,-64.941
2.9946,-64.939
2.9947,-64.941
2.9947,-64.946
2.9948,-64.952
2.9948,-64.96
2.9949,-64.96
2.9949,-64.955
2.995,-64.955
2.995,-64.956
2.9951,-64.961
2.9951,-64.966
2.9952,-64.965
2.9952,-64.966
2.9953,-64.968
2.9953,-64.975
2.9954,-64.981
2.9954,-64.984
2.9955,-64.988
2.9955,-64.99
2.9956,-64.99
2.9956,-64.994
2.9957,-64.994
2.9957,-64.994
2.9958,-64.991
2.9958,-64.995
2.9959,-65
2.9959,-64.997
2.996,-64.993
2.996,-64.995
2.9961,-64.996
2.9961,-64.997
2.9962,-64.997
2.9962,-64.997
2.9963,-64.997
2.9963,-64.998
2.9964,-65
2.9964,-65.001
2.9965,-65.003
2.9965,-65.005
2.9966,-65.005
2.9966,-65.009
2.9967,-65.007
2.9967,-65.009
2.9968,-65.009
2.9968,-65.007
2.9969,-65.007
2.9969,-65.007
2.997,-65.007
2.997,-65.007
2.9971,-65.009
2.9971,-65.011
2.9972,-65.02
2.9972,-65.023
2.9973,-65.023
2.9973,-65.02
2.9974,-65.023
2.9974,-65.027
2.9975,-65.03
2.9975,-65.03
2.9976,-65.028
2.9976,-65.03
2.9977,-65.032
2.9977,-65.033
2.9978,-65.034
2.9978,-65.035
2.9979,-65.032
2.9979,-65.036
2.998,-65.039
2.998,-65.042
2.9981,-65.041
2.9981,-65.039
2.9982,-65.041
2.9982,-65.042
2.9983,-65.045
2.9983,-65.042
2.9984,-65.04
2.9984,-65.04
2.9985,-65.04
2.9985,-65.039
2.9986,-65.039
2.9986,-65.039
2.9987,-65.037
2.9987,-65.036
2.9988,-65.04
2.9988,-65.039
2.9989,-65.033
2.9989,-65.032
2.999,-65.03
2.999,-65.03
2.9991,-65.03
2.9991,-65.03
2.9992,-65.03
2.9992,-65.02
2.9993,-65.02
2.9993,-65.023
2.9994,-65.029
2.9994,-65.026
2.9995,-65.027
2.9995,-65.033
2.9996,-65.044
2.9996,-65.049
2.9997,-65.042
2.9997,-65.04
2.9998,-65.036
2.9998,-65.034
2.9999,-65.035
2.9999,-65.035
3,-65.034
